2.240725623,258.894,[4] 
2.246530612,253.246,[4] 
2.252335600,251.204,[4] 
2.258140589,0,[4] 
2.263945578,232.715,[4] 
2.269750566,255.103,[4] 
2.275555555,259.516,[4] 
2.281360544,259.058,[4] 
2.287165532,261.868,[4] 
2.292970521,263.746,[4] 
2.298775510,251.707,[4] 
2.304580498,246.255,[4] 
2.310385487,248.121,[4] 
2.316190476,246.58,[4] 
2.321995464,246.512,[4] 
2.327800453,248.789,[4] 
2.333605442,246.769,[4] 
2.339410430,248.391,[4] 
2.345215419,247.669,[4] 
2.351020408,245.489,[4] 
2.356825396,246.735,[4] 
2.362630385,248.389,[4] 
2.368435374,249.092,[4] 
2.374240362,248.752,[4] 
2.380045351,248.428,[4] 
2.385850340,241.105,[4] 
2.391655328,234.746,[4] 
2.397460317,243.309,[4] 
2.403265306,241.71,[4] 
2.409070294,240.795,[4] 
2.414875283,243.29,[4] 
2.420680272,241.595,[4] 
2.426485260,243.835,[4] 
2.432290249,244.834,[4] 
2.438095238,236.417,[4] 
2.443900226,238.543,[4] 
2.449705215,237.492,[4] 
2.455510204,235.112,[4] 
2.461315192,235.802,[4] 
2.467120181,230.228,[4] 
2.472925170,227.853,[4] 
2.478730158,226.018,[4] 
2.484535147,230.949,[4] 
2.490340136,237.499,[4] 
2.496145124,241.507,[4] 
2.501950113,242.933,[4] 
2.507755102,239.38,[4] 
2.513560090,237.413,[4] 
2.519365079,233.824,[4] 
2.525170068,229.711,[4] 
2.530975056,228.293,[4] 
2.536780045,225.857,[4] 
2.542585034,226.675,[4] 
2.548390022,227.179,[4] 
2.554195011,225.286,[4] 
2.560000000,224.874,[4] 
2.565804988,224.528,[4] 
2.571609977,224.609,[4] 
2.577414965,225.403,[4] 
2.583219954,220.698,[4] 
2.589024943,217.712,[4] 
2.594829931,218.041,[4] 
2.600634920,214.953,[4] 
2.606439909,215.067,[4] 
2.612244897,211.874,[4] 
2.618049886,215.061,[4] 
2.623854875,216.401,[4] 
2.629659863,220.365,[4] 
2.635464852,224.681,[4] 
2.641269841,218.445,[4] 
2.647074829,217.889,[4] 
2.652879818,213.683,[4] 
2.658684807,213.258,[4] 
2.664489795,212.554,[4] 
2.670294784,211.638,[4] 
2.676099773,212.963,[4] 
2.681904761,211.798,[4] 
2.687709750,209.947,[4] 
2.693514739,208.729,[4] 
2.699319727,206.565,[4] 
2.705124716,205.364,[4] 
2.710929705,209.989,[4] 
2.716734693,209.656,[4] 
2.722539682,203.844,[4] 
2.728344671,204.078,[4] 
2.734149659,195.432,[4] 
2.739954648,196.806,[4] 
2.745759637,196.101,[4] 
2.751564625,192.714,[4] 
2.757369614,193.94,[4] 
2.763174603,193.389,[4] 
2.768979591,194.295,[4] 
2.774784580,192.954,[4] 
2.780589569,193.469,[4] 
2.786394557,195.467,[4] 
2.792199546,194.763,[4] 
2.798004535,193.169,[4] 
2.803809523,191.945,[4] 
2.809614512,190.846,[4] 
2.815419501,192.136,[4] 
2.821224489,196.797,[4] 
2.827029478,197.486,[4] 
2.832834467,193.797,[4] 
2.838639455,192.462,[4] 
2.844444444,189.141,[4] 
2.850249433,184.253,[4] 
2.856054421,184.699,[4] 
2.861859410,187.4,[4] 
2.867664399,189.913,[4] 
2.873469387,191.241,[4] 
2.879274376,191.455,[4] 
2.885079365,188.38,[4] 
2.890884353,182.01,[4] 
2.896689342,183.644,[4] 
2.902494331,184.217,[4] 
2.908299319,182.481,[4] 
2.914104308,185.533,[4] 
2.919909297,183.733,[4] 
2.925714285,170.96,[4] 
2.931519274,153.775,[4] 
2.937324263,166.831,[4] 
2.943129251,179.426,[4] 
2.948934240,189.261,[4] 
2.954739229,189.308,[4] 
2.960544217,191.61,[4] 
2.966349206,190.583,[4] 
2.972154195,190.757,[4] 
2.977959183,183.072,[4] 
2.983764172,181.273,[4] 
2.989569160,181.689,[4] 
2.995374149,180.393,[4] 
3.001179138,180.575,[4] 
3.006984126,181.291,[4] 
3.012789115,181.143,[4] 
3.018594104,183.025,[4] 
4.597551020,271.368
4.603356009,274.425
4.609160997,274.115
4.614965986,270.204
4.620770975,267.96
4.626575963,263.44
4.632380952,261.833
4.638185941,260.84
4.643990929,260.92
4.649795918,262.884
4.655600907,267.376
4.661405895,275.063
4.667210884,277.259
4.673015873,278.429
4.678820861,278.973
4.684625850,279.931
4.690430839,281.127
4.696235827,283.92
4.702040816,288.104
4.707845804,292.904
4.713650793,297.675
4.719455782,301.335
4.725260770,303.932
4.731065759,305.999
4.736870748,307.802
4.742675736,308.588
4.748480725,309.223
4.754285714,308.835
4.760090702,306.13
4.765895691,304.432
4.771700680,302.201
4.777505668,301.506
4.783310657,300.341
4.789115646,301.161
4.794920634,301.219
4.800725623,302.654
4.806530612,303.856
4.812335600,304.492
4.818140589,306.013
4.823945578,306.936
4.829750566,307.663
4.835555555,310.236
4.841360544,312.927
4.847165532,315.16
4.852970521,318.905
4.858775510,319.679
4.864580498,319.806
4.870385487,319.404
4.876190476,318.506
4.881995464,316.935
4.887800453,314.083
4.893605442,310.249
4.899410430,307.933
4.905215419,307.944
4.911020408,295.467
4.916825396,292.029
4.922630385,289.67
4.928435374,289.053
4.934240362,278.008
4.940045351,277.5
4.945850340,273.291
4.951655328,271.168
4.957460317,267.93
4.963265306,267.716
4.969070294,266.977
4.974875283,266.066
4.980680272,264.179
4.986485260,263.196
4.992290249,260.639
4.998095238,259.085
5.003900226,257.391
5.009705215,256.799
5.015510204,253.845
5.021315192,253.975
5.027120181,253.005
5.032925170,254.203
5.038730158,254.567
5.044535147,251.907
5.050340136,253.503
5.056145124,252.25
5.061950113,252.979
5.067755102,253.486
5.073560090,252.198
5.079365079,250.712
5.085170068,251.029
5.090975056,252.895
5.096780045,253.947
5.102585034,256.228
5.108390022,257.735
5.114195011,259.436
5.120000000,257.142
5.125804988,251.098
5.131609977,252.767
5.137414965,253.339
5.143219954,249.755
5.149024943,246.768
5.154829931,242.835
5.160634920,236.696
5.166439909,235.591
5.172244897,234.429
5.178049886,233.658
5.183854875,227.61
5.189659863,228.743
5.195464852,228.949
5.201269841,228.347
5.207074829,229.811
5.212879818,229.898
5.218684807,213.262
5.224489795,216.812
5.230294784,217.34
5.236099773,217.812
5.241904761,217.272
5.247709750,216.327
5.253514739,214.937
5.259319727,214.24
5.265124716,214.21
5.270929705,214.11
5.276734693,214.214
5.462494331,253.31
5.468299319,252.526
5.474104308,251.083
5.479909297,249.671
5.485714285,249.636
5.491519274,249.249
5.497324263,248.83
5.503129251,248.895
5.508934240,249.651
5.514739229,248.824
5.520544217,248.275
5.526349206,248.208
5.532154195,247.2
5.537959183,246.944
5.543764172,247.719
5.549569160,248.329
5.555374149,249.574
5.561179138,250.638
5.566984126,251.521
5.572789115,252.655
5.578594104,253.784
5.584399092,255.322
5.590204081,255.736
5.596009070,255.89
5.601814058,255.632
5.607619047,255.167
5.613424036,255.423
5.619229024,256.515
5.625034013,257.83
5.630839002,259.699
5.636643990,260.616
5.642448979,262.308
5.648253968,263.495
5.654058956,264.678
5.659863945,265.034
5.665668934,264.773
5.752743764,272.287
5.758548752,272.528
5.764353741,272.577
5.770158730,272.64
5.775963718,273.088
5.781768707,273.655
5.787573696,274.112
5.793378684,274.452
5.799183673,274.228
5.804988662,273.709
5.810793650,273.147
5.816598639,272.397
5.822403628,271.612
5.828208616,270.937
5.834013605,270.453
5.839818594,270.014
5.845623582,269.916
5.851428571,269.701
5.857233560,269.844
5.863038548,270.29
5.868843537,271.148
5.874648526,272.319
5.880453514,274.386
5.886258503,276.013
5.892063492,277.758
5.897868480,279.263
5.903673469,280.716
5.909478458,281.872
5.915283446,282.698
5.921088435,283.427
5.926893424,283.584
5.932698412,283.016
5.938503401,281.944
5.944308390,280.062
5.950113378,277.575
5.955918367,275.287
5.961723356,273.748
5.990748299,270.272
5.996553287,271.31
6.002358276,273.295
6.008163265,275.312
6.013968253,277.418
6.019773242,279.014
6.025578231,280.41
6.031383219,282.025
6.037188208,282.689
6.042993197,283.138
6.048798185,283.216
6.054603174,282.835
6.060408163,282.698
6.066213151,282.562
6.072018140,282.709
6.077823129,282.973
6.083628117,283.452
6.089433106,283.418
6.095238095,282.837
6.101043083,281.607
6.106848072,280.504
6.112653061,279.768
6.118458049,279.185
6.124263038,279.852
6.246167800,232.894
6.251972789,239.151
6.257777777,240.379
6.263582766,241.837
6.269387755,243.336
6.275192743,242.538
6.280997732,241.907
6.286802721,242.876
6.292607709,242.52
6.298412698,228.615
6.304217687,226.344
6.310022675,226.806
6.315827664,230.113
6.321632653,232.792
6.327437641,233.734
6.333242630,235.5
6.339047619,235.552
6.344852607,233.9
6.350657596,232.063
6.356462585,228.982
6.362267573,226.883
6.368072562,217.462
6.373877551,216.391
6.379682539,230.166
6.385487528,230.748
6.391292517,228.647
6.397097505,227.566
6.402902494,225.846
6.408707482,225.148
6.414512471,224.214
6.420317460,224.524
6.426122448,225.881
6.431927437,227.08
6.437732426,227.966
6.443537414,226.943
6.449342403,226.707
6.455147392,227.461
6.460952380,228.949
6.466757369,230.498
6.472562358,233.29
6.478367346,234.836
6.484172335,235.998
6.489977324,237.075
6.495782312,237.19
6.501587301,236.24
6.507392290,234.179
6.513197278,231.654
6.519002267,229.982
6.524807256,228.822
6.530612244,227.463
6.536417233,214.732
6.542222222,210.363
6.548027210,206.493
6.553832199,204.011
6.559637188,202.194
6.565442176,200.645
6.571247165,198.264
6.577052154,196.552
6.582857142,194.885
6.588662131,193.507
6.594467120,193.418
6.600272108,194.223
6.606077097,196.022
6.611882086,197.734
6.617687074,199.914
6.623492063,202.322
6.629297052,204.467
6.635102040,206.74
6.640907029,209.228
6.646712018,211.923
6.652517006,214.163
6.658321995,215.311
6.664126984,215.838
6.669931972,215.208
6.675736961,213.449
6.681541950,211.727
6.687346938,209.728
6.693151927,207.583
6.698956916,205.278
6.704761904,203.031
6.710566893,200.592
6.716371882,199.521
6.722176870,197.859
6.727981859,194.542
6.733786848,190.174
6.739591836,187.994
6.745396825,186.633
6.751201814,186.401
6.757006802,187.168
6.762811791,188.089
6.768616780,189.777
6.774421768,192.245
6.780226757,194.926
6.786031746,196.467
6.791836734,198.36
6.797641723,200.093
6.803446712,202.654
6.809251700,207.904
6.815056689,210.598
6.820861678,211.869
6.826666666,215.004
6.832471655,215.817
6.838276643,216.552
6.844081632,211.704
6.849886621,210.588
6.855691609,208.336
6.861496598,200.544
6.867301587,200.714
6.873106575,196.583
6.878911564,195.729
6.884716553,192.748
6.890521541,191.367
6.896326530,190.517
6.902131519,189.908
6.907936507,188.334
6.913741496,187.872
6.919546485,187.651
6.925351473,188.98
6.931156462,190.524
6.936961451,191.75
6.942766439,193.105
6.948571428,195.024
6.954376417,198.167
6.960181405,201.174
6.965986394,204.855
6.971791383,204.852
6.977596371,206.518
6.983401360,206.239
6.989206349,206.286
6.995011337,207.989
7.000816326,206.797
7.006621315,207.096
7.012426303,206.067
7.018231292,204.701
7.024036281,203.701
7.029841269,202.063
7.035646258,200.388
7.041451247,198.812
7.047256235,197.116
7.053061224,195.325
7.058866213,193.361
7.064671201,192.599
7.070476190,191.748
7.076281179,191.622
7.082086167,190.946
7.087891156,191.123
7.093696145,197.153
7.099501133,198.011
7.105306122,198.183
7.111111111,198.076
7.116916099,197.69
7.122721088,196.646
7.128526077,195.586
7.134331065,195.147
7.140136054,195.067
7.145941043,192.42
7.151746031,187.868
7.157551020,183.794
7.163356009,179.543
8.939682539,286.995
8.945487528,288.289
8.951292517,287.113
8.957097505,286.775
8.962902494,287.601
8.968707482,288.809
8.974512471,289.805
8.980317460,290.535
8.986122448,290.895
8.991927437,290.815
8.997732426,290.935
9.003537414,290.861
9.009342403,290.472
9.015147392,290.255
9.020952380,289.296
9.026757369,287.515
9.032562358,285.709
9.038367346,284.278
9.044172335,284.342
9.049977324,285.254
9.055782312,281.167
9.061587301,275.273
9.067392290,278.524
9.073197278,280.643
9.079002267,284.051
9.084807256,284.499
9.090612244,285.176
9.096417233,288.145
9.102222222,283.116
9.108027210,285.007
9.189297052,280.553
9.195102040,278.898
9.200907029,281.414
9.206712018,281.768
9.212517006,287.809
9.218321995,293.408
9.224126984,299.264
9.229931972,302.272
9.235736961,302.539
9.241541950,304.376
9.247346938,305.615
9.253151927,305.952
9.258956916,308.113
9.264761904,309.61
9.270566893,312.468
9.276371882,320.518
9.282176870,323.794
9.287981859,324.207
9.293786848,323.946
9.299591836,322.404
9.305396825,320.892
9.311201814,319.889
9.317006802,319.23
9.322811791,321.276
9.328616780,321.987
9.334421768,322.278
9.340226757,323.242
9.346031746,322.039
9.351836734,324.402
9.357641723,324.919
9.363446712,325.003
9.369251700,325.499
9.375056689,324.49
9.380861678,324.052
9.386666666,321.536
9.392471655,318.696
9.398276643,314.605
9.404081632,312.436
9.409886621,312.944
9.415691609,311.728
9.421496598,310.489
9.427301587,307.81
9.433106575,307.874
9.479546485,294.002
9.485351473,294.041
9.491156462,292.813
9.496961451,290.982
9.502766439,289.267
9.508571428,290.546
9.514376417,293.102
9.520181405,295.374
9.525986394,299.811
9.531791383,302.682
9.537596371,305.08
9.543401360,305.972
9.549206349,305.811
9.555011337,305.848
9.560816326,305.615
9.566621315,306.48
9.572426303,308.389
9.578231292,309.465
9.584036281,310.794
9.589841269,310.472
9.595646258,308.541
9.601451247,306.019
9.607256235,303.3
9.613061224,302.055
9.618866213,301.243
9.624671201,301.648
9.630476190,301.186
9.636281179,301.001
9.642086167,300.371
9.647891156,299.629
9.653696145,298.771
9.659501133,304.83
9.665306122,306.914
9.671111111,305.716
9.676916099,302.962
9.682721088,300.955
9.688526077,298.836
9.694331065,298.16
9.700136054,297.128
9.705941043,295.842
9.711746031,294.674
9.717551020,293.137
9.723356009,290.741
9.729160997,289.445
9.734965986,283.585
9.740770975,278.738
9.746575963,277.861
9.769795918,278.126
9.775600907,279.165
9.781405895,280.926
9.787210884,282.836
9.793015873,284.776
9.798820861,286.52
9.804625850,287.418
9.810430839,287.281
9.816235827,287.831
9.822040816,285.889
9.827845804,285.283
9.833650793,286.172
9.839455782,286.755
9.845260770,289.312
9.851065759,292.479
9.856870748,298.015
9.862675736,301.484
9.868480725,304.09
9.874285714,307.051
9.880090702,310.699
9.885895691,317.315
9.891700680,321.518
9.897505668,324.951
9.903310657,327.767
9.909115646,330.067
9.914920634,332.231
9.920725623,334.335
9.926530612,335.962
9.932335600,337.697
9.938140589,339.535
9.943945578,341.821
9.949750566,343.732
9.955555555,345.149
9.961360544,346.515
9.967165532,347.438
9.972970521,348.622
9.978775510,349.689
9.984580498,350.748
9.990385487,351.347
9.996190476,351.985
10.001995464,352.133
10.007800453,350.969
10.013605442,349.26
10.019410430,345.094
10.025215419,337.254
10.031020408,331.314
10.083265306,307.653
10.089070294,308.617
10.094875283,307.038
10.100680272,305.604
10.106485260,302.462
10.112290249,299.394
10.118095238,299.249
10.123900226,299.783
10.129705215,301.675
10.135510204,303.594
10.141315192,304.497
10.147120181,304.705
10.152925170,303.692
10.158730158,302.693
10.164535147,301.42
10.170340136,301.981
10.176145124,301.042
10.181950113,302.431
10.187755102,303.422
10.193560090,299.958
10.199365079,297.947
10.205170068,292.559
10.210975056,291.903
10.216780045,288.228
10.222585034,287.656
10.228390022,286.221
10.234195011,286.175
10.240000000,288.177
10.245804988,289.618
10.251609977,291.644
10.257414965,292.281
10.263219954,291.799
10.269024943,292.309
10.274829931,292.35
10.280634920,293.308
10.286439909,295.281
10.292244897,296.759
10.298049886,297.255
10.303854875,295.832
10.309659863,291.562
10.315464852,285.975
10.321269841,281.028
10.327074829,277.957
10.332879818,274.375
10.338684807,272.163
10.344489795,273.092
10.350294784,271.932
10.356099773,271.271
10.361904761,270.76
10.367709750,269.08
10.373514739,268.002
10.379319727,267.045
10.385124716,265.277
10.390929705,266.462
10.396734693,266.435
10.402539682,269.1
10.408344671,273.705
10.414149659,277.4
10.419954648,278.965
10.425759637,281.004
10.431564625,282.044
10.570884353,257.218
10.576689342,248.189
10.582494331,248.642
10.588299319,249.41
10.594104308,251.421
10.599909297,250.62
10.605714285,250.183
10.611519274,250.122
10.617324263,250.4
10.623129251,252.018
10.628934240,253.404
10.634739229,253.992
10.640544217,254.445
10.646349206,254.482
10.652154195,257.206
10.657959183,259.49
10.663764172,260.035
10.669569160,260.456
10.675374149,259.408
10.681179138,257.76
10.686984126,256.616
10.692789115,255.034
10.698594104,253.758
10.704399092,252.657
10.710204081,251.035
10.716009070,251.517
10.721814058,252.359
10.727619047,253.453
10.733424036,253.376
10.739229024,255.783
10.745034013,255.473
10.750839002,256.885
10.756643990,257.651
10.762448979,257.95
10.768253968,258.992
10.774058956,259.296
10.779863945,260.174
10.785668934,261.343
10.791473922,262.367
10.797278911,262.387
10.803083900,262.705
10.808888888,261.708
10.814693877,260.743
10.820498866,260.56
10.826303854,259.49
10.832108843,259.148
10.837913832,258.599
10.843718820,258.104
10.849523809,258.269
10.855328798,257.684
10.861133786,257.384
10.866938775,257.282
10.872743764,256.299
10.878548752,255.93
10.884353741,255.514
10.890158730,255.46
10.895963718,255.778
10.901768707,256.1
10.907573696,256.273
10.913378684,255.33
10.919183673,255.329
10.924988662,254.756
10.930793650,254.506
10.936598639,255.747
10.942403628,257.036
10.948208616,259.864
10.954013605,262.442
10.959818594,263.959
10.965623582,265.504
10.971428571,266.276
10.977233560,266.696
10.983038548,268.179
10.988843537,267.814
10.994648526,269.165
11.000453514,269.165
11.006258503,269.165
11.012063492,269.165
11.017868480,269.165
11.023673469,269.165
11.029478458,278.728
11.035283446,279.522
11.041088435,282.615
11.046893424,280.673
11.052698412,286.425
11.058503401,283.867
11.064308390,286.447
11.070113378,288.142
11.075918367,290.051
11.081723356,291.701
11.087528344,292.033
11.093333333,294.566
11.099138321,294.272
11.104943310,296.49
11.110748299,298.471
11.116553287,299.862
11.122358276,303.651
11.128163265,304.199
11.133968253,305.208
11.139773242,305.722
11.145578231,305.443
11.151383219,304.575
11.157188208,302.904
11.162993197,299.955
11.168798185,296.314
11.174603174,292.69
11.180408163,288.561
11.186213151,285.797
11.192018140,284.637
11.197823129,284.042
11.203628117,283.469
11.209433106,283.123
11.215238095,282.95
11.221043083,282.487
11.226848072,282.396
11.232653061,281.983
11.238458049,281.699
11.244263038,283.336
11.250068027,285.93
11.255873015,289.304
11.261678004,292.336
11.267482993,295.664
11.273287981,298.867
11.279092970,301.643
11.284897959,304.417
11.290702947,306.877
11.296507936,309.307
11.302312925,311.518
11.308117913,312.741
11.313922902,313.123
11.319727891,311.103
11.325532879,306.182
11.331337868,301.569
11.337142857,298.654
11.342947845,295.306
11.348752834,290.917
11.354557823,286.093
11.360362811,282.38
11.366167800,255.412
11.371972789,253.869
11.377777777,251.454
11.383582766,248.845
11.389387755,247.722
11.395192743,249.096
11.400997732,252.23
11.406802721,254.39
11.412607709,258.93
11.418412698,266.599
11.424217687,272.954
11.430022675,276.563
11.435827664,281.12
11.441632653,291.951
11.447437641,300.977
11.453242630,304.249
11.459047619,308.057
11.464852607,315.216
11.470657596,327.469
11.476462585,330.884
11.482267573,333.099
11.488072562,335.608
11.493877551,339.196
11.499682539,340.946
11.505487528,340.825
11.511292517,334.342
11.517097505,324.121
11.522902494,314.049
11.528707482,306.044
11.534512471,299.152
11.540317460,283.491
11.546122448,270.371
11.551927437,263.066
11.557732426,261.236
11.563537414,259.593
11.569342403,259.887
11.575147392,262.157
11.580952380,266.342
11.586757369,271.781
11.592562358,279.084
11.598367346,282.414
11.604172335,286.101
11.609977324,293.974
11.615782312,304.221
11.621587301,312.359
11.627392290,318.105
11.633197278,321.702
11.639002267,327.298
11.644807256,329.733
11.650612244,330.275
11.656417233,330.076
11.662222222,329.561
11.668027210,328.182
11.673832199,325.972
11.679637188,321.617
11.685442176,318.656
11.691247165,317.463
11.697052154,316.054
11.702857142,313.931
11.708662131,310.508
11.714467120,304.586
11.720272108,303.783
11.726077097,284.462
11.731882086,275.056
11.737687074,266.967
11.743492063,267.213
11.749297052,262.56
11.755102040,262.169
11.760907029,262.794
11.766712018,262.95
11.772517006,263.275
11.778321995,262.335
11.784126984,260.741
11.789931972,260.572
11.795736961,255.272
11.801541950,254.522
11.807346938,253.673
11.813151927,248.624
11.818956916,248.835
12.231111111,249.493
12.236916099,246.73
12.242721088,243.439
12.248526077,246.475
12.254331065,245.291
12.260136054,247.832
12.265941043,249.533
12.271746031,251.616
12.277551020,253.462
12.283356009,255.81
12.289160997,261.863
12.294965986,269.913
12.300770975,272.294
12.306575963,273.037
12.312380952,274.634
12.318185941,276.463
12.323990929,278.772
12.329795918,280.955
12.335600907,282.894
12.341405895,284.719
12.347210884,286.391
12.353015873,288.678
12.358820861,290.148
12.364625850,291.884
12.370430839,293.012
12.376235827,293.753
12.382040816,294.104
12.387845804,293.082
12.393650793,291.839
12.399455782,290.993
12.405260770,289.506
12.411065759,288.93
12.416870748,290.472
12.422675736,292.971
12.428480725,296.844
12.434285714,300.077
12.440090702,303.624
12.445895691,307.474
12.451700680,309.104
12.457505668,308.9
12.463310657,308.711
12.469115646,306.169
12.474920634,301.446
12.521360544,286.039
12.527165532,280.408
12.532970521,278.857
12.538775510,277.928
12.544580498,275.861
12.550385487,273.71
12.556190476,270.756
12.561995464,269.27
12.567800453,267.508
12.573605442,266.391
12.579410430,265.468
12.585215419,264.894
12.591020408,261.676
12.596825396,261.509
12.602630385,260.557
12.608435374,259.714
12.614240362,259.483
12.620045351,258.479
12.625850340,257.017
12.631655328,256.91
12.637460317,256.138
12.643265306,257.092
12.649070294,258.739
12.654875283,260.555
12.660680272,264.05
12.666485260,266.337
12.672290249,267.776
12.678095238,269.399
12.683900226,270.287
12.689705215,271.895
12.695510204,273.443
12.701315192,274.562
12.707120181,275.278
12.712925170,275.448
12.718730158,274.576
12.724535147,274.191
12.730340136,272.428
12.736145124,270.743
12.741950113,267.452
12.747755102,264.434
12.753560090,263.205
12.759365079,263.624
12.765170068,265.023
12.770975056,268.654
12.776780045,270.531
12.782585034,271.386
12.788390022,271.578
12.794195011,271.497
12.800000000,272.019
12.805804988,273.47
12.811609977,276.562
12.817414965,279.837
12.823219954,282.155
12.829024943,283.75
12.834829931,285.478
12.840634920,286.8
12.846439909,287.989
12.852244897,288.816
12.858049886,288.733
12.863854875,288.036
12.869659863,285.718
12.875464852,282.807
12.881269841,277.277
12.887074829,270
12.892879818,264.75
12.898684807,262.398
12.904489795,258.632
12.910294784,255.607
12.916099773,244.455
12.921904761,239.075
12.927709750,233.92
12.933514739,219.459
12.939319727,218.978
12.945124716,227.114
12.950929705,230.167
12.956734693,232.557
12.962539682,235.241
12.968344671,243.813
12.974149659,247.307
12.979954648,250.754
12.985759637,253.539
12.991564625,255.122
12.997369614,257.26
13.003174603,258.291
13.008979591,259.144
13.014784580,258.626
13.345668934,242.824
13.351473922,245.362
13.357278911,246.554
13.363083900,247.237
13.368888888,253.67
13.374693877,263.493
13.380498866,264.69
13.386303854,264.428
13.392108843,267.556
13.397913832,270.616
13.403718820,275.109
13.409523809,277.014
13.415328798,278.578
13.421133786,278.738
13.426938775,278.175
13.432743764,278.417
13.438548752,278.458
13.444353741,277.71
13.450158730,277.597
13.455963718,278.484
13.461768707,277.415
13.467573696,279.48
13.473378684,281.932
13.479183673,277.069
13.484988662,280.632
13.490793650,279.429
13.496598639,279.178
13.502403628,280.738
13.508208616,280.291
13.514013605,280.879
13.519818594,281.941
13.525623582,283.833
13.531428571,286.09
13.537233560,288.269
13.589478458,273.968
13.595283446,274.579
13.601088435,275.838
13.606893424,277.779
13.612698412,277.111
13.618503401,276.95
13.624308390,277.303
13.630113378,278.456
13.635918367,281.255
13.641723356,282.575
13.647528344,283.505
13.653333333,284.805
13.659138321,283.703
13.664943310,281.473
13.670748299,271.247
13.676553287,271.314
13.682358276,270.266
13.688163265,269.979
13.693968253,271.56
13.699773242,271.449
13.705578231,270.853
13.711383219,269.142
13.717188208,265.986
13.722993197,259.603
13.728798185,256.28
13.734603174,256.391
13.740408163,256.594
13.746213151,256.616
13.752018140,257.665
13.757823129,258.169
13.763628117,259.145
13.769433106,261.578
13.775238095,264.211
13.781043083,270.228
13.786848072,271.396
13.792653061,273.441
13.798458049,271.453
13.804263038,273.27
13.810068027,281.578
13.815873015,281.503
13.821678004,281.819
13.827482993,281.811
13.833287981,267.042
13.839092970,266.234
13.844897959,264.525
13.850702947,266.403
13.856507936,265.756
13.862312925,264.44
13.868117913,265.046
13.873922902,262.681
13.879727891,259.873
13.885532879,254.631
13.891337868,246.131
13.897142857,237.348
13.902947845,237.321
13.908752834,237.084
13.914557823,233.867
13.920362811,235.453
13.926167800,236.801
13.931972789,238.582
13.937777777,239.769
13.943582766,241.069
13.949387755,241.029
13.955192743,240.575
13.960997732,240.916
13.966802721,239.72
13.972607709,238.328
13.978412698,236.985
13.984217687,235.566
13.990022675,234.336
14.152562358,237.716
14.158367346,240.569
14.164172335,248.261
14.169977324,249.365
14.175782312,251.722
14.181587301,252.186
14.187392290,252.064
14.193197278,251.938
14.199002267,251.841
14.204807256,252.173
14.210612244,253.918
14.216417233,256.582
14.222222222,259.971
14.228027210,262.433
14.233832199,264.015
14.239637188,265.695
14.245442176,266.33
14.251247165,268.033
14.257052154,270.097
14.262857142,271.312
14.268662131,272.55
14.274467120,272.657
14.280272108,273.25
14.286077097,272.773
14.291882086,272.572
14.297687074,272.904
14.303492063,272.577
14.309297052,272.855
14.315102040,272.082
14.320907029,270.786
14.326712018,269.835
14.332517006,268.38
14.338321995,266.323
14.344126984,265.095
14.349931972,263.165
14.355736961,262.87
14.361541950,263.197
14.367346938,262.954
14.373151927,263.406
14.378956916,262.813
14.384761904,261.69
14.419591836,257.573
14.425396825,259.463
14.431201814,261.169
14.437006802,261.983
14.442811791,262.262
14.448616780,263.476
14.454421768,264.347
14.460226757,265.54
14.466031746,267.407
14.471836734,271.584
14.477641723,271.086
14.483446712,272.028
14.489251700,272.258
14.495056689,271.995
14.500861678,274.156
14.506666666,273.577
14.512471655,272.746
14.518276643,270.582
14.524081632,269.755
14.529886621,269.938
14.535691609,268.564
14.541496598,268.21
14.547301587,266.468
14.553106575,265.063
14.558911564,265.853
14.564716553,265.501
14.570521541,267.373
14.576326530,268.393
14.582131519,266.684
14.587936507,265.652
14.593741496,260.478
14.599546485,260.577
14.605351473,256.582
14.611156462,258.166
14.616961451,259.779
14.622766439,260.485
14.628571428,262.6
14.634376417,263.097
14.640181405,264.63
14.645986394,265.231
14.651791383,265.445
14.657596371,266.432
14.663401360,265.786
14.669206349,265.238
14.675011337,262.815
14.680816326,260.413
14.686621315,258.303
14.692426303,256.573
14.744671201,254.251
14.750476190,254.842
14.756281179,255.344
14.762086167,255.763
14.767891156,255.993
14.773696145,256.314
14.779501133,256.352
14.785306122,257.531
14.791111111,258.727
14.796916099,263.052
14.802721088,265.686
14.808526077,265.879
14.814331065,267.717
14.820136054,269.737
14.825941043,273.49
14.831746031,268.518
14.994285714,249.393
15.000090702,249.448
15.005895691,248.679
15.011700680,248.355
15.017505668,250.585
15.023310657,250.04
15.029115646,249.543
15.034920634,249.906
15.040725623,250.463
15.046530612,250.7
15.052335600,249.942
15.058140589,248.009
15.063945578,246.252
15.069750566,244.746
15.075555555,243.434
15.081360544,243.035
15.087165532,242.779
15.092970521,242.353
15.098775510,242.682
15.104580498,242.913
15.110385487,243.319
15.116190476,244.198
15.121995464,244.54
15.127800453,244.316
15.133605442,244.162
15.139410430,243.166
15.145215419,242.008
15.151020408,240.588
15.156825396,238.913
15.162630385,237.599
15.168435374,236.307
15.174240362,235.742
15.180045351,235.786
15.185850340,235.943
15.191655328,236.793
15.197460317,237.793
15.203265306,238.84
15.209070294,240.093
15.214875283,241.109
15.220680272,241.4
15.226485260,241.023
15.232290249,240.813
15.238095238,240.673
15.243900226,240.562
15.249705215,240.333
15.255510204,239.338
15.261315192,236.516
15.267120181,234.282
15.272925170,232.68
15.278730158,231.095
15.284535147,223.677
15.290340136,218.005
15.296145124,215.304
15.301950113,212.251
15.307755102,210.114
15.313560090,208.553
15.319365079,206.615
15.325170068,204.442
15.330975056,201.005
15.336780045,198.879
15.342585034,197.425
15.348390022,196.729
15.354195011,196.52
15.360000000,196.25
15.365804988,197.101
15.371609977,197.767
15.377414965,198.65
15.383219954,199.87
15.389024943,200.734
15.394829931,200.81
15.400634920,201.844
15.406439909,201.075
15.412244897,200.302
15.418049886,203.448
15.423854875,198.469
15.429659863,205.317
15.435464852,207.713
15.441269841,202.705
15.447074829,203.431
15.452879818,200.025
15.458684807,200.091
15.464489795,199.058
15.470294784,198.473
15.476099773,197.573
15.481904761,201.264
15.487709750,193.937
15.493514739,183.624
15.499319727,184.221
15.505124716,182.086
15.510929705,182.11
15.516734693,181.283
15.522539682,181.367
15.528344671,181.097
15.534149659,182.921
15.539954648,186.488
15.545759637,188.391
15.551564625,189.833
15.557369614,192.35
15.563174603,195.614
15.568979591,197.429
15.574784580,200.196
15.580589569,208.955
15.586394557,211.158
15.592199546,214.14
15.598004535,215.794
15.603809523,217.306
15.609614512,218.052
15.615419501,218.418
15.621224489,218.022
15.627029478,217.422
15.632834467,216.465
15.638639455,213.512
15.644444444,211.768
15.650249433,208.76
15.656054421,205.796
15.661859410,201.127
15.667664399,196.132
15.673469387,192.644
15.679274376,177.435
15.685079365,175.535
15.690884353,174.01
15.696689342,173.395
15.702494331,176.1
15.708299319,178.245
15.714104308,179.639
15.719909297,184.895
15.725714285,198.565
15.731519274,199.561
15.737324263,199.987
15.743129251,200.229
15.748934240,201.967
15.754739229,205.75
15.760544217,211.799
15.766349206,215.816
15.772154195,216.676
15.777959183,218.165
15.783764172,218.741
15.789569160,218.704
15.795374149,218.488
15.801179138,217.395
15.806984126,215.687
15.812789115,211.104
15.818594104,206.79
15.824399092,202.209
15.830204081,200.111
15.836009070,195.868
15.841814058,190.077
15.847619047,183.646
15.853424036,178.475
15.859229024,176.386
15.865034013,177.002
15.870839002,178.006
15.876643990,180.62
15.882448979,182.434
15.888253968,184.486
15.894058956,185.696
15.899863945,186.41
15.905668934,187.916
15.911473922,190.265
15.917278911,193.55
15.923083900,196.077
15.928888888,198.433
15.934693877,200.406
15.940498866,201.381
15.946303854,202.944
15.952108843,203.804
15.957913832,203.827
15.963718820,203.923
15.969523809,201.98
15.975328798,198.714
15.981133786,193.569
15.986938775,189.899
15.992743764,186.54
17.502040816,203.269
17.507845804,201.001
17.513650793,199.94
17.519455782,199.464
17.525260770,199.449
17.531065759,199.914
17.536870748,200.303
17.542675736,201.181
17.548480725,201.182
17.554285714,201.392
17.560090702,201.478
17.565895691,200.489
17.571700680,200.419
17.577505668,200.054
17.583310657,199.158
17.589115646,198.544
17.594920634,198.121
17.600725623,197.472
17.606530612,197.128
17.612335600,196.512
17.618140589,196.68
17.623945578,197.286
17.629750566,197.992
17.635555555,198.749
17.641360544,198.934
17.647165532,198.895
17.652970521,198.172
17.658775510,197.694
17.664580498,197.057
17.670385487,196.806
17.676190476,196.942
17.681995464,197
17.687800453,197.559
17.693605442,197.897
17.699410430,197.949
17.751655328,198.864
17.757460317,199.033
17.763265306,199.641
17.769070294,200.501
17.774875283,200.832
17.780680272,200.559
17.786485260,199.992
17.792290249,199.113
17.798095238,198.399
17.803900226,197.754
17.809705215,197.149
17.815510204,196.431
17.821315192,196.06
17.827120181,196.089
17.832925170,196.379
17.838730158,197.07
17.844535147,197.225
17.850340136,197.308
17.856145124,197.466
17.861950113,197.507
17.867755102,197.535
17.873560090,197.474
17.879365079,197.255
17.885170068,196.799
17.890975056,196.304
17.896780045,195.946
17.902585034,195.342
17.908390022,194.737
17.914195011,194.277
17.920000000,193.31
17.925804988,192.411
17.931609977,192.443
17.937414965,193.49
17.943219954,195.638
17.949024943,196.366
17.954829931,197.108
17.960634920,197.57
17.966439909,197.91
17.972244897,198.002
17.978049886,198.33
18.024489795,225.994
18.030294784,228.404
18.036099773,233.337
18.041904761,237.055
18.047709750,240.205
18.053514739,242.541
18.059319727,243.725
18.065124716,244.965
18.070929705,245.277
18.076734693,245.155
18.082539682,244.723
18.088344671,243.39
18.094149659,241.299
18.099954648,238.664
18.105759637,236.812
18.111564625,235.218
18.117369614,233.352
18.123174603,231.625
18.128979591,229.575
18.134784580,227.667
18.140589569,226.388
18.146394557,226.051
18.152199546,226.974
18.158004535,228.159
18.163809523,230.893
18.169614512,234.257
18.175419501,238.716
18.181224489,240.897
18.187029478,243.354
18.192834467,245.379
18.198639455,246.772
18.204444444,247.518
18.210249433,247.882
18.216054421,247.534
18.221859410,246.432
18.227664399,244.818
18.233469387,243.105
18.239274376,241.153
18.245079365,238.977
18.250884353,236.506
18.256689342,233.699
18.262494331,233.621
18.268299319,231.254
18.274104308,228.279
18.279909297,223.51
18.285714285,214.518
18.291519274,214.157
18.581768707,262.137
18.587573696,260.6
18.593378684,257.859
18.599183673,258.089
18.604988662,256.856
18.610793650,257.029
18.616598639,257.333
18.622403628,257.139
18.628208616,258.285
18.634013605,259.112
18.639818594,260.735
18.645623582,262.682
18.651428571,266.982
18.657233560,269.724
18.663038548,270.78
18.668843537,272.666
18.674648526,275.788
18.680453514,277.205
18.686258503,278.851
18.692063492,280.778
18.697868480,279.989
18.703673469,279.953
18.709478458,279.674
18.715283446,278.4
18.721088435,280.688
18.726893424,261.115
18.732698412,262.807
18.738503401,263.677
18.744308390,264.754
18.750113378,265.355
18.755918367,264.733
18.761723356,265.381
18.767528344,266.61
18.773333333,267.23
18.779138321,268.3
18.784943310,269.169
18.790748299,268.412
18.796553287,268.655
18.802358276,267.974
18.808163265,267.272
18.813968253,267.756
18.854603174,266.842
18.860408163,266.104
18.866213151,266.945
18.872018140,267.354
18.877823129,268.235
18.883628117,269.409
18.889433106,269.8
18.895238095,270.733
18.901043083,270.217
18.906848072,271.999
18.912653061,272.954
18.918458049,274.148
18.924263038,276.425
18.930068027,279.038
18.935873015,285.2
18.941678004,287.713
18.947482993,287.999
18.953287981,284.575
18.959092970,280.702
18.964897959,277.932
18.970702947,275.663
18.976507936,272.313
18.982312925,268.555
18.988117913,265.983
18.993922902,264.754
18.999727891,264.97
19.005532879,266.125
19.011337868,266.703
19.017142857,266.727
19.022947845,266.208
19.028752834,265.529
19.034557823,265.051
19.040362811,264.494
19.046167800,262.583
19.051972789,259.626
19.057777777,256.303
19.063582766,254.169
19.069387755,250.844
19.075192743,247.38
19.080997732,244.504
19.086802721,241.536
19.092607709,238.837
19.098412698,237.912
19.104217687,239.399
19.110022675,244.243
19.115827664,250.966
19.121632653,254.303
19.127437641,258.059
19.133242630,261.957
19.139047619,267.889
19.144852607,271.219
19.150657596,272.598
19.156462585,272.782
19.162267573,271.968
19.168072562,268.509
19.173877551,262.682
19.179682539,253.491
19.185487528,248.313
19.191292517,244.332
19.684716553,408.119
19.690521541,407.341
19.696326530,406.184
19.702131519,397.241
19.707936507,387.598
19.713741496,387.598
19.719546485,387.598
19.725351473,380.95
19.731156462,380.762
19.736961451,378.987
19.742766439,378.863
19.748571428,384.466
19.754376417,390.001
19.760181405,398.519
19.777596371,380.115
19.783401360,375.935
19.789206349,375.231
19.795011337,373.599
19.800816326,372.375
19.806621315,381.227
19.812426303,381.154
19.818231292,385.338
19.824036281,385.237
19.829841269,386.243
19.835646258,388.99
19.841451247,390.389
19.847256235,391.379
19.853061224,391.259
19.858866213,389.46
19.864671201,387.838
19.870476190,383.909
19.876281179,374.789
19.882086167,367.512
19.887891156,361.407
19.951746031,386.824
19.957551020,390.651
19.963356009,395.49
19.969160997,398.137
19.974965986,399.787
19.980770975,401.167
19.986575963,401.153
19.992380952,401.051
19.998185941,400.821
20.003990929,399.735
20.009795918,399.026
20.015600907,398.497
20.021405895,397.796
20.027210884,397.905
20.033015873,398.365
20.038820861,398.966
20.044625850,400.067
20.050430839,400.795
20.056235827,400.373
20.062040816,398.541
20.067845804,396.415
20.073650793,393.641
20.079455782,390.014
20.085260770,387.471
20.091065759,382.832
20.096870748,380.052
20.102675736,376.234
20.108480725,370.943
20.114285714,363.448
20.120090702,362.576
20.125895691,361.452
20.131700680,364.364
20.137505668,364.332
20.143310657,364.479
20.149115646,364.739
20.154920634,360.959
20.160725623,361.758
20.166530612,360.349
20.172335600,358.722
20.178140589,358.044
20.183945578,356.354
20.189750566,355.263
20.195555555,354.436
20.201360544,352.559
20.207165532,350.884
20.212970521,349.599
20.218775510,347.456
20.224580498,345.599
20.230385487,347.041
20.236190476,352.249
20.241995464,354.393
20.247800453,356.206
20.253605442,355.438
20.259410430,352.282
20.265215419,340.689
20.271020408,331.033
20.276825396,332.185
20.282630385,334.557
20.288435374,338.558
20.294240362,341.893
20.300045351,347.791
20.305850340,354.863
20.311655328,366.741
20.509024943,357.741
20.514829931,368.69
20.520634920,376.547
20.526439909,381.161
20.532244897,386.598
20.538049886,392.336
20.543854875,396.873
20.549659863,401.063
20.555464852,401.156
20.561269841,400.499
20.567074829,398.781
20.572879818,394.732
20.578684807,386.972
20.584489795,380.045
20.590294784,375.839
20.596099773,373.132
20.601904761,371.185
20.607709750,370.184
20.613514739,368.667
20.619319727,364.148
20.625124716,360.105
20.630929705,357.859
20.636734693,357.928
20.642539682,358.913
20.648344671,361.449
20.654149659,362.989
20.659954648,363.47
20.665759637,363.539
20.671564625,362.336
20.677369614,360.796
20.683174603,358.352
20.688979591,355.195
20.694784580,350.278
20.700589569,343.693
20.706394557,336.82
20.712199546,332.662
20.718004535,328.421
20.723809523,324.5
20.770249433,266.041
20.776054421,265.85
20.781859410,268.375
20.787664399,268.875
20.793469387,270.887
20.799274376,271.442
20.805079365,270.9
20.810884353,272.899
20.816689342,274.348
20.822494331,281.511
20.828299319,285.155
20.834104308,284.971
20.839909297,287.875
20.845714285,291.964
20.851519274,295.155
20.857324263,297.475
20.863129251,298.282
20.868934240,296.908
20.874739229,295.613
20.880544217,295.129
20.886349206,295.481
20.892154195,296.206
20.897959183,296.34
20.903764172,295.399
20.909569160,293.183
20.915374149,290.117
20.921179138,287.951
20.926984126,285.5
20.932789115,283.786
20.938594104,281.83
20.944399092,279.673
20.950204081,277.384
20.956009070,276.93
20.961814058,276.089
21.060498866,281.375
21.066303854,287.541
21.072108843,290.065
21.077913832,290.632
21.083718820,291.868
21.089523809,291.676
21.095328798,291.499
21.101133786,291.772
21.106938775,293.138
21.112743764,295.484
21.118548752,297.795
21.124353741,300.335
21.130158730,303.141
21.135963718,308.214
21.141768707,314.002
21.147573696,317.95
21.153378684,316.333
21.159183673,312.805
21.164988662,311.018
21.170793650,308.972
21.176598639,307.791
21.182403628,305.758
21.188208616,304.712
21.194013605,304.451
21.199818594,305.589
21.205623582,306.779
21.211428571,308.261
21.217233560,308.882
21.223038548,309.163
21.228843537,309.687
21.234648526,308.978
21.240453514,308.029
21.246258503,306.985
21.252063492,304.9
21.257868480,302.981
21.263673469,300.28
21.269478458,296.294
21.275283446,292.413
21.281088435,287.778
21.286893424,283.714
21.292698412,278.361
21.321723356,271.018
21.327528344,271.528
21.333333333,273.131
21.339138321,276.169
21.344943310,280
21.350748299,282.444
21.356553287,282.951
21.362358276,282.959
21.368163265,282.833
21.373968253,283.785
21.379773242,285.597
21.385578231,286.614
21.391383219,286.312
21.397188208,285.921
21.402993197,284.112
21.408798185,281.909
21.414603174,281.054
21.420408163,281.381
21.426213151,282.784
21.432018140,285.073
21.437823129,287.444
21.443628117,289.113
21.449433106,288.618
21.455238095,287.532
21.461043083,286.117
21.466848072,285.097
21.472653061,282.497
21.478458049,278.791
21.484263038,274.439
21.490068027,271.228
21.495873015,266.307
21.501678004,263.03
21.507482993,259.622
21.513287981,256.79
21.519092970,255.359
21.524897959,254.38
21.530702947,254.485
21.536507936,255.579
21.542312925,255.771
21.548117913,256.481
21.553922902,258.08
21.559727891,261.864
21.565532879,266.9
21.571337868,274.705
21.577142857,279.955
21.582947845,284.272
21.588752834,288.458
21.594557823,293.404
21.600362811,299.698
21.606167800,306.517
21.611972789,312.36
21.617777777,317.121
21.623582766,321.847
21.629387755,326.757
21.635192743,330.969
21.640997732,335.221
21.646802721,340.95
21.652607709,350.215
21.658412698,358.619
21.664217687,361.465
21.670022675,361.059
21.675827664,359.632
21.681632653,358.101
21.687437641,357.295
21.693242630,356.361
21.699047619,354.565
21.704852607,352.259
21.710657596,350.291
21.716462585,349.701
21.722267573,348.666
21.728072562,348.478
21.733877551,348.666
21.739682539,348.762
21.745487528,349.792
21.751292517,350.076
21.757097505,348.974
21.762902494,347.195
21.768707482,343.218
21.774512471,339.175
21.780317460,334.602
21.786122448,328.463
21.791927437,320.697
21.797732426,314.02
21.803537414,307.91
21.861587301,271.349
21.867392290,270.796
21.873197278,270.482
21.879002267,270.065
21.884807256,270.607
21.890612244,271.349
21.896417233,270.849
21.902222222,272.056
21.908027210,272.538
21.913832199,272.874
21.919637188,274.66
21.925442176,277.334
21.931247165,280.568
21.937052154,283.7
21.942857142,286.384
21.948662131,288.618
21.954467120,290.634
21.960272108,292.464
21.966077097,293.802
21.971882086,294.495
21.977687074,294.455
21.983492063,293.604
21.989297052,292.295
21.995102040,290.782
22.000907029,289.734
22.006712018,288.62
22.012517006,286.895
22.018321995,284.106
22.024126984,282.493
22.029931972,282.119
22.035736961,282.455
22.041541950,283.39
22.047346938,284.798
22.053151927,286.393
22.058956916,288.397
22.064761904,290.821
22.070566893,293.804
22.076371882,296.482
22.082176870,298.178
22.087981859,300.335
22.093786848,302.443
22.099591836,304.298
22.105396825,306.962
22.111201814,308.471
22.117006802,309.231
22.122811791,308.087
22.128616780,305.974
22.134421768,303.251
22.140226757,299.016
22.146031746,294.248
22.151836734,291.409
22.157641723,289.451
22.163446712,286.505
22.169251700,281.12
22.175056689,272.151
22.180861678,267.77
22.186666666,263.517
22.192471655,257.789
22.198276643,258.27
22.204081632,257.702
22.209886621,262.499
22.215691609,265.372
22.221496598,269.486
22.227301587,276.179
22.233106575,281.497
22.238911564,285.717
22.244716553,289.219
22.250521541,293.873
22.256326530,298.359
22.262131519,305.138
22.267936507,309.516
22.273741496,314.5
22.279546485,316.353
22.285351473,318.278
22.291156462,320.475
22.296961451,318.904
22.302766439,319.132
22.308571428,312.015
22.314376417,302.746
22.320181405,295.215
22.622040816,258.741
22.627845804,269.407
22.633650793,278.3
22.639455782,279.224
22.645260770,277.315
22.651065759,271.825
22.656870748,267.748
22.662675736,263.835
22.668480725,261.048
22.674285714,259.136
22.680090702,257.828
22.685895691,253.695
22.691700680,254.61
22.697505668,253.98
22.703310657,255.266
22.709115646,257.489
22.714920634,258.771
22.720725623,263.799
22.726530612,264.816
22.732335600,264.622
22.738140589,262.786
22.743945578,258.86
22.749750566,255.251
22.755555555,254.358
22.761360544,257.038
22.767165532,254.157
22.772970521,252.598
22.778775510,251.733
22.784580498,251.439
22.871655328,228.151
22.877460317,227.51
22.883265306,234.962
22.889070294,236.086
22.894875283,243.72
22.900680272,247.627
22.906485260,254.265
22.912290249,255.788
22.918095238,258.537
22.923900226,259.413
22.929705215,259.721
22.935510204,258.923
22.941315192,258.408
22.947120181,258.964
22.952925170,258.582
22.958730158,259.2
22.964535147,261.03
22.970340136,262.231
22.976145124,263.923
22.981950113,265.651
22.987755102,268.137
22.993560090,270.146
22.999365079,271.937
23.005170068,271.143
23.010975056,270.631
23.016780045,269.023
23.022585034,266.655
23.028390022,266.078
23.034195011,264.491
23.040000000,263.316
23.045804988,262.876
23.051609977,263.436
23.057414965,264.455
23.063219954,263.933
23.069024943,262.537
23.074829931,260.716
23.080634920,260.105
23.086439909,261.251
23.092244897,263.309
23.098049886,264.579
23.103854875,266.307
23.109659863,267.527
23.115464852,268.911
23.121269841,271.012
23.161904761,280.946
23.167709750,278.584
23.173514739,277.104
23.179319727,276.127
23.185124716,274.982
23.190929705,274.029
23.196734693,273.262
23.202539682,272.413
23.208344671,271.84
23.214149659,272.003
23.219954648,270.313
23.225759637,269.139
23.231564625,267.469
23.237369614,267.267
23.243174603,268.455
23.248979591,270.405
23.254784580,274.007
23.260589569,274.4
23.266394557,274.157
23.272199546,273.499
23.278004535,273.009
23.283809523,274.42
23.289614512,275.101
23.295419501,274.182
23.301224489,272.077
23.307029478,269.238
23.312834467,267.83
23.318639455,268.967
23.324444444,268.769
23.330249433,269.804
23.336054421,270.4
23.341859410,269.953
23.347664399,271.442
23.353469387,272.743
23.359274376,274.291
23.365079365,276.069
23.370884353,275.868
23.376689342,274.462
23.382494331,273.292
23.388299319,272.095
23.394104308,270.999
23.399909297,269.87
23.452154195,245.521
23.457959183,247.823
23.463764172,248.764
23.469569160,249.497
23.475374149,249.308
23.481179138,248.465
23.486984126,249.675
23.492789115,250.648
23.498594104,256.989
23.504399092,261.078
23.510204081,264.054
23.516009070,265.622
23.521814058,268.009
23.527619047,270.342
23.533424036,272.328
23.539229024,272.566
23.545034013,272.365
23.550839002,271.802
23.556643990,270.973
23.562448979,270.693
23.568253968,270.929
23.574058956,269.162
23.579863945,269.222
23.585668934,267.317
23.591473922,268.307
23.597278911,268.471
23.603083900,268.15
23.608888888,268.542
23.614693877,266.138
23.695963718,235.272
23.701768707,236.083
23.707573696,236.368
23.713378684,237.522
23.719183673,237.146
23.724988662,239.276
23.730793650,240.868
23.736598639,239.772
23.742403628,240.444
23.748208616,239.023
23.754013605,238.023
23.759818594,237.258
23.765623582,236.761
23.771428571,236.052
23.777233560,235.563
23.783038548,236.069
23.788843537,236.453
23.794648526,236.654
23.800453514,236.417
23.806258503,235.607
23.812063492,231.128
23.817868480,231.151
23.823673469,230.402
23.829478458,228.937
23.835283446,229.055
23.841088435,228.227
23.846893424,233.705
23.852698412,235.174
23.858503401,235.502
23.864308390,235.642
23.870113378,234.632
23.875918367,235.757
23.881723356,234.785
23.887528344,230.332
23.893333333,228.923
23.899138321,229.356
23.904943310,231.009
23.910748299,232.359
23.916553287,230.065
23.922358276,231.96
23.928163265,229.317
23.933968253,219.279
23.939773242,215.309
23.945578231,218.513
23.951383219,207.607
23.957188208,206.303
23.962993197,203.584
23.968798185,202.739
23.974603174,202.176
23.980408163,189.593
23.986213151,187.866
23.992018140,173.909
23.997823129,173.369
24.003628117,173.286
24.009433106,172.352
24.015238095,172.171
24.021043083,171.75
24.026848072,172
24.032653061,172.335
24.038458049,172.585
24.044263038,184.522
24.050068027,186.636
24.055873015,192.454
24.061678004,195.672
24.067482993,197.635
24.073287981,199.546
24.079092970,198.447
24.084897959,205.838
24.090702947,207.271
24.096507936,212.214
24.102312925,209.56
24.108117913,211.794
24.113922902,211.591
24.119727891,211.843
24.125532879,211.596
24.131337868,212.083
24.137142857,211.401
24.142947845,203.303
24.148752834,199.242
24.154557823,191.452
24.160362811,192.239
24.166167800,190.414
24.171972789,189.273
24.177777777,200.39
24.183582766,200.602
24.189387755,193.386
24.195192743,193.267
24.200997732,191.853
24.206802721,191.923
24.212607709,191.552
24.218412698,177.672
24.224217687,180.735
24.230022675,184.712
24.235827664,189.743
24.241632653,197.578
24.247437641,200.182
24.253242630,202.504
24.259047619,205.529
24.264852607,208.834
24.270657596,211.891
24.276462585,214.954
24.282267573,217.781
24.288072562,220.763
24.293877551,222.645
24.299682539,223.146
24.305487528,222.765
24.311292517,222.403
24.317097505,221.295
24.322902494,220.04
24.328707482,213.862
24.334512471,212.617
24.340317460,210.788
24.346122448,210.632
24.351927437,200.376
24.357732426,198.837
24.363537414,197.558
24.369342403,211.118
24.375147392,212.619
24.380952380,214.535
24.386757369,214.005
24.392562358,214.987
24.398367346,215.245
24.404172335,203.66
24.409977324,202.383
24.415782312,197.878
24.421587301,202.879
24.427392290,201.54
24.433197278,204.831
24.439002267,204.748
24.444807256,216.843
24.450612244,217.2
24.456417233,219.579
24.462222222,222.407
24.468027210,224.645
24.473832199,225.678
24.479637188,225.447
24.485442176,225.728
24.491247165,223.587
24.497052154,221.999
24.502857142,219.197
24.508662131,212.268
24.514467120,210.78
24.520272108,209.717
24.526077097,194.312
24.531882086,192.762
24.537687074,190.837
24.543492063,188.885
24.549297052,187.011
24.555102040,185.914
24.560907029,186.053
24.566712018,186.145
24.572517006,187.112
24.578321995,188.739
24.584126984,190.024
24.589931972,195.861
24.595736961,199.108
24.601541950,201.391
24.607346938,204.45
24.613151927,210.086
24.618956916,213.088
24.624761904,214.192
24.630566893,213.929
24.636371882,209.778
24.642176870,204.84
24.647981859,200.389
24.653786848,196.881
24.659591836,193.407
24.665396825,190.336
24.671201814,187.206
24.677006802,184.858
24.682811791,181.329
25.332970521,237.957
25.338775510,239.312
25.344580498,237.881
25.350385487,239.395
25.356190476,241.646
25.361995464,243.542
25.367800453,246.822
25.373605442,247.793
25.379410430,250.743
25.385215419,253.936
25.391020408,256.621
25.396825396,259.234
25.402630385,262.97
25.408435374,265.877
25.414240362,267.774
25.420045351,270.376
25.425850340,273.733
25.431655328,275.543
25.437460317,278.636
25.443265306,276.489
25.449070294,275.615
25.454875283,274.743
25.460680272,268.584
25.466485260,266.272
25.472290249,266.66
25.478095238,266.583
25.483900226,266.715
25.489705215,266.952
25.495510204,267.229
25.501315192,267.855
25.507120181,268.193
25.512925170,268.958
25.518730158,266.474
25.524535147,263.242
25.530340136,258.142
25.536145124,252.59
25.541950113,249.414
25.547755102,246.897
25.553560090,248.824
25.559365079,247.417
25.565170068,244.973
25.570975056,243.055
25.576780045,241.815
25.582585034,243.115
25.588390022,241.208
25.594195011,242.248
25.600000000,242.518
25.605804988,244.049
25.611609977,246.226
25.617414965,248.87
25.623219954,250.88
25.652244897,276.298
25.658049886,275.92
25.663854875,278.055
25.669659863,278.349
25.675464852,280.046
25.681269841,282.188
25.687074829,281.358
25.692879818,279.687
25.698684807,279.247
25.704489795,279.317
25.710294784,277.233
25.716099773,277.724
25.721904761,278.142
25.727709750,275.014
25.733514739,274.56
25.739319727,275.064
25.745124716,274.383
25.750929705,275.417
25.756734693,276.455
25.762539682,276.723
25.768344671,278.299
25.774149659,278.686
25.779954648,280.324
25.785759637,280.25
25.791564625,279.863
25.797369614,280.298
25.803174603,279.457
25.808979591,279.55
25.814784580,278.344
26.435918367,234.392
26.441723356,234.347
26.447528344,236.229
26.453333333,236.374
26.459138321,236.833
26.464943310,238.605
26.470748299,240.024
26.476553287,242.008
26.482358276,244.427
26.488163265,248.902
26.493968253,251.643
26.499773242,255.419
26.505578231,258.786
26.511383219,261.144
26.517188208,262.371
26.522993197,262.923
26.528798185,263.405
26.534603174,264.473
26.540408163,264.253
26.546213151,263.357
26.552018140,262.91
26.557823129,261.027
26.563628117,260.093
26.569433106,259.353
26.575238095,259.302
26.581043083,259.645
26.586848072,260.507
26.592653061,261.106
26.598458049,261.963
26.604263038,263.02
26.610068027,264.129
26.615873015,267.736
26.621678004,270.164
26.627482993,274.049
26.673922902,272.365
26.679727891,273.23
26.685532879,273.571
26.691337868,275.751
26.697142857,278.829
26.702947845,282.322
26.708752834,281.518
26.714557823,277.57
26.720362811,274.344
26.726167800,273.762
26.731972789,272.793
26.737777777,273.746
26.743582766,274.015
26.749387755,273.582
26.755192743,272.626
26.760997732,271.358
26.766802721,270.507
26.772607709,269.999
26.778412698,270.086
26.784217687,270.52
26.790022675,270.905
26.795827664,270.573
26.801632653,268.812
26.929342403,270.061
26.935147392,270.179
26.940952380,273.282
26.946757369,273.647
26.952562358,273.742
26.958367346,273.74
26.964172335,273.75
26.969977324,274.544
26.975782312,282.871
26.981587301,293.266
26.987392290,293.429
26.993197278,293.023
26.999002267,291.306
27.004807256,289.696
27.010612244,287.696
27.016417233,284.13
27.022222222,280.129
27.028027210,277.55
27.033832199,276.201
27.039637188,274.869
27.045442176,273.903
27.051247165,271.734
27.057052154,268.867
27.062857142,266.033
27.068662131,264.997
27.074467120,261.996
27.277641723,294.609
27.283446712,295.637
27.289251700,297.411
27.295056689,298.411
27.300861678,297.683
27.306666666,297.862
27.312471655,298.906
27.318276643,300.3
27.324081632,301.551
27.329886621,302.762
27.335691609,304.221
27.341496598,306.557
27.347301587,309.12
27.353106575,311.532
27.358911564,313.777
27.364716553,315.892
27.370521541,317.776
27.376326530,319.774
27.382131519,321.871
27.387936507,322.467
27.393741496,323.077
27.399546485,323.022
27.405351473,322.445
27.411156462,320.801
27.416961451,320.707
27.422766439,320.703
27.428571428,320.822
27.434376417,323.266
27.440181405,325.502
27.445986394,329.698
27.451791383,334.21
27.457596371,337.438
27.463401360,341.16
27.469206349,345.099
27.475011337,349.505
27.480816326,354.985
27.486621315,357.915
27.492426303,360.528
27.498231292,361.851
27.504036281,361.719
27.509841269,360.244
27.515646258,357.653
27.521451247,353.637
27.579501133,283.863
27.585306122,288.25
27.591111111,286.449
27.596916099,288.428
27.602721088,289.623
27.608526077,289.723
27.614331065,291.302
27.620136054,292.113
27.625941043,292.726
27.631746031,291.979
27.637551020,290.251
27.643356009,289.413
27.649160997,288.119
27.654965986,286.415
27.660770975,283.589
27.666575963,281.302
27.672380952,280.181
27.678185941,280.054
27.683990929,281.48
27.689795918,281.753
27.695600907,282.585
27.701405895,282.905
27.707210884,281.465
27.713015873,281.497
27.718820861,280.687
27.724625850,280.717
27.730430839,281.416
27.736235827,281.77
27.742040816,282.917
27.747845804,283.582
27.753650793,283.975
27.759455782,284.724
27.765260770,283.969
27.771065759,283.578
27.776870748,283.512
27.782675736,283.038
27.788480725,285.173
27.794285714,285.445
27.800090702,283.886
27.805895691,279.442
27.811700680,278.228
27.863945578,281.404
27.869750566,281.516
27.875555555,282.219
27.881360544,282.956
27.887165532,283.944
27.892970521,287.076
27.898775510,290.768
27.904580498,296.675
27.910385487,298.139
27.916190476,298.109
27.921995464,297.21
27.927800453,298.113
27.933605442,297.545
27.939410430,295.344
27.945215419,290.586
27.951020408,286.701
27.956825396,283.958
27.962630385,280.029
27.968435374,276.795
27.974240362,272.736
27.980045351,273.767
28.101950113,264.653
28.107755102,265.214
28.113560090,264.945
28.119365079,268.677
28.125170068,268.778
28.130975056,268.484
28.136780045,268.692
28.142585034,269.125
28.148390022,269.418
28.154195011,271.955
28.160000000,272.55
28.165804988,263.28
28.171609977,261.912
28.177414965,260.078
28.183219954,258.73
28.189024943,256.436
28.194829931,256.919
28.200634920,258.771
28.206439909,259.336
28.212244897,258.646
28.218049886,239.151
28.223854875,234.254
28.229659863,231.2
28.380589569,289.646
28.386394557,295.328
28.392199546,299.456
28.398004535,302.766
28.403809523,306.688
28.409614512,309.32
28.415419501,310.494
28.421224489,312.416
28.427029478,308.23
28.432834467,300.41
28.438639455,298.992
28.444444444,297.575
28.450249433,296.305
28.456054421,293.874
28.461859410,291.285
28.467664399,289.661
28.473469387,289.205
28.479274376,288.607
28.485079365,288.788
28.490884353,288.297
28.496689342,288.722
28.502494331,289.187
28.508299319,288.988
28.514104308,288.396
28.519909297,286.277
28.525714285,285.707
28.531519274,281.728
28.537324263,282.888
28.543129251,282.582
28.548934240,283.397
28.554739229,285.038
28.560544217,287.184
28.566349206,287.601
28.572154195,288.701
28.577959183,288.695
28.583764172,288.785
28.589569160,290.321
28.595374149,291.058
28.601179138,291.811
28.606984126,293.06
28.665034013,277.094
28.670839002,275.103
28.676643990,273.982
28.682448979,272.727
28.688253968,271.321
28.694058956,271.611
28.699863945,273.6
28.705668934,273.951
28.711473922,276.84
28.717278911,276.584
28.723083900,276.071
28.728888888,276.933
28.734693877,276.265
28.740498866,276.772
28.746303854,278.341
28.752108843,278.949
28.757913832,278.992
28.763718820,279.633
28.769523809,280.129
28.775328798,278.58
28.781133786,279.499
28.786938775,281.036
28.792743764,283.288
28.798548752,287.293
28.804353741,290.554
28.810158730,294.164
28.815963718,296.91
28.821768707,298.124
28.827573696,298.422
28.833378684,296.444
28.839183673,293.516
28.897233560,289.608
28.903038548,286.986
28.908843537,284.678
28.914648526,281.793
28.920453514,279.046
28.926258503,276.673
28.932063492,275.578
28.937868480,275.785
28.943673469,276.127
28.949478458,276.471
28.955283446,277.509
28.961088435,278.927
28.966893424,280.145
28.972698412,280.453
28.978503401,281.74
28.984308390,281.673
28.990113378,282.365
28.995918367,282.882
29.001723356,282.287
29.007528344,282.343
29.013333333,281.113
29.019138321,281.777
29.024943310,281.924
29.030748299,282.939
29.036553287,284.901
29.042358276,286.711
29.048163265,288.356
29.053968253,288.906
29.059773242,288.528
29.065578231,286.724
29.071383219,284.282
29.077188208,281.377
29.082993197,279.341
29.088798185,276.966
29.094603174,275.506
29.164263038,253.22
29.170068027,258.71
29.175873015,262.582
29.181678004,266.522
29.187482993,272.235
29.193287981,285.3
29.199092970,292.054
29.204897959,294.001
29.210702947,293.657
29.216507936,293.623
29.222312925,289.583
29.228117913,279.907
29.233922902,275.325
29.239727891,273.898
29.245532879,272.316
29.251337868,270.277
29.257142857,269.168
29.262947845,267.756
29.268752834,267.12
29.274557823,266.987
29.280362811,266.402
29.286167800,264.881
29.489342403,310.99
29.495147392,312.741
29.500952380,312.928
29.506757369,312.787
29.512562358,312.04
29.518367346,309.3
29.524172335,306.778
29.529977324,304.919
29.535782312,303.454
29.541587301,301.715
29.547392290,299.7
29.553197278,298.202
29.559002267,295.713
29.564807256,293.878
29.570612244,293.456
29.576417233,293.34
29.582222222,293.23
29.588027210,293.766
29.593832199,294.37
29.599637188,295.291
29.605442176,296.928
29.611247165,297.707
29.617052154,297.791
29.622857142,296.864
29.628662131,295.589
29.634467120,294.487
29.640272108,293.728
29.646077097,292.802
29.651882086,292.099
29.657687074,290.743
29.663492063,289.494
29.669297052,288.621
29.675102040,287.424
29.680907029,286.373
29.686712018,284.671
29.692517006,283.683
29.698321995,283.787
29.704126984,283.199
29.756371882,277.083
29.762176870,275.574
29.767981859,272.833
29.773786848,269.509
29.779591836,266.509
29.785396825,263.95
29.791201814,261.948
29.797006802,260.892
29.802811791,261.089
29.808616780,261.957
29.814421768,262.654
29.820226757,263.37
29.826031746,263.762
29.831836734,264.004
29.837641723,264.421
29.843446712,265.665
29.849251700,266.104
29.855056689,265.204
30.040816326,295.13
30.046621315,296.132
30.052426303,295.509
30.058231292,294.673
30.064036281,294.671
30.069841269,294.071
30.075646258,293.526
30.081451247,292.902
30.087256235,290.653
30.093061224,289.007
30.098866213,287.757
30.104671201,286.671
30.110476190,286.897
30.116281179,286.972
30.122086167,287.319
30.127891156,287.278
30.133696145,286.654
30.139501133,286.21
30.145306122,285.44
30.151111111,284.704
30.156916099,283.561
30.162721088,283.385
30.168526077,283.798
30.174331065,285.304
30.180136054,286.783
30.185941043,287.727
30.191746031,288.985
30.197551020,289.999
30.203356009,292.022
30.209160997,294.525
30.214965986,298.336
30.220770975,299.349
30.226575963,300.127
30.284625850,278.976
30.290430839,274.684
30.296235827,272.828
30.302040816,270.849
30.307845804,268.33
30.313650793,265.916
30.319455782,262.029
30.325260770,259.586
30.331065759,259.082
30.336870748,259.254
30.342675736,260.286
30.348480725,261.884
30.354285714,263.559
30.360090702,266.223
30.365895691,269.607
30.371700680,271.651
30.377505668,275.299
30.383310657,277.736
30.389115646,280.6
30.394920634,282.349
30.400725623,283.143
30.406530612,285.739
30.412335600,286.254
30.418140589,289.749
30.423945578,292.089
30.429750566,294.122
30.435555555,296.925
30.441360544,299.903
30.447165532,309.599
30.452970521,316.997
30.458775510,323.899
30.464580498,328.722
30.470385487,332.15
30.476190476,334.975
30.481995464,337.151
30.487800453,338.172
30.493605442,337.131
30.499410430,333.197
30.505215419,328.391
30.511020408,321.893
30.516825396,317.632
30.522630385,315.622
30.528435374,314.177
30.534240362,315.057
30.540045351,315.612
30.545850340,313.937
30.551655328,312.904
30.557460317,304.375
30.563265306,297.772
30.569070294,294.571
30.574875283,294.626
30.580680272,295.253
30.586485260,296.856
30.592290249,298.086
30.598095238,300.448
30.603900226,276.626
30.609705215,283.214
30.615510204,287.159
30.621315192,290.076
30.627120181,292.148
30.632925170,293.739
30.638730158,295.157
30.644535147,295.976
30.650340136,295.568
30.656145124,293.73
30.661950113,291.532
30.667755102,289.753
30.673560090,287.557
30.679365079,288.018
30.685170068,263.161
30.690975056,261.008
30.696780045,258.432
30.702585034,256.725
30.708390022,254.898
30.714195011,253.571
30.720000000,252.055
30.725804988,250.592
30.731609977,251.913
30.737414965,253.713
30.743219954,256.333
30.749024943,259.833
30.754829931,267.422
30.760634920,274.2
30.766439909,278.802
30.772244897,284.039
30.778049886,291.454
30.783854875,294.985
30.789659863,296.839
30.795464852,298.534
30.801269841,298.024
30.807074829,296.117
30.812879818,294.47
30.818684807,290.764
30.824489795,288.357
30.830294784,284.585
30.836099773,280.459
30.841904761,262.36
30.847709750,259.814
30.853514739,254.663
30.859319727,253.453
30.865124716,237.781
30.870929705,241.895
30.876734693,238.538
30.882539682,241.686
30.888344671,244.388
30.894149659,244.371
30.899954648,246.384
30.905759637,246.167
31.352743764,241.372
31.358548752,244.146
31.364353741,249.032
31.370158730,253.197
31.375963718,256.57
31.381768707,261.603
31.387573696,265.383
31.393378684,268.234
31.399183673,275.224
31.404988662,280.869
31.410793650,288.263
31.416598639,291.211
31.422403628,291.39
31.428208616,289.072
31.434013605,283.82
31.439818594,280.252
31.445623582,272.712
31.451428571,269.504
31.457233560,267.891
31.463038548,264.663
31.468843537,260.855
31.474648526,258.422
31.480453514,257.954
31.486258503,258.942
31.492063492,260.366
31.497868480,265.292
31.503673469,270.705
31.509478458,274.286
31.515283446,276.133
31.521088435,273.864
31.526893424,273.729
31.532698412,266.963
31.538503401,268.252
31.544308390,266.158
31.550113378,262.512
31.555918367,260.45
31.561723356,255.395
31.631383219,269.235
31.637188208,275.949
31.642993197,281.904
31.648798185,290.392
31.654603174,297.768
31.660408163,315.431
31.666213151,316.37
31.672018140,315.546
31.677823129,314.541
31.683628117,318.541
31.689433106,317.756
31.695238095,318.901
31.701043083,304.892
31.706848072,303.058
31.712653061,302.427
31.718458049,301.753
31.724263038,301.917
31.730068027,299.382
31.735873015,300.327
31.741678004,297.596
31.747482993,298.992
31.753287981,296.17
31.759092970,300.835
31.764897959,301.342
31.770702947,305.695
31.776507936,312.82
31.782312925,320.458
31.788117913,321.545
31.793922902,320.985
31.799727891,320.647
31.805532879,319.406
31.892607709,280.953
31.898412698,284.607
31.904217687,291.177
31.910022675,297.198
31.915827664,300.792
31.921632653,302.54
31.927437641,304.547
31.933242630,305.25
31.939047619,296.394
31.944852607,288.92
31.950657596,282.556
31.956462585,278.08
31.962267573,265.969
31.968072562,266.569
31.973877551,251.363
31.979682539,248.498
31.985487528,245.653
31.991292517,232.974
31.997097505,219.166
32.002902494,219.429
32.159637188,267.363
32.165442176,274.128
32.171247165,293.14
32.177052154,309.535
32.182857142,319.982
32.188662131,323.054
32.194467120,322.236
32.200272108,319.313
32.206077097,316.661
32.211882086,314.219
32.217687074,310.718
32.223492063,305.843
32.229297052,299.887
32.235102040,295.769
32.240907029,293.496
32.246712018,292.241
32.252517006,289.871
32.258321995,289.994
32.264126984,290.87
32.269931972,292.75
32.275736961,296.777
32.281541950,300.697
32.287346938,302.24
32.293151927,302.968
32.298956916,296.366
32.304761904,295.685
32.310566893,291.589
32.316371882,293.114
32.322176870,294.771
32.327981859,291.636
32.333786848,290.216
32.339591836,289.1
32.345396825,290.311
32.351201814,291.928
32.357006802,293.664
32.362811791,298.202
32.368616780,301.352
32.444081632,289.629
32.449886621,282.058
32.455691609,287.974
32.461496598,291.35
32.467301587,287.48
32.473106575,276.864
32.478911564,271.404
32.484716553,267.954
32.490521541,266.516
32.496326530,260.9
32.502131519,250.949
32.507936507,250.092
32.676281179,250.338
32.682086167,258.484
32.687891156,266.18
32.693696145,266.61
32.699501133,270.674
32.705306122,272.918
32.711111111,270.025
32.716916099,271.357
32.722721088,273.475
32.728526077,274.596
32.734331065,276.991
32.740136054,279.5
32.745941043,281.043
32.751746031,284.526
32.757551020,285.69
32.763356009,285.857
32.769160997,286.949
32.774965986,286.115
32.780770975,287.335
32.786575963,290.327
32.792380952,293.345
32.798185941,294.737
32.803990929,297.13
32.809795918,298.103
32.815600907,298.898
32.821405895,301.511
32.827210884,304.717
32.833015873,309.795
32.838820861,314.338
32.844625850,317.099
32.850430839,318.676
32.856235827,319.973
32.862040816,320.792
32.867845804,322.683
32.873650793,325.399
32.879455782,328.025
32.885260770,330.231
32.891065759,331.724
32.896870748,333.158
32.902675736,334.486
32.908480725,336.229
32.914285714,338.608
32.920090702,338.702
32.925895691,336.694
32.931700680,334.832
33.024580498,280.56
33.030385487,283.572
33.036190476,286.957
33.041995464,289.199
33.047800453,290.62
33.053605442,291.17
33.059410430,290.358
33.065215419,290.93
33.071020408,291.183
33.076825396,290.251
33.082630385,289.302
33.088435374,286.765
33.094240362,284.38
33.100045351,283.398
33.105850340,283.17
33.111655328,283.117
33.117460317,283.625
33.123265306,284.066
33.129070294,284.558
33.134875283,285.373
33.140680272,286.296
33.146485260,286.707
33.152290249,287.216
33.158095238,287.594
33.163900226,288.052
33.169705215,288.787
33.175510204,289.462
33.181315192,290.141
33.187120181,289.778
33.192925170,290.391
33.198730158,292.193
33.204535147,295.474
33.210340136,294.741
33.216145124,294.389
33.221950113,293.26
33.227755102,291.142
33.233560090,287.155
33.239365079,283.704
33.245170068,272.662
33.250975056,264.083
33.256780045,262.03
33.262585034,252.611
33.268390022,253.335
33.274195011,252.564
33.280000000,260.82
33.285804988,262.707
33.291609977,267.117
33.297414965,272.692
33.303219954,273.72
33.309024943,278.21
33.314829931,282.946
33.320634920,286.23
33.326439909,289.432
33.332244897,292.625
33.338049886,297.121
33.343854875,301.307
33.349659863,305.353
33.355464852,310.214
33.361269841,314.336
33.367074829,316.379
33.372879818,316.562
33.378684807,315.119
33.384489795,311.344
33.390294784,308.82
33.396099773,305.695
33.401904761,302.073
33.407709750,299.356
33.413514739,297.351
33.419319727,293.799
33.425124716,265.855
33.430929705,258.654
33.436734693,255.802
33.442539682,248.506
33.448344671,245.888
33.454149659,246.192
33.459954648,251.676
33.465759637,256.913
33.471564625,265.226
33.477369614,270.61
33.483174603,278.552
33.488979591,289.718
33.494784580,295.558
33.500589569,300.451
33.506394557,304.76
33.512199546,310.914
33.518004535,315.526
33.523809523,321.35
33.529614512,329.661
33.535419501,335.823
33.541224489,338.956
33.547029478,340.173
33.552834467,338.729
33.558639455,334.736
33.564444444,328.924
33.570249433,321.277
33.576054421,311.196
33.581859410,302.716
33.587664399,295.292
33.593469387,289.137
33.599274376,277.768
33.605079365,267.932
33.610884353,262.276
33.616689342,253.547
33.622494331,251.632
33.628299319,250.731
33.634104308,251.154
33.639909297,252.537
33.645714285,255.513
33.651519274,266.811
33.657324263,275.165
33.663129251,279.301
33.668934240,282.111
33.674739229,285.33
33.680544217,291.518
33.686349206,308.626
33.692154195,319.016
33.697959183,325.023
33.703764172,328.859
33.709569160,332.074
33.715374149,336.836
33.721179138,341.77
33.726984126,342.163
33.732789115,338.056
33.738594104,327.337
33.744399092,315.107
33.750204081,303.82
33.756009070,293.979
33.761814058,283.884
33.767619047,266.473
33.773424036,255.799
33.779229024,247.868
33.785034013,243.321
33.790839002,241.823
33.796643990,240.925
33.802448979,241.395
33.808253968,242.104
33.814058956,243.565
33.819863945,247.539
33.825668934,252.287
33.831473922,259.809
33.837278911,278.173
33.843083900,287.103
33.848888888,293.446
33.854693877,299.41
33.860498866,306.548
33.866303854,316.018
33.872108843,320.699
33.877913832,325.078
33.883718820,326.535
33.889523809,326.086
33.895328798,324.395
33.901133786,321.96
34.394557823,303.718
34.400362811,304.34
34.406167800,302.057
34.411972789,310.852
34.417777777,313.729
34.423582766,317.217
34.429387755,317.777
34.435192743,321.781
34.440997732,323.432
34.446802721,323.452
34.452607709,321.393
34.458412698,319.003
34.464217687,318.372
34.470022675,317.173
34.475827664,317.948
34.481632653,319.312
34.487437641,321.368
34.493242630,323.995
34.499047619,324.7
34.504852607,320.607
34.510657596,313.716
34.516462585,309.334
34.522267573,306.549
34.528072562,301.656
34.533877551,298.909
34.539682539,295.243
34.545487528,296.432
34.551292517,296.551
34.557097505,298.348
34.562902494,301.879
34.568707482,306.298
34.574512471,309.193
34.580317460,310.154
34.586122448,305.525
34.591927437,303.274
34.597732426,302.463
34.603537414,295.269
34.609342403,303.74
34.615147392,303.413
34.620952380,299.605
34.626757369,304.984
34.632562358,303.613
34.638367346,299.559
34.644172335,296.295
34.649977324,296.851
34.655782312,299.204
34.661587301,297.876
34.667392290,293.623
34.673197278,285.724
34.986666666,308.674
34.992471655,308.821
34.998276643,310.032
35.004081632,310.368
35.009886621,308.835
35.015691609,308.512
35.021496598,307.039
35.027301587,305.832
35.033106575,305.791
35.038911564,303.926
35.044716553,303.651
35.050521541,303.157
35.056326530,303.717
35.062131519,303.247
35.067936507,305.899
35.073741496,310.634
35.079546485,314.721
35.085351473,318.846
35.091156462,319.74
35.096961451,320.47
35.102766439,320.655
35.108571428,319.715
35.114376417,318.71
35.120181405,316.894
35.125986394,314.98
35.131791383,311.508
35.137596371,309.408
35.143401360,306.324
35.149206349,303.411
35.155011337,299.907
35.160816326,297.835
35.166621315,296.864
35.172426303,295.083
35.178231292,295.103
35.184036281,295.123
35.189841269,298.751
35.195646258,300.272
35.201451247,302.955
35.207256235,304.89
35.213061224,307.67
35.218866213,311.896
35.224671201,314.25
35.230476190,315.669
35.236281179,315.087
35.242086167,314.261
35.247891156,312.551
35.253696145,310.629
35.259501133,309.12
35.265306122,307.402
35.271111111,305.565
35.276916099,302.909
35.282721088,299.845
35.288526077,296.742
35.294331065,292.574
35.300136054,289.068
35.305941043,287.627
35.311746031,286.505
35.317551020,285.962
35.323356009,286.869
35.329160997,288.056
35.334965986,289.49
35.340770975,290.815
35.346575963,291.339
35.352380952,292.244
35.358185941,292.943
35.363990929,293.129
35.369795918,292.951
35.375600907,291.292
35.381405895,289.211
35.387210884,286.203
35.393015873,283.531
35.398820861,280.209
35.404625850,277.242
35.439455782,275.525
35.445260770,278.756
35.451065759,283.581
35.456870748,288.537
35.462675736,294.478
35.468480725,299.761
35.474285714,303.74
35.480090702,308.975
35.485895691,316.634
35.491700680,319.813
35.497505668,323.397
35.503310657,324.32
35.509115646,324.777
35.514920634,326.32
35.520725623,323.574
35.526530612,323.138
35.532335600,305.923
35.538140589,300.494
35.543945578,295.951
35.549750566,289.028
35.555555555,283.924
35.561360544,283.983
35.567165532,282.677
35.572970521,283.34
35.578775510,286.213
35.584580498,289.785
35.590385487,293.339
35.596190476,297.631
35.601995464,299.776
35.607800453,303.917
35.613605442,304.148
35.619410430,305.68
35.625215419,306.325
35.631020408,306.151
35.636825396,307.08
35.642630385,308.738
35.648435374,311.617
35.654240362,311.33
35.660045351,309.616
35.665850340,298.8
35.671655328,302.764
35.677460317,298.757
35.683265306,298.419
35.689070294,299.217
35.694875283,292.446
35.700680272,289.262
35.735510204,286.331
35.741315192,289.238
35.747120181,291.669
35.752925170,294.188
35.758730158,302.456
35.764535147,308.267
35.770340136,312.032
35.776145124,314.243
35.781950113,316.979
35.787755102,318.855
35.793560090,317.834
35.799365079,286.732
35.805170068,285.195
35.810975056,284.458
35.816780045,285.037
35.822585034,284.13
35.828390022,284.533
35.834195011,285.29
35.840000000,285.946
35.845804988,287.445
35.851609977,288.649
35.857414965,288.818
35.863219954,290.883
35.869024943,270.538
35.874829931,262.711
35.880634920,244.784
35.886439909,243.084
35.892244897,241.615
35.898049886,241.273
35.903854875,241.516
35.985124716,276.68
35.990929705,283.328
35.996734693,290.229
36.002539682,300.653
36.008344671,302.072
36.014149659,308.386
36.019954648,314.73
36.025759637,320.28
36.031564625,328.922
36.037369614,340.385
36.043174603,351.487
36.048979591,360.747
36.054784580,367.625
36.060589569,370.778
36.066394557,370.985
36.072199546,371.471
36.078004535,370.65
36.083809523,369.777
36.089614512,368.431
36.095419501,367.791
36.101224489,366.666
36.107029478,365.235
36.112834467,363.199
36.118639455,359.891
36.124444444,356.544
36.130249433,352.738
36.159274376,329.023
36.165079365,328.771
36.170884353,329.376
36.176689342,331.354
36.182494331,335.366
36.188299319,338.757
36.194104308,342.873
36.199909297,346.438
36.205714285,350.445
36.211519274,354.392
36.217324263,358.909
36.223129251,363.861
36.228934240,367.452
36.234739229,370.304
36.281179138,395.144
36.286984126,394.37
36.292789115,392.969
36.298594104,391.363
36.304399092,390.922
36.310204081,391.824
36.316009070,393.461
36.321814058,396.25
36.327619047,398.974
36.333424036,401.411
36.339229024,403.809
36.345034013,404.902
36.350839002,405.551
36.356643990,405.445
36.362448979,404.331
36.368253968,402.55
36.374058956,400.799
36.379863945,398.539
36.385668934,395.588
36.391473922,392.256
36.397278911,389.291
36.403083900,386.52
36.408888888,384.888
36.414693877,384.154
36.420498866,384.18
36.426303854,385.388
36.432108843,387.402
36.437913832,389.484
36.443718820,391.471
36.449523809,394.255
36.455328798,396.469
36.461133786,397.817
36.466938775,398.634
36.472743764,398.7
36.478548752,397.885
36.484353741,395.85
36.490158730,391.451
36.495963718,386.22
36.501768707,381.299
36.507573696,376.409
36.542403628,330.847
36.548208616,327.241
36.554013605,324.316
36.559818594,322.526
36.565623582,320.997
36.571428571,319.979
36.577233560,319.412
36.583038548,320.105
36.588843537,321.219
36.594648526,323.745
36.600453514,327.182
36.606258503,331.683
36.612063492,336.806
36.617868480,342.182
36.623673469,346.506
36.629478458,350.45
36.635283446,353.661
36.641088435,356.432
36.646893424,357.728
36.652698412,357.224
36.658503401,356.167
36.664308390,354.571
36.670113378,352.815
36.675918367,350.379
36.681723356,347.564
36.687528344,344.964
36.693333333,342.258
36.699138321,338.954
36.704943310,332.568
36.710748299,325.014
36.716553287,318.866
36.722358276,314.663
36.780408163,341.935
36.786213151,341.515
36.792018140,340.497
36.797823129,341.687
36.803628117,342.876
36.809433106,346.588
36.815238095,348.391
36.821043083,350.28
36.826848072,352.668
36.832653061,353.667
36.838458049,355.888
36.844263038,356.941
36.850068027,357.777
36.855873015,358.896
36.861678004,358.263
36.867482993,358.755
36.873287981,359.369
36.879092970,359.868
36.884897959,362.291
36.890702947,363.648
36.896507936,365.799
36.902312925,366.177
36.908117913,367.55
36.913922902,369.189
36.919727891,370.592
36.925532879,371.714
36.931337868,372.141
36.937142857,371.401
36.942947845,370.95
36.948752834,376.319
36.954557823,378.115
36.960362811,378.905
36.966167800,382.117
36.971972789,383.913
36.977777777,385.977
36.983582766,386.261
36.989387755,385.926
36.995192743,387.814
37.000997732,387.318
37.006802721,387.68
37.012607709,388.032
37.018412698,387.088
37.024217687,386.826
37.030022675,385.721
37.035827664,384.799
37.041632653,382.627
37.047437641,381.028
37.053242630,380.948
37.059047619,379.31
37.064852607,378.402
37.070657596,379.808
37.076462585,380.148
37.082267573,382.14
37.088072562,386.595
37.093877551,388.225
37.099682539,390.912
37.105487528,394.26
37.111292517,395.702
37.117097505,397.051
37.122902494,398.539
37.128707482,400.648
37.134512471,400.199
37.140317460,402.329
37.146122448,401.416
37.151927437,397.769
37.157732426,394.615
37.163537414,390.827
37.169342403,389.095
37.175147392,387.587
37.180952380,386.819
37.186757369,387.463
37.192562358,388.402
37.198367346,390.808
37.204172335,393.496
37.209977324,394.528
37.215782312,396.011
37.221587301,396.92
37.227392290,397.674
37.233197278,398.3
37.239002267,399.001
37.244807256,399.796
37.250612244,400.742
37.256417233,400.597
37.262222222,402.686
37.268027210,406.873
37.273832199,409.148
37.279637188,408.725
37.285442176,405.462
37.291247165,402.213
37.297052154,397.162
37.302857142,394.276
37.308662131,387.21
37.314467120,386.027
37.320272108,383.117
37.326077097,381.297
37.331882086,380.552
37.337687074,379.445
37.343492063,378.325
37.349297052,378.904
37.355102040,381.543
37.360907029,381.989
37.366712018,382.472
37.372517006,383.137
37.378321995,383.602
37.384126984,385.558
37.389931972,387.711
37.395736961,393.236
37.401541950,394.844
37.407346938,394.279
37.413151927,394.136
37.418956916,389.839
37.424761904,388.15
37.430566893,386.625
37.436371882,385.254
37.442176870,385.623
37.447981859,386.054
37.453786848,385.777
37.459591836,386.209
37.465396825,384.634
37.471201814,383.112
37.477006802,383.378
37.482811791,382.796
37.488616780,383.027
37.494421768,382.799
37.500226757,381.891
37.506031746,382.982
37.511836734,383.312
37.517641723,384.502
37.523446712,386.369
37.529251700,385.408
37.535056689,388.743
37.540861678,392.582
37.546666666,398.238
37.552471655,399.931
37.558276643,398.222
37.564081632,396.303
37.569886621,393.346
37.575691609,392.258
37.581496598,393.22
37.587301587,390.545
37.593106575,390.233
37.598911564,386.671
37.604716553,384.592
37.610521541,383.831
37.616326530,382.132
37.622131519,382.04
37.627936507,382.182
37.633741496,381.705
37.639546485,382.6
37.645351473,384.538
37.651156462,385.583
37.656961451,386.444
37.662766439,388.256
37.668571428,388.903
37.674376417,391.259
37.680181405,393.549
37.685986394,393.063
37.691791383,395.092
37.697596371,393.646
37.703401360,393.647
37.709206349,393.549
37.715011337,395.671
37.720816326,396.518
37.726621315,394.323
37.732426303,395.131
37.738231292,393.581
37.744036281,393.959
37.749841269,395.12
37.755646258,394.392
37.761451247,394.17
37.767256235,390.909
37.773061224,390.414
37.778866213,390.361
37.784671201,388.545
37.790476190,389.527
37.796281179,389.37
37.802086167,388.827
37.807891156,390.092
37.813696145,390.826
37.819501133,392.004
37.825306122,394.121
37.831111111,396.645
37.836916099,395.81
37.842721088,396.084
37.848526077,394.14
37.854331065,392.95
37.860136054,394.072
37.865941043,394.715
37.871746031,397.015
37.877551020,396.602
37.883356009,397.853
37.889160997,397.045
37.894965986,395.643
37.900770975,394.884
37.906575963,393.617
37.912380952,392.534
37.918185941,392.113
37.923990929,392.345
37.929795918,391.41
37.935600907,391.968
37.941405895,389.633
37.947210884,389.227
37.953015873,388.508
37.958820861,389.747
37.964625850,390.524
37.970430839,391.897
37.976235827,393.198
37.982040816,390.661
37.987845804,392.907
37.993650793,391.784
37.999455782,391.429
38.005260770,392.942
38.011065759,392.884
38.016870748,392.427
38.022675736,394.021
38.028480725,393.796
38.034285714,393.31
38.040090702,395.014
38.045895691,393.035
38.051700680,393.029
38.057505668,392.989
38.063310657,394.291
38.069115646,394.784
38.074920634,396.031
38.080725623,396.271
38.086530612,395.383
38.092335600,396.206
38.098140589,394.278
38.103945578,394.977
38.109750566,392.852
38.115555555,393.239
38.121360544,390.7
38.127165532,391.434
38.132970521,391.631
38.138775510,391.065
38.144580498,393.085
38.150385487,390.728
38.156190476,391.72
38.161995464,390.808
38.167800453,390.916
38.173605442,391.126
38.179410430,390.713
38.185215419,390.502
38.191020408,390.525
38.196825396,392.926
38.202630385,390.292
38.208435374,392.196
38.214240362,391.1
38.220045351,390.522
38.225850340,391.776
38.231655328,391.111
38.237460317,391.912
38.243265306,389.755
38.249070294,392.687
38.254875283,390.381
38.260680272,392.32
38.266485260,392.254
38.272290249,389.958
38.278095238,388.319
38.283900226,381.535
38.289705215,380.054
38.295510204,381.568
38.301315192,386.834
38.307120181,386.332
38.312925170,386.938
38.318730158,385.577
38.324535147,380.359
38.330340136,379.045
38.336145124,380.751
38.341950113,382.75
38.347755102,385.144
38.353560090,384.644
38.359365079,383.305
38.365170068,381.905
38.370975056,380.696
38.376780045,381.369
38.382585034,380.175
38.388390022,379.692
38.394195011,377.96
38.400000000,376.937
38.405804988,376.297
38.411609977,376.833
38.417414965,375.408
38.423219954,374.147
38.429024943,374.946
38.434829931,372.585
38.440634920,373.085
38.446439909,371.762
38.452244897,371.704
38.458049886,372.194
38.463854875,373.037
38.469659863,373.099
38.475464852,369.323
38.481269841,368.416
38.487074829,365.715
38.492879818,364.174
38.498684807,365.012
38.504489795,363.404
38.510294784,363.218
38.516099773,362.763
38.521904761,359.863
38.527709750,359.918
38.533514739,357.969
38.539319727,357.536
38.545124716,356.246
38.550929705,353.125
38.556734693,352.432
38.562539682,353.08
38.568344671,352.842
38.574149659,352.339
38.579954648,350.538
38.585759637,346.977
38.591564625,345.322
38.597369614,349.679
38.603174603,341.886
38.608979591,338.101
38.614784580,333.949
38.620589569,331.008
38.626394557,328.492
38.632199546,320.826,[2] 
38.638004535,319.873,[2] 
38.643809523,320.019,[2] 
38.649614512,315.235,[2] 
38.655419501,312.07,[2] 
38.661224489,306.259,[2] 
38.667029478,309.337,[2] 
38.672834467,311.727,[2] 
38.678639455,308.439,[2] 
38.684444444,307.999,[2] 
38.690249433,309.356,[2] 
38.696054421,306.607,[2] 
38.701859410,306.625,[2] 
38.707664399,309.059,[2] 
38.713469387,303.44,[2] 
38.719274376,303.098,[2] 
38.725079365,305.168,[2] 
38.730884353,306.749,[2] 
38.736689342,313.651,[2] 
38.742494331,309.941,[2] 
38.748299319,302.598,[2] 
38.754104308,298.638,[2] 
38.759909297,297.299,[2] 
38.765714285,296.49,[2] 
38.771519274,289.482
38.777324263,287.579
38.783129251,284.587
38.788934240,281.18
38.794739229,277.679
38.800544217,272.864
38.806349206,270.971
38.812154195,270.719
38.817959183,268.21
38.823764172,265.758
38.829569160,258.398
38.835374149,258.398
38.841179138,258.398
38.846984126,258.398
38.852789115,258.398
38.858594104,258.398
38.864399092,258.398
38.870204081,258.398
38.876009070,258.398
38.881814058,258.398
38.887619047,258.398
38.893424036,258.398
38.899229024,258.398
38.905034013,258.398
