464.886712018,865.359,[8] 
464.892517006,879.092,[8] 
464.898321995,884.641,[8] 
464.904126984,885.21,[8] 
464.909931972,885.55,[8] 
464.915736961,886.126,[8] 
464.921541950,885.262,[8] 
464.927346938,887.049,[8] 
464.933151927,887.887,[8] 
464.938956916,888.766,[8] 
464.944761904,888.806,[8] 
464.950566893,888.916,[8] 
464.956371882,888.837,[8] 
464.962176870,888.518,[8] 
464.967981859,889.198,[8] 
464.973786848,889.458,[8] 
464.979591836,889.187
464.985396825,888.097
464.991201814,886.911
464.997006802,885.815
465.002811791,885.137
465.008616780,885.861
465.014421768,886.623
465.020226757,887.255
465.026031746,887.849
465.031836734,888.79
465.037641723,890.386
465.043446712,891.686
465.049251700,892.613
465.055056689,893.652
465.060861678,893.601
465.066666666,893.309
465.072471655,893.279
465.078276643,893.553
465.084081632,893.603
465.089886621,893.236
465.095691609,893.139
465.101496598,893.047
465.107301587,893.002
465.113106575,892.111
465.118911564,892.82
465.124716553,892.399
465.130521541,890.84
465.136326530,889.484
465.142131519,888.393
465.147936507,887.245
465.153741496,886.156
465.159546485,885.659
465.165351473,885.453
465.171156462,884.511
465.176961451,890.417
465.182766439,791.569
465.188571428,791.688
465.194376417,793.851
465.200181405,791.431
465.205986394,790.469
465.211791383,790.103
465.217596371,789.746
465.223401360,788.506
465.229206349,788.439
465.235011337,788.202
465.240816326,788.191
465.246621315,788.397
465.252426303,788.468
465.258231292,788.793
465.264036281,789.144
465.269841269,789.127
465.275646258,789.179
465.281451247,788.772
465.287256235,788.4
465.293061224,788.004
465.298866213,787.712
465.304671201,787.645
465.310476190,787.662
465.316281179,787.671
465.322086167,787.541
465.327891156,787.11
465.333696145,786.885
465.339501133,788.654
465.345306122,790.102
465.351111111,790.354
465.356916099,790.042
465.362721088,789.626
465.368526077,789.581
465.374331065,790.025
465.380136054,790.306
465.385941043,790.368
465.391746031,790.114
465.397551020,789.691
465.403356009,789.103
465.409160997,788.543
465.414965986,788.306
465.420770975,787.921
465.426575963,787.806
465.432380952,788.203
465.438185941,788.882
465.443990929,789.598
465.449795918,792.215
465.455600907,790.757
465.461405895,791.284
465.467210884,791.319
465.473015873,791.047
465.478820861,790.473
465.484625850,789.658
465.490430839,788.511
465.496235827,788.418
465.502040816,789.014
465.507845804,789.468
465.513650793,789.709
465.519455782,789.863
465.525260770,789.968
465.531065759,790.06
465.536870748,790.19
465.542675736,790.432
465.548480725,790.694
465.554285714,790.885
465.560090702,790.734
465.565895691,789.763
465.571700680,788.718
465.577505668,788.127
465.583310657,787.509
465.589115646,787.77
465.594920634,788.953
465.600725623,790.629
465.606530612,791.552
465.612335600,791.73
465.618140589,790.078
465.623945578,788.96
465.629750566,788.088
465.635555555,787.257
465.641360544,787.144
465.647165532,787.843
465.652970521,788.558
465.658775510,789.275
465.664580498,790.045
465.670385487,790.815
465.676190476,791.386
465.681995464,791.592
465.687800453,791.53
465.693605442,791.808
465.699410430,792.236
465.705215419,792.478
465.711020408,792.644
465.716825396,792.773
465.722630385,792.959
465.728435374,792.954
465.734240362,792.777
465.740045351,792.429
465.745850340,790.841
465.751655328,791.699
465.757460317,792.378
465.763265306,792.737
465.769070294,792.982
465.774875283,792.979
465.780680272,792.929
465.786485260,792.817
465.792290249,792.349
465.798095238,791.568
465.803900226,790.841
465.809705215,790.416
465.815510204,790.088
465.821315192,789.685
465.827120181,789.187
465.832925170,789.037
465.838730158,789.031
465.844535147,789.095
465.850340136,789.303
465.856145124,789.36
465.861950113,789.295
465.867755102,789.883
465.873560090,790.122
465.879365079,791.102
465.885170068,792.289
465.890975056,793.398
465.896780045,793.635
465.902585034,792.963
465.908390022,792.287
465.914195011,791.794
465.920000000,791.713
465.925804988,791.997
465.931609977,792.183
465.937414965,792.098
465.943219954,792.048
465.949024943,792.214
465.954829931,792.226
465.960634920,792.035
465.966439909,791.771
465.972244897,791.575
465.978049886,791.53
465.983854875,791.619
465.989659863,791.734
465.995464852,790.228
466.001269841,789.901
466.007074829,790.856
466.012879818,791.86
466.018684807,792.653
466.024489795,793.213
466.030294784,793.576
466.036099773,793.77
466.041904761,793.59
466.047709750,793.555
466.053514739,793.3
466.059319727,791.687
466.065124716,790.168
466.070929705,790.699
466.076734693,791.297
466.082539682,791.818
466.088344671,791.881
466.094149659,791.813
466.099954648,791.899
466.105759637,791.985
466.111564625,791.964
466.117369614,792.042
466.123174603,792.194
466.128979591,792.233
466.134784580,792.043
466.140589569,791.595
466.146394557,791.126
466.152199546,790.836
466.158004535,790.746
466.163809523,790.681
466.169614512,790.871
466.175419501,792.385
466.181224489,792.256
466.187029478,791.995
466.192834467,792.274
466.198639455,793.129
466.204444444,793.306
466.210249433,793.408
466.216054421,792.983
466.221859410,801.87,[8] 
466.227664399,799.388,[8] 
466.233469387,797.447,[8] 
466.239274376,797.479,[8] 
466.245079365,795.836,[8] 
466.250884353,795.744,[8] 
466.256689342,795.363,[8] 
466.262494331,795.914,[8] 
466.268299319,792.065
466.274104308,792.676
466.279909297,792.802
466.285714285,792.632
466.291519274,792.577
466.297324263,792.067
466.303129251,792.385
466.308934240,792.996
466.314739229,793.537
466.320544217,793.755
466.326349206,793.171
466.332154195,792.892
466.337959183,792.974
466.343764172,793.105
466.349569160,793.127
466.355374149,793.103
466.361179138,793.075
466.366984126,793.04
466.372789115,792.839
466.378594104,792.722
466.384399092,792.871
466.390204081,793.123
466.396009070,793.349
466.401814058,793.417
466.407619047,793.202
466.413424036,792.993
466.419229024,792.83
466.425034013,792.546
466.430839002,792.336
466.436643990,791.61
466.442448979,787.81
466.448253968,786.919
466.454058956,788.295
466.459863945,788.622
466.465668934,788.223
466.471473922,788.925
466.477278911,790.553
466.483083900,794.36
466.488888888,790.887
466.494693877,789.491
466.500498866,789.692
466.506303854,790.062
466.512108843,790.489
466.517913832,790.954
466.523718820,791.451
466.529523809,791.712
466.535328798,792.625,[8] 
466.541133786,792.262,[8] 
466.546938775,792.029,[8] 
466.552743764,791.758,[8] 
466.558548752,791.55,[8] 
466.564353741,791.35,[8] 
466.570158730,790.794,[8] 
466.575963718,790.932,[8] 
466.581768707,790.839,[8] 
466.587573696,790.641,[8] 
466.593378684,791.361,[8] 
466.599183673,790.781,[8] 
466.604988662,790.759,[8] 
466.610793650,790.722,[8] 
466.616598639,790.054,[8] 
466.622403628,790.494,[8] 
466.628208616,790.562,[8] 
466.634013605,791.125,[8] 
466.639818594,791.713,[8] 
466.645623582,788.596
466.651428571,787.951
466.657233560,787.437
466.663038548,787.492
466.668843537,787.162
466.674648526,787.062
466.680453514,787.538
466.686258503,788.035
466.692063492,889.101
466.697868480,889.369
466.703673469,889.643
466.709478458,889.916
466.715283446,890.184
466.721088435,890.265
466.726893424,890.222
466.732698412,890.305
466.738503401,889.701,[8] 
466.744308390,889.652,[8] 
466.750113378,889.661,[8] 
466.755918367,889.703,[8] 
466.761723356,890.73
466.767528344,890.362
466.773333333,890.356
466.779138321,890.363
466.784943310,890.185
466.790748299,889.856
466.796553287,889.568
466.802358276,890.043
466.808163265,890.841
466.813968253,891.438
466.819773242,891.827
466.825578231,891.422
466.831383219,890.935
466.837188208,890.307
466.842993197,889.437
466.848798185,887.961
466.854603174,887.051
466.860408163,887.45
466.866213151,887.257
466.872018140,886.63
466.877823129,886.688
466.883628117,887.647
466.889433106,888.704
466.895238095,889.945
466.901043083,891.537
466.906848072,891.015
466.912653061,778.283
466.918458049,790.596
466.924263038,790.557
466.930068027,791.06
466.935873015,791.651
466.941678004,792.097
466.947482993,792.857
466.953287981,793.819
466.959092970,794.506
466.964897959,793.393
466.970702947,792.664
466.976507936,792.038
466.982312925,791.379
466.988117913,790.621
466.993922902,790.113
466.999727891,790.128
467.005532879,790.716
467.011337868,791.436
467.017142857,791.429
467.022947845,790.397
467.028752834,789.356
467.034557823,788.424
467.040362811,787.468
467.046167800,786.597
467.051972789,785.848
467.057777777,786.052
467.063582766,786.786
467.069387755,787.335
467.075192743,787.391
467.080997732,787.444
467.086802721,787.626
467.092607709,787.903
467.098412698,788.129
467.104217687,788.469
467.110022675,789.223
467.115827664,790.187
467.121632653,790.778
467.127437641,791.613
467.133242630,791.927
467.139047619,790.127
467.144852607,789.822
467.150657596,789.988
467.156462585,790.04
467.162267573,789.804
467.168072562,789.83
467.173877551,789.84
467.179682539,789.767
467.185487528,789.388
467.191292517,789.118
467.197097505,789.375
467.202902494,789.416
467.208707482,789.057
467.214512471,788.39
467.220317460,787.265
467.226122448,787.525
467.231927437,788.04
467.237732426,788.366
467.243537414,788.762
467.249342403,790.373
467.255147392,792.214
467.260952380,793.576
467.266757369,793.417
467.272562358,793.215
467.278367346,792.702
467.284172335,792.464
467.289977324,792.627
467.295782312,792.826
467.301587301,792.789
467.307392290,792.526
467.313197278,791.944
467.319002267,790.538
467.324807256,788.433
467.330612244,789.184
467.336417233,788.742
467.342222222,786.81
467.348027210,786.564
467.353832199,786.929
467.359637188,787.012
467.365442176,786.926
467.371247165,787.05
467.377052154,787.882
467.382857142,788.964
467.388662131,790.795
467.394467120,794.882
467.400272108,792.02
467.406077097,790.596
467.411882086,789.649
467.417687074,788.965
467.423492063,788.078
467.429297052,788.065
467.435102040,788.903
467.440907029,789.536
467.446712018,790.151
467.452517006,790.28
467.458321995,790.074
467.464126984,789.423
467.469931972,788.597
467.475736961,788.16
467.481541950,788.341
467.487346938,788.49
467.493151927,789.299
467.498956916,789.484
467.504761904,789.945
467.510566893,788.311
467.516371882,787.609
467.522176870,787.437
467.527981859,787.464
467.533786848,788.384
467.539591836,790.028
467.545396825,791.785
467.551201814,793.937
467.557006802,792.441
467.562811791,790.649
467.568616780,789.775
467.574421768,789.193
467.580226757,788.675
467.586031746,788.234
467.591836734,787.367
467.597641723,786.197
467.603446712,785.828
467.609251700,785.935
467.615056689,786.423
467.620861678,786.792
467.626666666,787.127
467.632471655,787.327
467.638276643,787.238
467.644081632,787.339
467.649886621,787.884
467.655691609,788.189
467.661496598,788.333
467.667301587,788.26
467.673106575,788.333
467.678911564,788.442
467.684716553,788.305
467.690521541,787.959
467.696326530,787.929
467.702131519,788.622
467.707936507,788.967
467.713741496,789.228
467.719546485,789.273
467.725351473,789.259
467.731156462,789.447
467.736961451,789.445
467.742766439,789.049
467.748571428,788.771
467.754376417,788.523
467.760181405,788.638
467.765986394,788.637
467.771791383,788.825
467.777596371,788.7
467.783401360,788.617
467.789206349,788.645
467.795011337,789.044
467.800816326,789.206
467.806621315,789.075
467.812426303,789.422
467.818231292,788.711
467.824036281,788.048
467.829841269,788.336
467.835646258,788.657
467.841451247,788.848
467.847256235,788.969
467.853061224,789.182
467.858866213,785.962
467.864671201,785.962
467.870476190,792.152
467.876281179,791.652
467.882086167,785.962
467.887891156,785.962
467.893696145,785.962
467.899501133,785.962
467.905306122,785.962
467.911111111,785.962
467.916916099,785.962
467.922721088,785.962
467.928526077,785.962
467.934331065,785.962
467.940136054,785.962
467.945941043,785.962
467.951746031,785.962
467.957551020,785.962
467.963356009,785.962
467.969160997,785.962
467.974965986,785.962
467.980770975,785.962
467.986575963,785.962
467.992380952,785.962
467.998185941,785.962
468.003990929,785.962
468.009795918,785.962
468.015600907,785.962
468.021405895,785.962
468.027210884,785.962
468.033015873,785.962
468.038820861,785.962
468.044625850,785.962
468.050430839,785.962
468.056235827,785.962
468.062040816,785.962
468.067845804,785.962
468.073650793,785.962
468.079455782,785.962
468.085260770,785.962
468.091065759,785.962
468.096870748,785.962
468.102675736,785.962
468.108480725,792.542,[8] 
468.114285714,792.481,[8] 
468.120090702,792.479,[8] 
468.125895691,792.133,[8] 
468.131700680,792.087,[8] 
468.137505668,791.56,[8] 
468.143310657,791.745,[8] 
468.149115646,791.546,[8] 
468.154920634,792.641,[8] 
468.160725623,792.293,[8] 
468.166530612,792.955,[8] 
468.172335600,793.511,[8] 
468.178140589,792.73,[8] 
468.183945578,793.999,[8] 
468.189750566,793.974,[8] 
468.195555555,793.162,[8] 
468.201360544,792.74,[8] 
468.207165532,792.062,[8] 
468.212970521,791.589,[8] 
468.218775510,791.478,[8] 
468.224580498,791.472,[8] 
468.230385487,791.305,[8] 
468.236190476,791.145,[8] 
468.241995464,790.722,[8] 
468.247800453,789.918,[8] 
468.253605442,789.282,[8] 
468.259410430,788.839,[8] 
468.265215419,789.103,[8] 
468.271020408,789.645,[8] 
468.276825396,789.495,[8] 
468.282630385,788.482,[8] 
468.288435374,789.092,[8] 
468.294240362,789.321,[8] 
468.300045351,790.058,[8] 
468.305850340,790.593,[8] 
468.311655328,790.512,[8] 
468.317460317,790.618,[8] 
468.323265306,790.582,[8] 
468.329070294,790.726,[8] 
468.334875283,790.629,[8] 
468.340680272,790.702,[8] 
468.346485260,790.75,[8] 
468.352290249,790.688,[8] 
468.358095238,790.872,[8] 
468.363900226,790.919,[8] 
468.369705215,790.899,[8] 
468.375510204,790.911,[8] 
468.381315192,791.133,[8] 
468.387120181,791.448,[8] 
468.392925170,792.22,[8] 
468.398730158,792.554,[8] 
468.404535147,792.576,[8] 
468.410340136,791.946,[8] 
468.416145124,791.099,[8] 
468.421950113,785.962
468.427755102,785.962
468.433560090,785.962
468.439365079,785.962
468.445170068,785.962
468.450975056,785.962
468.456780045,785.962
468.462585034,785.962
468.468390022,884.917
468.474195011,885.458
468.480000000,886.056
468.485804988,886.652
468.491609977,887.143
468.497414965,887.259
468.503219954,887.1
468.509024943,886.249,[8] 
468.514829931,886.392,[8] 
468.520634920,886.908,[8] 
468.526439909,887.242,[8] 
468.532244897,887.504,[8] 
468.538049886,887.596,[8] 
468.543854875,888.004,[8] 
468.549659863,887.771,[8] 
468.555464852,887.708,[8] 
468.561269841,886.457,[8] 
468.567074829,884.325,[8] 
468.572879818,884.874,[8] 
468.578684807,885.457,[8] 
468.584489795,886.688,[8] 
468.590294784,887.3,[8] 
468.596099773,888.069,[8] 
468.601904761,888.266,[8] 
468.607709750,888.539,[8] 
468.613514739,888.455,[8] 
468.619319727,887.866,[8] 
468.625124716,887.647,[8] 
468.630929705,887.359,[8] 
468.636734693,887.309,[8] 
468.642539682,886.884,[8] 
468.648344671,886.673,[8] 
468.654149659,886.258,[8] 
468.659954648,886.003,[8] 
468.665759637,886.278,[8] 
468.671564625,885.707,[8] 
468.677369614,885.439,[8] 
468.683174603,885.524,[8] 
468.688979591,885.843,[8] 
468.694784580,888.868,[8] 
468.700589569,888.429,[8] 
468.706394557,0,[8] 
468.712199546,793.569
468.718004535,793.602
468.723809523,794.687
468.729614512,794.161
468.735419501,794.564
468.741224489,795.182
468.747029478,793.684
468.752834467,793.339
468.758639455,793.004
468.764444444,793.01
468.770249433,792.232
468.776054421,791.698
468.781859410,791.067
468.787664399,789.677
468.793469387,788.646
468.799274376,788.158
468.805079365,788.448
468.810884353,789.189
468.816689342,789.421
468.822494331,791.196
468.828299319,790.192
468.834104308,789.039
468.839909297,788.422
468.845714285,787.933
468.851519274,787.898
468.857324263,788.112
468.863129251,788.51
468.868934240,789.078
468.874739229,789.734
468.880544217,790.828
468.886349206,790.987
468.892154195,789.293
468.897959183,792.642
468.903764172,792.057
468.909569160,791.776
468.915374149,791.723
468.921179138,790.028
468.926984126,789.564
468.932789115,789.969
468.938594104,790.884
468.944399092,791.886
468.950204081,791.859
468.956009070,791.498
468.961814058,791.407
468.967619047,791.008
468.973424036,790.427
468.979229024,790.011
468.985034013,789.731
468.990839002,789.49
468.996643990,789.452
469.002448979,789.328
469.008253968,788.756
469.014058956,787.888
469.019863945,786.628
469.025668934,786.844
469.031473922,787.533
469.037278911,788.626
469.043083900,789.705
469.048888888,791.651
469.054693877,795.439
469.060498866,792.921
469.066303854,791.885
469.072108843,789.985
469.077913832,789.03
469.083718820,788.315
469.089523809,789.71
469.095328798,791.136
469.101133786,791.141
469.106938775,790.422
469.112743764,789.956
469.118548752,789.626
469.124353741,788.367
469.130158730,790.814
469.135963718,790.769
469.141768707,790.998
469.147573696,791.022
469.153378684,790.77
469.159183673,789.848
469.164988662,789.136
469.170793650,789.118
469.176598639,790.621
469.182403628,790.366
469.188208616,790.278
469.194013605,790.795
469.199818594,790.685
469.205623582,789.823
469.211428571,789.054
469.217233560,788.795
469.223038548,789.005
469.228843537,789.08
469.234648526,789.177
469.240453514,788.078
469.246258503,789.205
469.252063492,790.459
469.257868480,791.446
469.263673469,791.706
469.269478458,791.604
469.275283446,791.395
469.281088435,791.398
469.286893424,791.644
469.292698412,792.053
469.298503401,792.516
469.304308390,792.426
469.310113378,791.416
469.315918367,792
469.321723356,793.44
469.327528344,794.104
469.333333333,793.956
469.339138321,793.439
469.344943310,792.221
469.350748299,791.412
469.356553287,790.927
469.362358276,789.331
469.368163265,788.429
469.373968253,789.699
469.379773242,790.16
469.385578231,790.308
469.391383219,790.025
469.397188208,790.016
469.402993197,789.603
469.408798185,789.762
469.414603174,790.946
469.420408163,791.49
469.426213151,791.325
469.432018140,788.32
469.437823129,788.086
469.443628117,787.157
469.449433106,787.668
469.455238095,788.262
469.461043083,788.307
469.466848072,787.992
469.472653061,789.312
469.478458049,793.107
469.484263038,793.828
469.490068027,792.889
469.495873015,791.798
469.501678004,791.855
469.507482993,792.223
469.513287981,792.339
469.519092970,792.084
469.524897959,790.676
469.530702947,792.806
469.536507936,792.394
469.542312925,791.384
469.548117913,792.608
469.553922902,793.471
469.559727891,792.268
469.565532879,791.712
469.571337868,791.668
469.577142857,791.722
469.582947845,791.643
469.588752834,791.433
469.594557823,791.409
469.600362811,791.628
469.606167800,791.608
469.611972789,790.872
469.617777777,789.435
469.623582766,788.064
469.629387755,786.786
469.635192743,829.643
469.640997732,882.013
469.646802721,882.308
469.652607709,882.46
469.658412698,882.452
469.664217687,882.676
469.670022675,882.909
469.675827664,882.743
469.681632653,883.158
469.687437641,883.123
469.693242630,883.35
469.699047619,883.325
469.704852607,883.507
469.710657596,883.638
469.716462585,883.822
469.722267573,883.97
469.728072562,883.428
469.733877551,882.707
469.739682539,883.043
469.745487528,883.194
469.751292517,883.044
469.757097505,883.017
469.762902494,882.79
469.768707482,882.632
469.774512471,882.573
469.780317460,882.454
469.786122448,882.153
469.791927437,882.062
469.797732426,882.226
469.803537414,882.505
469.809342403,882.716
469.815147392,882.878
469.820952380,883.104
469.826757369,883.516
469.832562358,883.795
469.838367346,883.721
469.844172335,883.561
469.849977324,883.277
469.855782312,883.29
469.861587301,883.632
469.867392290,883.694
469.873197278,883.799
469.879002267,884.257
469.884807256,884.362
469.890612244,884.697
469.896417233,885.008
469.902222222,885.22
469.908027210,885.572
469.913832199,885.315
469.919637188,884.83
469.925442176,884.244
469.931247165,883.364
469.937052154,883.646
469.942857142,883.703
469.948662131,883.829
469.954467120,884.113
469.960272108,883.989
469.966077097,883.818
469.971882086,883.683
469.977687074,883.497
469.983492063,883.29
469.989297052,882.846
469.995102040,882.519
470.000907029,882.358
470.006712018,882.239
470.012517006,881.987
470.018321995,882.015
470.024126984,881.684
470.029931972,881.185
470.035736961,881.093
470.041541950,881.388
470.047346938,881.335
470.053151927,881.263
470.058956916,881.145
470.064761904,880.576
470.070566893,880.969
470.076371882,881.462
470.082176870,882.423
470.087981859,882.159
470.093786848,881.702
470.099591836,881.894
470.105396825,882.12
470.111201814,882.235
470.117006802,882.356
470.122811791,882.353
470.128616780,882.505
470.134421768,882.268
470.140226757,882.771
470.146031746,882.883
470.151836734,883.17
470.157641723,883.434
470.163446712,883.454
470.169251700,883.455
470.175056689,883.428
470.180861678,883.508
470.186666666,883.654
470.192471655,883.766
470.198276643,883.7
470.204081632,883.529
470.209886621,883.768
470.215691609,884.444
470.221496598,884.677
470.227301587,884.461
470.233106575,884.345
470.238911564,884.289
470.244716553,884.174
470.250521541,884.017
470.256326530,884.567
470.262131519,884.491
470.267936507,884.238
470.273741496,883.949
470.279546485,883.785
470.285351473,883.641
470.291156462,883.477
470.296961451,883.339
470.302766439,883.29
470.308571428,883.335
470.314376417,883.574
470.320181405,883.851
470.325986394,884.481
470.331791383,884.881
470.337596371,885.143
470.343401360,885.398
470.349206349,885.718
470.355011337,886.201
470.360816326,886.576
470.366621315,886.126
470.372426303,885.513
470.378231292,885.023
470.384036281,884.627
470.389841269,884.201
470.395646258,883.843
470.401451247,884.11
470.407256235,884.415
470.413061224,884.767
470.418866213,885.125
470.424671201,885.077
470.430476190,884.743
470.436281179,884.767
470.442086167,884.799
470.447891156,885.264
470.453696145,885.528
470.476916099,979.883
470.482721088,980.822
470.488526077,981.262
470.494331065,981.896
470.500136054,982.542
470.505941043,983.245
470.511746031,984.074
470.517551020,985.187
470.523356009,986.271
470.529160997,986.518
470.534965986,986.3
470.540770975,985.962
470.546575963,986.237
470.552380952,986.779
470.558185941,987.385
470.563990929,987.703
470.569795918,987.378
470.575600907,987.279
470.581405895,987.164
470.587210884,986.687
470.593015873,986.785
470.598820861,987.324
470.604625850,988.194
470.610430839,988.549
470.616235827,987.385
470.622040816,986.718
470.627845804,986.283
470.633650793,986.37
470.639455782,986.64
470.645260770,986.618
470.651065759,986.891
470.656870748,986.887
470.662675736,986.829
470.668480725,986.852
470.674285714,987.34
470.680090702,988.214
470.685895691,988.55
470.691700680,987.885
470.697505668,986.861
470.703310657,985.632
470.709115646,984.16
470.714920634,982.996
470.720725623,982.457
470.726530612,982.42
470.732335600,982.45
470.738140589,983.344
470.743945578,985.3
470.749750566,986.037
470.755555555,986.548
470.761360544,986.217
470.767165532,985.824
470.772970521,985.508
470.778775510,984.981
470.784580498,982.92
470.790385487,981.108
470.796190476,981.661
470.801995464,981.647
470.807800453,981.644
470.813605442,981.672
470.819410430,981.398
470.825215419,981.039
470.831020408,980.81
470.836825396,980.595
470.842630385,979.997
470.848435374,979.697
470.854240362,979.838
470.860045351,980.217
470.865850340,980.629
470.871655328,980.115
470.877460317,980.103
470.883265306,980.645
470.889070294,980.973
470.894875283,980.783
470.900680272,980.263
470.906485260,979.831
470.912290249,979.564
470.918095238,979.901
470.923900226,979.33
470.929705215,978.927
470.935510204,978.903
470.941315192,979.874
470.947120181,980.376
470.952925170,980.577
470.958730158,980.52
470.964535147,981.726
470.970340136,982.635
470.976145124,982.962
470.981950113,982.659
470.987755102,981.908
470.993560090,980.988
470.999365079,979.669
471.005170068,979.839
471.010975056,980.516
471.016780045,981.129
471.022585034,981.502
471.028390022,982.23
471.034195011,982.265
471.040000000,983.788
471.045804988,988.032
471.051609977,985.622
471.057414965,982.369
471.063219954,982.99
471.069024943,983.602
471.074829931,983.816
471.080634920,984.929
471.086439909,985.955
471.092244897,986.843
471.098049886,986.584
471.103854875,985.482
471.109659863,985.782
471.115464852,985.664
471.121269841,983.798
471.127074829,982.987
471.132879818,982.28
471.138684807,982.046
471.144489795,982.207
471.150294784,982.472
471.156099773,982.774
471.161904761,982.775
471.167709750,983.231
471.173514739,984.316
471.179319727,985.126
471.185124716,985.205
471.190929705,985.227
471.196734693,985.306
471.202539682,986.025
471.208344671,987.764
471.214149659,986.967
471.219954648,987.826
471.225759637,988.199
471.231564625,988.394
471.237369614,988.433
471.243174603,988.228
471.248979591,987.735
471.254784580,986.99
471.260589569,986.145
471.266394557,985.184
471.272199546,983.012
471.278004535,982.368
471.283809523,982.416
471.289614512,982.071
471.295419501,981.413
471.301224489,980.414
471.307029478,979.844
471.312834467,979.927
471.318639455,979.858
471.324444444,979.507
471.330249433,978.679
471.336054421,978.178
471.341859410,978.82
471.347664399,979.01
471.353469387,979.859
471.359274376,980.265
471.365079365,980.247
471.370884353,980.076
471.376689342,981.318
471.382494331,883.958
471.388299319,884.19
471.394104308,884.267
471.399909297,884.404
471.405714285,884.847
471.411519274,885.251
471.417324263,885.28
471.423129251,884.931
471.428934240,884.567
471.434739229,884.476
471.440544217,884.047
471.446349206,883.566
471.452154195,883.488
471.457959183,882.971
471.463764172,883.102
471.469569160,883.154
471.475374149,883.265
471.481179138,882.718
471.486984126,882.27
471.492789115,881.722
471.498594104,881.196
471.504399092,880.673
471.510204081,879.959
471.516009070,879.798
471.521814058,880.314
471.527619047,880.617
471.533424036,879.739
471.539229024,879.46
471.545034013,879.807
471.550839002,880.068
471.556643990,880.324
471.562448979,880.546
471.568253968,880.484
471.574058956,880.349
471.579863945,880.254
471.585668934,880.234
471.591473922,880.089
471.597278911,880.077
471.603083900,880.19
471.608888888,880.326
471.614693877,880.452
471.620498866,880.592
471.626303854,880.796
471.632108843,880.228
471.637913832,879.68
471.643718820,879.676
471.649523809,879.689
471.655328798,879.711
471.661133786,879.75
471.666938775,879.874
471.672743764,879.759
471.678548752,879.117
471.695963718,0,[6] 
471.701768707,0,[6] 
471.707573696,792.814,[6] 
471.713378684,792.688,[6] 
471.719183673,792.262,[6] 
471.724988662,791.255,[6] 
471.730793650,791.297,[6] 
471.736598639,791,[6] 
471.742403628,791.14,[6] 
471.748208616,791.138,[6] 
471.754013605,791.495,[6] 
471.759818594,791.32,[6] 
471.765623582,791.986,[6] 
471.771428571,791.941,[6] 
471.777233560,792.641,[6] 
471.783038548,793.465,[6] 
471.788843537,796.056,[6] 
471.794648526,798.922,[6] 
471.800453514,795.53,[6] 
471.806258503,791.9,[6] 
471.812063492,790.995,[6] 
471.817868480,791.026,[6] 
471.823673469,790.637,[6] 
471.829478458,791.152,[6] 
471.835283446,790.642,[6] 
471.841088435,790.6,[6] 
471.846893424,790.275,[6] 
471.852698412,790.104,[6] 
471.858503401,789.935,[6] 
471.864308390,789.865,[6] 
471.870113378,790.019,[6] 
471.875918367,789.758,[6] 
471.881723356,790.035,[6] 
471.887528344,790.02,[6] 
471.893333333,790.366,[6] 
471.899138321,793.39,[6] 
471.904943310,795.165,[6] 
471.910748299,795.407,[6] 
471.916553287,797.221,[6] 
471.922358276,794.986,[6] 
471.928163265,794.512,[6] 
471.933968253,794.71,[6] 
471.939773242,792.896,[6] 
471.945578231,791.722,[6] 
471.951383219,793.275,[6] 
471.957188208,795.6,[6] 
471.962993197,801.985,[6] 
471.968798185,872.805,[6] 
471.974603174,883.762,[6] 
471.980408163,884.213,[6] 
471.986213151,886.805,[6] 
471.992018140,885.92,[6] 
471.997823129,885.619,[6] 
472.003628117,886.269,[6] 
472.009433106,885.588,[6] 
472.015238095,886.103,[6] 
472.021043083,886.246,[6] 
472.026848072,886.934,[6] 
472.032653061,887.008,[6] 
472.038458049,887.054,[6] 
472.044263038,887.641,[6] 
472.050068027,887.409,[6] 
472.055873015,887.332,[6] 
472.061678004,887.086,[6] 
472.067482993,886.699,[6] 
472.073287981,886.669,[6] 
472.079092970,886.177,[6] 
472.084897959,886.096,[6] 
472.090702947,885.326,[6] 
472.096507936,885.153,[6] 
472.102312925,885.775,[6] 
472.108117913,886.203,[6] 
472.113922902,887.138,[6] 
472.119727891,887.955,[6] 
472.125532879,887.993,[6] 
472.131337868,887.839,[6] 
472.137142857,887.692,[6] 
472.142947845,887.03,[6] 
472.148752834,886.288,[6] 
472.154557823,885.647,[6] 
472.160362811,884.99,[6] 
472.166167800,885.283,[6] 
472.171972789,886.061,[6] 
472.177777777,886.892,[6] 
472.183582766,886.417,[6] 
472.189387755,886.095,[6] 
472.195192743,885.011,[6] 
472.200997732,884.259,[6] 
472.206802721,883.671,[6] 
472.212607709,882.582,[6] 
472.218412698,883.107,[6] 
472.224217687,790.015
472.230022675,785.607
472.235827664,784.45
472.241632653,785.096
472.247437641,786.31
472.253242630,786.607
472.259047619,786.583
472.264852607,786.527
472.270657596,786.553
472.276462585,786.805
472.282267573,787.369
472.288072562,788.046
472.293877551,787.805
472.299682539,787.427
472.305487528,786.975
472.311292517,786.562
472.317097505,786.324
472.322902494,786.931
472.328707482,786.436
472.334512471,786.766
472.340317460,786.359
472.346122448,786.756
472.351927437,786.884
472.357732426,786.461
472.363537414,785.96
472.369342403,785.965
472.375147392,786.164
472.380952380,786.011
472.386757369,785.446
472.392562358,784.952
472.398367346,785.147
472.404172335,785.808
472.409977324,785.836
472.415782312,785.758
472.421587301,786.338
472.427392290,786.877
472.433197278,786.918
472.439002267,787.106
472.444807256,786.823
472.450612244,786.686
472.456417233,786.971
472.462222222,787.262
472.468027210,787.353
472.473832199,787.118
472.479637188,786.929
472.485442176,786.889
472.491247165,787.096
472.497052154,787.522
472.502857142,788.177
472.508662131,788.554
472.514467120,788.925
472.520272108,788.406
472.526077097,788.122
472.531882086,787.503
472.537687074,787.116
472.543492063,787.101
472.549297052,786.985
472.555102040,786.92
472.560907029,787.083
472.566712018,787.319
472.572517006,787.609
472.578321995,786.732
472.584126984,786.084
472.589931972,785.911
472.595736961,786.005
472.601541950,786.185
472.607346938,786.4
472.613151927,786.615
472.618956916,786.781
472.624761904,787.13
472.630566893,786.929
472.636371882,786.702
472.642176870,786.625
472.647981859,786.496
472.653786848,786.461
472.659591836,786.647
472.665396825,786.834
472.671201814,786.938
472.677006802,787.041
472.682811791,787.11
472.688616780,787.063
472.694421768,786.986
472.700226757,786.916
472.706031746,786.869
472.711836734,786.76
472.717641723,786.623
472.723446712,786.436
472.729251700,786.161
472.735056689,785.962
472.740861678,786.392
472.746666666,786.502
472.752471655,786.229
472.758276643,786.193
472.764081632,786.391
472.769886621,786.441
472.775691609,786.382
472.781496598,786.408
472.787301587,786.346
472.793106575,786.529
472.798911564,786.692
472.804716553,786.657
472.810521541,786.683
472.816326530,786.52
472.822131519,786.108
472.827936507,785.933
472.833741496,786.374
472.839546485,786.48
472.845351473,786.687
472.851156462,786.831
472.856961451,786.528
472.862766439,786.024
472.868571428,785.575
472.874376417,785.733
472.880181405,786.376
472.885986394,786.92
472.891791383,786.987
472.897596371,786.756
472.903401360,786.741
472.909206349,786.554
472.915011337,786.872
472.920816326,787.516
472.926621315,786.809
472.932426303,786.403
472.938231292,786.539
472.944036281,786.388
472.949841269,786.241
472.955646258,786.952
472.961451247,787.699
472.967256235,787.934
472.973061224,788.31
472.978866213,787.912
472.984671201,787.456
472.990476190,786.874
472.996281179,787.097
473.002086167,787.154
473.007891156,787.103
473.013696145,786.886
473.019501133,786.533
473.025306122,786.947
473.031111111,786.547
473.036916099,786.321
473.042721088,786.028
473.048526077,785.911
473.054331065,786.372
473.060136054,786.697
473.065941043,786.878
473.071746031,787.147
473.077551020,787.37
473.083356009,787.607
473.089160997,787.98
473.094965986,787.97
473.100770975,788.255
473.106575963,787.848
473.112380952,787.386
473.118185941,787.219
473.123990929,786.958
473.129795918,786.773
473.135600907,786.686
473.141405895,786.659
473.147210884,786.675
473.153015873,786.752
473.158820861,786.886
473.164625850,787.038
473.170430839,787.149
473.176235827,787.092
473.182040816,787.058
473.187845804,786.752
473.193650793,786.633
473.199455782,786.813
473.205260770,786.595
473.211065759,786.458
473.216870748,786.353
473.222675736,786.53
473.228480725,787.107
473.234285714,787.105
473.240090702,786.997
473.245895691,786.789
473.251700680,786.432
473.257505668,786.407
473.263310657,786.453
473.269115646,786.465
473.274920634,786.599
473.280725623,786.892
473.286530612,787.096
473.292335600,787.019
473.298140589,786.954
473.303945578,786.861
473.309750566,786.94
473.315555555,787.531
473.321360544,788.592
473.327165532,789.068
473.332970521,789.045
473.338775510,788.84
473.344580498,788.6
473.350385487,788.48
473.356190476,788.447
473.361995464,788.615
473.367800453,788.619
473.373605442,788.56
473.379410430,788.617
473.385215419,788.705
473.391020408,788.587
473.396825396,787.64
473.402630385,786.272
473.408435374,785.98
473.414240362,786.203
473.420045351,786.206
473.425850340,786.046
473.431655328,786.086
473.437460317,786.502
473.443265306,786.989
473.449070294,787.225
473.454875283,787.22
473.460680272,787.174
473.466485260,787.14
473.472290249,787.261
473.478095238,787.393
473.483900226,787.405
473.489705215,787.435
473.495510204,787.019
473.501315192,787.282
473.507120181,787.338
473.512925170,787.231
473.518730158,787.103
473.524535147,786.732
473.530340136,786.065
473.536145124,785.998
473.541950113,786.188
473.547755102,786.256
473.553560090,786.178
473.559365079,786.056
473.565170068,785.999
473.570975056,785.869
473.576780045,785.612
473.582585034,786.362
473.588390022,786.84
473.594195011,787.225
473.600000000,787.68
473.605804988,787.411
473.611609977,787.023
473.617414965,786.59
473.623219954,786.45
473.629024943,786.686
473.634829931,787.2
473.640634920,787.288
473.646439909,787.337
473.652244897,787.175
473.658049886,786.792
473.663854875,786.293
473.669659863,786.762
473.675464852,786.578
473.681269841,786.908
473.687074829,787.244
473.692879818,787.305
473.698684807,787.109
473.704489795,881.39
473.710294784,881.125
473.716099773,881.136
473.721904761,881.418
473.727709750,881.77
473.733514739,882.206
473.739319727,882.065
473.745124716,882.303
473.750929705,882.465
473.756734693,881.991
473.762539682,881.789
473.768344671,881.982
473.774149659,882.189
473.779954648,882.241
473.785759637,882.271
473.791564625,882.19
473.797369614,882.219
473.803174603,882.128
473.808979591,881.903
473.814784580,881.868
473.820589569,881.858
473.826394557,881.728
473.832199546,881.699
473.838004535,881.738
473.843809523,881.918
473.849614512,882.306
473.855419501,882.762
473.861224489,883.202
473.867029478,883.438
473.872834467,883.607
473.878639455,883.502
473.884444444,883.539
473.890249433,883.48
473.896054421,883.32
473.901859410,883.136
473.907664399,882.961
473.913469387,882.786
473.919274376,882.816
473.925079365,883.073
473.930884353,883.214
473.936689342,883.146
473.942494331,882.86
473.948299319,882.796
473.954104308,882.891
473.959909297,883.1
473.965714285,883.385
473.971519274,883.551
473.977324263,883.462
474.000544217,786.934
474.006349206,787.515
474.012154195,787.63
474.017959183,787.651
474.023764172,787.604
474.029569160,787.421
474.035374149,787.167
474.041179138,787.673
474.046984126,787.683
474.052789115,787.695
474.058594104,787.648
474.064399092,787.502
474.070204081,787.128
474.076009070,786.878
474.081814058,786.772
474.087619047,786.658
474.093424036,786.695
474.099229024,786.914
474.105034013,786.921
474.110839002,786.451
474.116643990,785.763
474.122448979,785.34
474.128253968,785.972
474.134058956,785.94
474.139863945,785.351
474.145668934,785.61
474.151473922,785.863
474.157278911,786.126
474.163083900,786.527
474.168888888,787.101
474.174693877,787.648
474.180498866,788.022
474.186303854,788.404
474.192108843,790.92
474.197913832,788.069
474.203718820,787.535
474.209523809,787.054
474.215328798,786.567
474.221133786,786.201
474.226938775,786.075
474.232743764,786.178
474.238548752,786.32
474.244353741,786.535
474.250158730,786.982
474.255963718,787.57
474.261768707,788.412
474.267573696,788.205
474.273378684,788.357
474.279183673,788.697
474.284988662,789.08
474.290793650,788.031
474.296598639,787.436
474.302403628,787.213
474.308208616,787.172
474.314013605,787.058
474.319818594,786.996
474.325623582,787.104
474.331428571,787.198
474.337233560,787.408
474.343038548,787.394
474.348843537,787.327
474.354648526,787.35
474.360453514,787.408
474.366258503,787.146
474.372063492,786.889
474.377868480,786.766
474.383673469,786.966
474.389478458,786.474
474.395283446,786.141
474.401088435,785.865
474.406893424,785.705
474.412698412,785.76
474.418503401,785.458
474.424308390,786.047
474.430113378,786.253
474.435918367,786.452
474.441723356,786.644
474.447528344,786.471
474.453333333,785.95
474.459138321,785.893
474.464943310,786.153
474.470748299,786.373
474.476553287,786.509
474.482358276,786.616
474.488163265,786.512
474.493968253,786.352
474.499773242,786.171
474.505578231,786.154
474.511383219,786.006
474.517188208,786.019
474.522993197,785.812
474.528798185,785.924
474.534603174,786.155
474.540408163,786.32
474.546213151,786.586
474.552018140,786.488
474.557823129,786.508
474.563628117,786.523
474.569433106,786.379
474.575238095,786.213
474.581043083,786.105
474.586848072,786.093
474.592653061,786.155
474.598458049,786.39
474.604263038,786.577
474.610068027,786.853
474.615873015,786.501
474.621678004,786.528
474.627482993,786.644
474.633287981,786.812
474.639092970,786.447
474.644897959,786.117
474.650702947,785.87
474.656507936,785.971
474.662312925,786.321
474.668117913,786.12
474.673922902,785.618
474.679727891,785.161
474.685532879,785.126
474.691337868,785.054
474.697142857,784.679
474.702947845,784.235
474.708752834,784.266
474.714557823,784.292
474.720362811,784.228
474.726167800,785.412
474.731972789,785.762
474.737777777,786.197
474.743582766,786.8
474.749387755,786.641
474.755192743,786.513
474.760997732,786.589
474.766802721,786.636
474.772607709,786.46
474.778412698,786.296
474.784217687,786.226
474.790022675,786.325
474.795827664,786.173
474.801632653,786.026
474.807437641,786.004
474.813242630,786.107
474.819047619,786.061
474.824852607,786.076
474.830657596,785.042
474.836462585,785.117
474.842267573,785.028
474.848072562,784.72
474.853877551,785.021
474.859682539,785.493
474.865487528,785.654
474.871292517,785.564
474.923537414,756.124,[7] 
474.929342403,752.443,[7] 
474.935147392,751.513,[7] 
474.940952380,750.892,[7] 
474.946757369,748.596,[7] 
474.952562358,748.931,[7] 
474.958367346,747.76,[7] 
474.964172335,746.533,[7] 
474.969977324,746.459,[7] 
474.975782312,744.912,[7] 
474.981587301,747.043,[7] 
474.987392290,747.288,[7] 
474.993197278,743.348
474.999002267,743.271
475.004807256,743.133
475.010612244,743.254
475.016417233,743.043
475.022222222,742.989
475.028027210,742.908
475.033832199,742.794
475.039637188,742.853
475.045442176,743.018
475.051247165,743.253
475.057052154,743.491
475.062857142,743.504
475.068662131,743.004
475.074467120,742.56
475.080272108,743.254
475.086077097,743.822
475.091882086,744.226
475.097687074,744.311
475.103492063,744.31
475.109297052,744.11
475.115102040,743.819
475.120907029,743.608
475.126712018,743.289
475.132517006,742.656
475.138321995,743.091
475.144126984,743.489
475.149931972,743.725
475.155736961,743.972
475.161541950,744.228
475.167346938,744.009
475.173151927,743.854
475.178956916,743.634
475.184761904,743.741
475.190566893,744.004
475.196371882,744.211
475.202176870,744.378
475.207981859,743.604
475.213786848,743.154
475.219591836,742.863
475.225396825,742.953
475.231201814,743.16
475.237006802,743.336
475.242811791,743.499
475.248616780,743.528
475.254421768,743.466
475.260226757,743.262
475.266031746,743.764
475.271836734,743.8
475.277641723,743.727
475.283446712,743.738
475.289251700,743.691
475.295056689,743.721
475.300861678,743.674
475.306666666,743.605
475.312471655,743.735
475.318276643,743.913
475.324081632,743.991
475.329886621,744.121
475.335691609,744.414
475.341496598,746.563,[7] 
475.347301587,746.867,[7] 
475.353106575,746.955,[7] 
475.358911564,746.68,[7] 
475.364716553,746.397,[7] 
475.370521541,746.086,[7] 
475.376326530,745.771,[7] 
475.382131519,745.594,[7] 
475.387936507,745.602,[7] 
475.393741496,745.547,[7] 
475.399546485,745.713,[7] 
475.405351473,745.647,[7] 
475.411156462,745.495,[7] 
475.416961451,745.591,[7] 
475.422766439,745.436,[7] 
475.428571428,745.62,[7] 
475.434376417,745.804,[7] 
475.440181405,745.874,[7] 
475.445986394,746.206,[7] 
475.451791383,746.085,[7] 
475.457596371,746.069,[7] 
475.463401360,746.024,[7] 
475.469206349,745.631,[7] 
475.475011337,745.477,[7] 
475.480816326,744.759,[7] 
475.486621315,743.729,[7] 
475.492426303,743.413,[7] 
475.498231292,743.897,[7] 
475.504036281,744.662,[7] 
475.509841269,745.566,[7] 
475.515646258,746.208,[7] 
475.521451247,746.579,[7] 
475.527256235,746.668,[7] 
475.533061224,746.432,[7] 
475.538866213,746.111,[7] 
475.544671201,745.817,[7] 
475.550476190,745.78,[7] 
475.556281179,746.022,[7] 
475.562086167,746.289,[7] 
475.567891156,746.389,[7] 
475.573696145,746.324,[7] 
475.579501133,746.405,[7] 
475.585306122,746.524,[7] 
475.591111111,746.574,[7] 
475.596916099,746.609,[7] 
475.602721088,746.211,[7] 
475.608526077,745.805,[7] 
475.614331065,745.784,[7] 
475.620136054,745.233,[7] 
475.625941043,744.638,[7] 
475.631746031,744.902,[7] 
475.637551020,745.093,[7] 
475.643356009,746.129,[7] 
475.649160997,746.732,[7] 
475.654965986,746.753,[7] 
475.660770975,746.647,[7] 
475.666575963,746.254,[7] 
475.672380952,746.07,[7] 
475.678185941,745.88,[7] 
475.683990929,745.727,[7] 
475.689795918,745.496,[7] 
475.695600907,745.241,[7] 
475.701405895,744.477
475.707210884,743.938
475.713015873,743.559
475.718820861,743.436
475.724625850,743.203
475.730430839,743.253
475.736235827,743.408
475.742040816,743.551
475.747845804,743.694
475.753650793,743.885
475.759455782,744.217
475.765260770,744.67
475.771065759,745.282
475.776870748,745.043
475.782675736,745.019
475.788480725,744.654
475.794285714,783.229
475.800090702,783.68
475.805895691,784.082
475.811700680,784.54
475.817505668,785.091
475.823310657,785.512
475.829115646,784.923
475.834920634,784.76
475.840725623,784.874
475.846530612,784.924
475.852335600,784.491
475.858140589,784.642
475.863945578,784.737
475.869750566,784.867
475.875555555,785.101
475.881360544,785.201
475.887165532,784.916
475.892970521,784.872
475.898775510,784.917
475.904580498,784.774
475.910385487,784.886
475.916190476,784.701
475.921995464,785.22
475.927800453,785.822
475.933605442,785.922
475.939410430,785.169
475.945215419,785.613
475.951020408,785.781
475.956825396,785.845
475.962630385,785.975
475.968435374,786.144
475.974240362,786.102
475.980045351,785.83
475.985850340,785.448
475.991655328,785.685
475.997460317,785.927
476.003265306,786.32
476.009070294,786.167
476.014875283,786.379
476.020680272,786.22
476.026485260,786.306
476.032290249,786.103
476.038095238,786.444
476.043900226,786.199
476.049705215,785.717
476.055510204,785.459
476.061315192,785.397
476.067120181,785.323
476.072925170,785.073
476.078730158,785.529
476.084535147,785.791
476.090340136,786.173
476.096145124,786.002
476.101950113,785.93
476.107755102,785.826
476.113560090,785.753
476.119365079,785.754
476.125170068,785.764
476.130975056,785.901
476.136780045,785.875
476.142585034,785.849
476.148390022,785.887
476.154195011,785.854
476.160000000,785.779
476.165804988,786.138
476.171609977,786.109
476.177414965,785.582
476.183219954,785.896
476.189024943,785.938
476.194829931,785.635
476.200634920,785.221
476.206439909,785.028
476.212244897,785.055
476.218049886,785.323
476.223854875,785.55
476.229659863,785.762
476.235464852,786.583
476.241269841,786.739
476.247074829,786.575
476.252879818,786.379
476.258684807,786.233
476.264489795,786.211
476.270294784,786.302
476.276099773,786.316
476.281904761,786.624
476.287709750,787.095
476.293514739,787.115
476.299319727,787.063
476.305124716,786.542
476.310929705,786.263
476.316734693,786.297
476.322539682,786.594
476.328344671,787.192
476.334149659,786.949
476.339954648,787.062
476.345759637,787.108
476.351564625,786.817
476.357369614,786.076
476.363174603,784.611
476.368979591,784.366
476.374784580,784.461
476.380589569,784.758
476.386394557,785.091
476.392199546,785.421
476.398004535,785.591
476.403809523,785.756
476.409614512,786.369
476.415419501,786.552
476.421224489,786.651
476.427029478,786.697
476.432834467,786.738
476.438639455,786.777
476.444444444,786.806
476.450249433,786.892
476.456054421,786.802
476.461859410,786.703
476.467664399,786.681
476.473469387,786.462
476.479274376,786.52
476.485079365,786.836
476.490884353,787.112
476.496689342,786.943
476.502494331,786.644
476.508299319,786.504
476.514104308,786.127
476.519909297,785.953
476.525714285,786.257
476.531519274,786.077
476.537324263,786.848
476.543129251,787.029
476.548934240,786.964
476.554739229,786.69
476.560544217,786.523
476.566349206,786.319
476.572154195,786.163
476.577959183,786.133
476.583764172,786.222
476.589569160,786.248
476.595374149,786.304
476.601179138,791.935,[7] 
476.606984126,786.309
476.612789115,786.136
476.618594104,786.216
476.624399092,786.16
476.630204081,786.486
476.636009070,786.568
476.641814058,786.563
476.647619047,786.515
476.653424036,786.555
476.659229024,786.875
476.665034013,787.353
476.670839002,787.826
476.676643990,787.244
476.682448979,786.724
476.688253968,785.981
476.694058956,785.62
476.699863945,872.924
476.705668934,873.254
476.711473922,873.352
476.717278911,873.857
476.723083900,874.544
476.728888888,874.882
476.734693877,875.114
476.740498866,874.892
476.746303854,876.143
476.752108843,877.391
476.757913832,879.085
476.763718820,879.035
476.769523809,878.077
476.775328798,877.733
476.781133786,877.636
476.786938775,877.413
476.792743764,875.374
476.798548752,877.671
476.804353741,878.05
476.810158730,878.374
476.815963718,878.854
476.821768707,879.269
476.827573696,879.901
476.833378684,878.691
476.839183673,878.007
476.844988662,877.879
476.850793650,878.68
476.856598639,879.118
476.862403628,879.62
476.868208616,879.928
476.874013605,880.201
476.879818594,880.535
476.885623582,880.898
476.891428571,881.3
476.897233560,881.447
476.903038548,881.519
476.908843537,881.414
476.914648526,881.325
476.920453514,881.138
476.926258503,881.692
476.932063492,881.735
476.937868480,881.449
476.943673469,880.768
476.949478458,880.641
476.955283446,880.703
476.961088435,880.642
476.966893424,880.693
476.972698412,880.868
476.978503401,881.12
476.984308390,881.413
476.990113378,881.535
476.995918367,881.722
477.001723356,881.788
477.007528344,881.616
477.013333333,881.576
477.019138321,881.592
477.024943310,881.913
477.030748299,882.254
477.036553287,881.959
477.042358276,881.478
477.048163265,881.218
477.053968253,881.137
477.059773242,880.835
477.065578231,880.474
477.071383219,880.466
477.077188208,880.954
477.082993197,881.952
477.088798185,881.167
477.094603174,880.377
477.100408163,880.346
477.106213151,880.645
477.112018140,880.821
477.117823129,880.722
477.123628117,880.706
477.129433106,879.983,[7] 
477.135238095,879.754,[7] 
477.141043083,879.403,[7] 
477.146848072,879.026,[7] 
477.152653061,878.854,[7] 
477.158458049,878.631,[7] 
477.164263038,878.672,[7] 
477.170068027,878.602,[7] 
477.175873015,878.696,[7] 
477.181678004,878.675,[7] 
477.187482993,878.995,[7] 
477.193287981,879.342,[7] 
477.199092970,879.585,[7] 
477.204897959,879.868,[7] 
477.210702947,879.888,[7] 
477.216507936,879.857,[7] 
477.222312925,879.791,[7] 
477.228117913,879.55,[7] 
477.233922902,878.595,[7] 
477.239727891,878.249,[7] 
477.245532879,878.931,[7] 
477.251337868,879.769,[7] 
477.257142857,880.621,[7] 
477.262947845,881.088,[7] 
477.268752834,881.268,[7] 
477.274557823,881.141,[7] 
477.280362811,880.773,[7] 
477.286167800,880.513,[7] 
477.291972789,880.401,[7] 
477.297777777,880.528,[7] 
477.303582766,880.903,[7] 
477.309387755,881.207,[7] 
477.315192743,881.53,[7] 
477.320997732,881.879,[7] 
477.326802721,882.12,[7] 
477.332607709,882.491,[7] 
477.338412698,882.788,[7] 
477.344217687,882.93,[7] 
477.350022675,882.878,[7] 
477.355827664,882.582,[7] 
477.361632653,882.199,[7] 
477.367437641,881.771,[7] 
477.373242630,881.105,[7] 
477.379047619,880.603,[7] 
477.384852607,881.474,[7] 
477.390657596,882.443,[7] 
477.396462585,883.424,[7] 
477.402267573,884.096,[7] 
477.408072562,884.286,[7] 
477.413877551,884.373,[7] 
477.419682539,884.368,[7] 
477.425487528,884.265,[7] 
477.431292517,883.849,[7] 
477.437097505,883.669,[7] 
477.442902494,883.517,[7] 
477.448707482,883.5,[7] 
477.454512471,883.823,[7] 
477.460317460,884.005,[7] 
477.466122448,884.226,[7] 
477.471927437,884.542,[7] 
477.477732426,885.302,[7] 
477.483537414,886.615,[7] 
477.489342403,888.319,[7] 
477.495147392,888.008,[7] 
477.500952380,889.087,[7] 
477.506757369,0,[7] 
477.512562358,978.08
477.518367346,979.89
477.524172335,980.497
477.529977324,981.591
477.535782312,982.799
477.541587301,983.874
477.547392290,984.856
477.553197278,985.433
477.559002267,985.878
477.564807256,986.911
477.570612244,984.057
477.576417233,984.421
477.582222222,984.558
477.588027210,984.652
477.593832199,985.591
477.599637188,986.307
477.605442176,986.396
477.611247165,986.378
477.617052154,986.376
477.622857142,986.569
477.628662131,986.887
477.634467120,987.327
477.640272108,984.993
477.646077097,985.814
477.651882086,985.468
477.657687074,984.901
477.663492063,984.65
477.669297052,985.429
477.675102040,986.294
477.680907029,988.988
477.686712018,988.723
477.692517006,988.819
477.698321995,989.005
477.704126984,989.228
477.709931972,989.604
477.715736961,990.07
477.721541950,990.229
477.727346938,989.92
477.733151927,989.733
477.738956916,989.75
477.744761904,989.792
477.750566893,989.854
477.756371882,990.064
477.762176870,989.61
477.767981859,989.455
477.773786848,989.667
477.779591836,989.949
477.785396825,990.326
477.791201814,990.5
477.797006802,990.036
477.802811791,989.374
477.808616780,988.602
477.814421768,987.751
477.820226757,987.256
477.826031746,986.795
477.831836734,987.053
477.837641723,987.756
477.843446712,988.31
477.849251700,988.729
477.855056689,989.047
477.860861678,989.13
477.866666666,988.555
477.872471655,987.817
477.878276643,987.159
477.884081632,986.579
477.889886621,986.558
477.895691609,986.76
477.901496598,986.573
477.907301587,985.842
477.913106575,983.956
477.918911564,983.461
477.924716553,983.829
477.930521541,983.588
477.936326530,983.334
477.942131519,983.418
477.947936507,985.09
477.953741496,986.89
477.959546485,987.569
477.965351473,988.089
477.971156462,987.913
477.976961451,987.917
477.982766439,987.873
477.988571428,987.814
477.994376417,988.427
478.000181405,986.7
478.005986394,985.739
478.011791383,985.148
478.017596371,984.759
478.023401360,984.441
478.029206349,984.229
478.035011337,983.983
478.040816326,984.243
478.046621315,984.146
478.052426303,984.836
478.058231292,986.791
478.064036281,987.805
478.069841269,988.348
478.075646258,988.887
478.081451247,989.289
478.087256235,989.165
478.093061224,989.075
478.098866213,988.6
478.104671201,988.685
478.110476190,988.918
478.116281179,988.193
478.122086167,988.093
478.127891156,988.076
478.133696145,987.854
478.139501133,987.278
478.145306122,986.883
478.151111111,985.226
478.156916099,983.685
478.162721088,983.571
478.168526077,983.708
478.174331065,983.874
478.180136054,984.041
478.185941043,984.325
478.191746031,984.803
478.197551020,987.1
478.203356009,986.826
478.209160997,985.826
478.214965986,984.704
478.220770975,983.9
478.226575963,983.159
478.232380952,982.292
478.238185941,983.249
478.243990929,985.285
478.249795918,986.65
478.255600907,987.511
478.261405895,988.29
478.267210884,988.715
478.273015873,988.154
478.278820861,986.765
478.284625850,984.538
478.290430839,982.895
478.296235827,981.51
478.302040816,980.234
478.307845804,979.513
478.313650793,979.364
478.319455782,979.153
478.325260770,980.321
478.331065759,981.878
478.336870748,982.503
478.342675736,982.155
478.348480725,981.672
478.354285714,981.309
478.360090702,981.217
478.365895691,981.334
478.371700680,981.975
478.377505668,981.58
478.383310657,981.17
478.394920634,882.955
478.400725623,883.181
478.406530612,883.646
478.412335600,884.127
478.418140589,884.497
478.423945578,884.747
478.429750566,884.92
478.435555555,884.839
478.441360544,884.929
478.447165532,884.722
478.452970521,884.646
478.458775510,884.775
478.464580498,884.962
478.470385487,885.084
478.476190476,885.155
478.481995464,885.238
478.487800453,885.336
478.493605442,885.347
478.499410430,885.484
478.505215419,885.024
478.511020408,884.469
478.516825396,883.902
478.522630385,883.137
478.528435374,883.076
478.534240362,882.968
478.540045351,882.739
478.545850340,882.6
478.551655328,882.789
478.557460317,883.339
478.563265306,883.932
478.569070294,882.871
478.574875283,881.401
478.580680272,880.045
478.586485260,879.59
478.592290249,878.922
478.598095238,878.745
478.603900226,878.798
478.609705215,878.956
478.615510204,879.041
478.621315192,878.963
478.627120181,878.854
478.632925170,878.981
478.638730158,879.575
478.644535147,879.963
478.650340136,879.245
478.656145124,878.81
478.673560090,791.39
478.679365079,791.388
478.685170068,790.312
478.690975056,789.684
478.696780045,789.369
478.702585034,789.224
478.708390022,789.225
478.714195011,789.199
478.720000000,789.122
478.725804988,789.088
478.731609977,789.022
478.737414965,788.745
478.743219954,788.318
478.749024943,788.319
478.754829931,788.553
478.760634920,788.596
478.766439909,788.509
478.772244897,788.226
478.778049886,788.047
478.783854875,787.977
478.789659863,788.049
478.795464852,787.97
478.801269841,787.665
478.807074829,787.387
478.812879818,787.19
478.818684807,787.259
478.824489795,787.254
478.830294784,787.437
478.836099773,787.682
478.841904761,787.83
478.847709750,787.986
478.853514739,788.093
478.859319727,787.924
478.865124716,787.588
478.870929705,787.507
478.876734693,788.017
478.882539682,788.393
478.888344671,789.047
478.894149659,788.639
478.899954648,788.164
478.905759637,788.199
478.911564625,788.252
478.917369614,788.099
478.923174603,787.691
478.928979591,788.165
478.934784580,788.409
478.940589569,888.454
478.946394557,885.261
478.952199546,888.344
478.958004535,887.355
478.963809523,888.353
478.969614512,889.825
478.975419501,890.157
478.981224489,889.449
478.987029478,888.948
478.992834467,889.005
478.998639455,889.408
479.004444444,887.425
479.010249433,885.787
479.016054421,885.14
479.021859410,885.266
479.027664399,885.052
479.033469387,884.683
479.039274376,884.431
479.045079365,884.77
479.050884353,884.772
479.056689342,884.294
479.062494331,884.256
479.068299319,884.386
479.074104308,884.53
479.079909297,884.643
479.085714285,884.625
479.091519274,884.692
479.097324263,884.959
479.103129251,884.767
479.108934240,884.901
479.114739229,884.34
479.120544217,883.784
479.126349206,883.938
479.132154195,883.974
479.137959183,884.015
479.143764172,883.896
479.149569160,883.695
479.155374149,883.614
479.161179138,883.166
479.166984126,882.818
479.172789115,882.712
479.178594104,882.693
479.184399092,882.762
479.190204081,882.777
479.196009070,882.883
479.201814058,883.185
479.207619047,883.506
479.213424036,883.757
479.219229024,883.813
479.236643990,786.827
479.242448979,786.672
479.248253968,786.733
479.254058956,786.851
479.259863945,786.921
479.265668934,787
479.271473922,787.144
479.277278911,787.385
479.283083900,787.488
479.288888888,787.032
479.294693877,786.809
479.300498866,786.684
479.306303854,786.502
479.312108843,786.53
479.317913832,786.466
479.323718820,786.055
479.329523809,786.304
479.335328798,786.062
479.341133786,785.971
479.346938775,786.182
479.352743764,786.082
479.358548752,785.619
479.364353741,785.643
479.370158730,785.982
479.375963718,786.343
479.381768707,785.902
479.387573696,785.846
479.393378684,785.928
479.399183673,786.244
479.404988662,786.653
479.410793650,786.555
479.416598639,786.407
479.422403628,786.429
479.428208616,786.451
479.434013605,786.548
479.439818594,786.415
479.445623582,786.567
479.451428571,786.841
479.457233560,787.054
479.463038548,787.003
479.468843537,786.926
479.474648526,786.841
479.480453514,787.037
479.486258503,787.31
479.492063492,787.317
479.497868480,786.854
479.503673469,786.412
479.509478458,786.306
479.515283446,786.27
479.521088435,786.378
479.526893424,786.448
479.532698412,786.492
479.538503401,786.515
479.544308390,786.657
479.550113378,786.741
479.555918367,787.102
479.561723356,787.562
479.567528344,787.95
479.573333333,787.915
479.579138321,787.834
479.584943310,787.544
479.590748299,786.886
479.596553287,786.227
479.602358276,786.677
479.608163265,786.792
479.613968253,786.664
479.619773242,786.513
479.625578231,786.696
479.631383219,786.894
479.637188208,786.919
479.642993197,786.606
479.648798185,787.591
479.654603174,787.474
479.660408163,787.724
479.666213151,787.168
479.672018140,787.041
479.677823129,787.319
479.683628117,787.484
479.689433106,787.384
479.695238095,787.17
479.701043083,786.861
479.706848072,786.617
479.712653061,786.609
479.718458049,786.44
479.724263038,786.239
479.730068027,786.287
479.735873015,786.283
479.741678004,786.631
479.747482993,787.102
479.753287981,787.22
479.759092970,786.794
479.764897959,786.619
479.770702947,786.902
479.776507936,787.181
479.782312925,787.192
479.788117913,787.24
479.793922902,787.361
479.799727891,787.664
479.805532879,787.041
479.811337868,786.617
479.817142857,786.549
479.822947845,786.438
479.828752834,786.279
479.834557823,786.831
479.840362811,786.954
479.846167800,787.101
479.851972789,787.207
479.857777777,786.869
479.863582766,786.601
479.869387755,786.45
479.875192743,786.259
479.880997732,785.954
479.886802721,786.109
479.892607709,786.48
479.898412698,786.588
479.904217687,786.465
479.910022675,786.65
479.915827664,786.834
479.921632653,786.84
479.927437641,786.938
479.933242630,787.004
479.939047619,787.108
479.944852607,787.351
479.950657596,787.8
479.956462585,787.787
479.962267573,787.889
479.968072562,787.583
479.973877551,787.48
479.979682539,787.314
479.985487528,786.929
479.991292517,786.682
479.997097505,786.682
480.002902494,786.286
480.008707482,786.472
480.014512471,786.933
480.020317460,786.756
480.026122448,786.828
480.031927437,787.047
480.037732426,786.941
480.043537414,787.085
480.049342403,786.645
480.055147392,786.942
480.060952380,787.089
480.066757369,787.312
480.072562358,787.015
480.078367346,786.69
480.084172335,787.086
480.089977324,787.139
480.095782312,787.452
480.101587301,787.742
480.107392290,787.324
480.113197278,786.787
480.119002267,786.292
480.124807256,785.958
480.130612244,785.854
480.136417233,785.938
480.142222222,786.192
480.148027210,786.549
480.153832199,786.768
480.159637188,786.485
480.165442176,786.031
480.171247165,786.009
480.177052154,786.274
480.182857142,786.321
480.188662131,786.309
480.194467120,786.367
480.200272108,786.217
480.206077097,785.747
480.211882086,786.242
480.217687074,786.75
480.223492063,786.964
480.229297052,786.799
480.235102040,786.733
480.240907029,786.426
480.246712018,786.595
480.252517006,786.265
480.258321995,786.117
480.264126984,785.875
480.269931972,785.529
480.275736961,785.575
480.281541950,786.098
480.287346938,786.478
480.293151927,786.835
480.298956916,787.143
480.304761904,787.206
480.310566893,787.449
480.316371882,787.611
480.322176870,787.392
480.327981859,787.121
480.333786848,786.805
480.339591836,786.596
480.345396825,786.811
480.351201814,786.792
480.357006802,787.04
480.362811791,787.433
480.368616780,787.507
480.374421768,787.568
480.380226757,787.828
480.386031746,788.299
480.391836734,788.608
480.397641723,788.828
480.403446712,788.456
480.409251700,787.293
480.415056689,787.936
480.420861678,787.996
480.426666666,788.044
480.432471655,788.283
480.438276643,788.624
480.444081632,788.866
480.449886621,788.989
480.455691609,788.705
480.461496598,788.167
480.467301587,788.099
480.473106575,788.026
480.478911564,787.642
480.484716553,787.483
480.490521541,787.54
480.496326530,787.802
480.502131519,788.052
480.507936507,788.247
480.513741496,788.173
480.519546485,787.995
480.525351473,787.904
480.531156462,787.401
480.536961451,786.847
480.542766439,786.334
480.548571428,786.542
480.554376417,786.694
480.560181405,786.339
480.565986394,786.319
480.571791383,786.548
480.577596371,786.743
480.583401360,786.926
480.589206349,787.067
480.595011337,786.883
480.600816326,786.592
480.606621315,786.708
480.612426303,786.746
480.618231292,786.868
480.624036281,786.766
480.629841269,786.409
480.635646258,787.015
480.641451247,787.246
480.647256235,787.149
480.653061224,787.185
480.658866213,787.577
480.664671201,787.867
480.670476190,788.155
480.676281179,788.545
480.682086167,788.685
480.687891156,788.68
480.693696145,788.74
480.699501133,788.855
480.705306122,789.03
480.711111111,788.656
480.716916099,787.989
480.722721088,787.199
480.728526077,787.174
480.734331065,787.02
480.745941043,880.749
480.751746031,881.668
480.757551020,881.171
480.763356009,881.573
480.769160997,881.682
480.774965986,881.624
480.780770975,881.762
480.786575963,881.864
480.792380952,882.089
480.798185941,882.36
480.803990929,882.42
480.809795918,882.338
480.815600907,882.349
480.821405895,882.616
480.827210884,883.068
480.833015873,883.062
480.838820861,883.154
480.844625850,883.028
480.850430839,882.888
480.856235827,882.782
480.862040816,882.813
480.867845804,883.111
480.873650793,883.324
480.879455782,884.008
480.885260770,884.32
480.891065759,884.218
480.896870748,884.095
480.902675736,884.09
480.908480725,883.822
480.914285714,883.295
480.920090702,883.296
480.925895691,883.315
480.931700680,883.375
480.937505668,883.426
480.943310657,883.395
480.949115646,883.183
480.954920634,882.903
480.960725623,882.699
480.966530612,882.554
480.972335600,882.345
480.978140589,882.054
480.983945578,881.795
481.007165532,788.251
481.012970521,788.117
481.018775510,787.9
481.024580498,787.81
481.030385487,787.76
481.036190476,787.787
481.041995464,787.931
481.047800453,787.399
481.053605442,786.912
481.059410430,786.474
481.065215419,786.072
481.071020408,785.928
481.076825396,785.803
481.082630385,786.36
481.088435374,786.862
481.094240362,786.987
481.100045351,786.659
481.105850340,786.571
481.111655328,786.713
481.117460317,786.774
481.123265306,786.624
481.129070294,786.281
481.134875283,785.766
481.140680272,785.728
481.146485260,785.617
481.152290249,785.847
481.158095238,785.748
481.163900226,785.778
481.169705215,786.416
481.175510204,786.972
481.181315192,787.314
481.187120181,787.461
481.192925170,787.391
481.198730158,787.286
481.204535147,786.865
481.210340136,786.67
481.216145124,786.55
481.221950113,786.633
481.227755102,786.75
481.233560090,786.524
481.239365079,786.671
481.245170068,786.72
481.250975056,786.83
481.256780045,787.222
481.262585034,787.527
481.268390022,787.886
481.274195011,788.385
481.280000000,788.54
481.285804988,788.664
481.291609977,788.828
481.297414965,789.839
481.303219954,789.542
481.309024943,789.395
481.314829931,789.672
481.320634920,789.192
481.326439909,788.75
481.332244897,788.316
481.338049886,787.703
481.343854875,787.244
481.349659863,787.414
481.355464852,787.41
481.361269841,787.109
481.367074829,787.091
481.372879818,787.221
481.378684807,787.436
481.384489795,787.604
481.390294784,787.449
481.396099773,787.284
481.401904761,787.31
481.407709750,787.726
481.413514739,787.524
481.419319727,787.346
481.425124716,787.068
481.430929705,786.391
481.436734693,786.677
481.442539682,786.822
481.448344671,786.863
481.454149659,786.926
481.459954648,787.103
481.465759637,787.272
481.471564625,787.296
481.477369614,787.155
481.483174603,786.968
481.488979591,787.01
481.494784580,786.865
481.500589569,786.958
481.506394557,787.024
481.512199546,787.05
481.518004535,787.296
481.523809523,787.227
481.529614512,787.054
481.535419501,787.179
481.541224489,787.265
481.547029478,787.07
481.552834467,787.07
481.558639455,787.198
481.564444444,787.263
481.570249433,787.279
481.576054421,787.415
481.581859410,787.556
481.587664399,787.711
481.593469387,787.964
481.599274376,788.16
481.605079365,788.226
481.610884353,788.235
481.616689342,788.05
481.622494331,787.595
481.628299319,786.797
481.634104308,787.185
481.639909297,787.228
481.645714285,787.423
481.651519274,787.309
481.657324263,787.052
481.663129251,786.788
481.668934240,786.873
481.674739229,786.96
481.680544217,787.173
481.686349206,787.035
481.692154195,787.027
481.697959183,786.913
481.703764172,786.739
481.709569160,786.334
481.715374149,786.08
481.721179138,785.823
481.726984126,785.721
481.732789115,786.345
481.738594104,786.7
481.744399092,786.801
481.750204081,787.11
481.756009070,787.534
481.761814058,787.92
481.767619047,788.058
481.773424036,787.949
481.779229024,787.905
481.785034013,787.354
481.790839002,786.961
481.796643990,786.706
481.802448979,786.474
481.808253968,786.381
481.814058956,786.339
481.819863945,786.537
481.825668934,786.753
481.831473922,786.958
481.837278911,786.83
481.843083900,787.177
481.848888888,787.393
481.854693877,787.467
481.860498866,787.5
481.866303854,787.259
481.872108843,786.755
481.877913832,786.038
481.883718820,785.732
481.889523809,785.126
481.895328798,785.661
481.901133786,786.136
481.906938775,786.362
481.912743764,786.896
481.918548752,787.055
481.924353741,786.983
481.930158730,787.021
481.935963718,787.136
481.941768707,787.069
481.947573696,787.013
481.953378684,786.936
481.959183673,786.669
481.964988662,786.286
481.970793650,785.733
481.976598639,785.876
481.982403628,786.21
481.988208616,786.476
481.994013605,786.572
481.999818594,786.245
482.005623582,785.979
482.011428571,786.94
482.017233560,786.918
482.023038548,786.597
482.028843537,786.813
482.034648526,786.874
482.040453514,786.635
482.046258503,786.38
482.052063492,785.953
482.057868480,786.253
482.063673469,786.306
482.069478458,786.27
482.075283446,786.324
482.081088435,786.568
482.086893424,786.556
482.092698412,786.293
482.098503401,786.684
482.104308390,786.969
482.110113378,787.043
482.115918367,786.951
482.121723356,787.033
482.127528344,787.202
482.133333333,787.175
482.139138321,787.09
482.144943310,787.05
482.150748299,787.063
482.156553287,787.454
482.162358276,787.381
482.168163265,788.516
482.173968253,788.698
482.179773242,788.851
482.185578231,788.771
482.191383219,788.507
482.197188208,787.636
482.202993197,787.353
482.208798185,787.811
482.214603174,787.997
482.220408163,788.053
482.226213151,788.226
482.232018140,788.445
482.237823129,788.237
482.243628117,788.189
482.249433106,788.24
482.255238095,788.099
482.261043083,787.449
482.266848072,788.003
482.272653061,788.27
482.278458049,788.438
482.284263038,788.38
482.290068027,788.347
482.295873015,788.306
482.301678004,788.215
482.307482993,788.203
482.313287981,787.962
482.319092970,787.773
482.324897959,788.153
482.330702947,788.616
482.336507936,789.345
482.342312925,789.031
482.348117913,788.465
482.353922902,788.128
482.359727891,787.818
482.365532879,787.583
482.371337868,787.347
482.377142857,787.343
482.382947845,787.239
482.388752834,787.128
482.394557823,787.314
482.400362811,787.545
482.406167800,787.564
482.411972789,787.713
482.417777777,787.799
482.423582766,787.711
482.429387755,787.504
482.435192743,787.201
482.440997732,787.365
482.446802721,787.498
482.452607709,787.4
482.458412698,787.76
482.464217687,787.96
482.481632653,880.989
482.487437641,881.283
482.493242630,881.422
482.499047619,881.416
482.504852607,881.725
482.510657596,881.992
482.516462585,882.025
482.522267573,881.946
482.528072562,882.256
482.533877551,882.39
482.539682539,882.148
482.545487528,882.047
482.551292517,882.204
482.557097505,882.27
482.562902494,882.251
482.568707482,882.304
482.574512471,882.028
482.580317460,882.073
482.586122448,882.503
482.591927437,882.743
482.597732426,882.83
482.603537414,882.691
482.609342403,882.416
482.615147392,882.492
482.620952380,882.877
482.626757369,883.175
482.632562358,883.07
482.638367346,883.071
482.644172335,883.005
482.649977324,882.987
482.655782312,882.898
482.661587301,882.675
482.667392290,882.282
482.673197278,882.119
482.679002267,882.206
482.684807256,882.21
482.690612244,882.512
482.696417233,882.494
482.702222222,882.265
482.708027210,882.034
482.713832199,881.672
482.719637188,880.669
482.725442176,879.261
482.731247165,879.67
482.737052154,879.819
482.771882086,783.764
482.777687074,784.458
482.783492063,784.99
482.789297052,785.313
482.795102040,785.459
482.800907029,785.54
482.806712018,785.691
482.812517006,785.979
482.818321995,785.989
482.824126984,786.358
482.829931972,786.69
482.835736961,786.956
482.841541950,786.897
482.847346938,786.717
482.853151927,786.53
482.858956916,786.381
482.864761904,786.264
482.870566893,786.121
482.876371882,786.031
482.882176870,785.902
482.887981859,786.19
482.893786848,786.593
482.899591836,786.865
482.905396825,785.825
482.911201814,785.753
482.917006802,785.706
482.922811791,785.841
482.928616780,786.196
482.934421768,786.579
482.940226757,786.853
482.946031746,787.089
482.951836734,787.206
482.957641723,786.813
482.963446712,786.608
482.969251700,786.395
482.975056689,786.193
482.980861678,786.082
482.986666666,786.013
482.992471655,786.631
482.998276643,787.089
483.004081632,787.277
483.009886621,787.388
483.015691609,786.961
483.021496598,786.503
483.027301587,786.098
483.033106575,785.906
483.038911564,785.879
483.044716553,785.728
483.050521541,785.539
483.056326530,785.624
483.062131519,785.858
483.067936507,786.13
483.073741496,786.381
483.079546485,786.596
483.085351473,786.609
483.091156462,786.595
483.096961451,786.688
483.102766439,786.809
483.108571428,786.706
483.114376417,786.507
483.120181405,786.24
483.125986394,786.239
483.131791383,786.001
483.137596371,785.786
483.143401360,785.52
483.149206349,785.253
483.155011337,784.891
483.160816326,784.462
483.166621315,784.542
483.172426303,784.506
483.178231292,784.585
483.184036281,785.088
483.189841269,785.44
483.195646258,785.599
483.201451247,786.17
483.207256235,786.652
483.213061224,786.957
483.218866213,787.232
483.224671201,787.627
483.230476190,787.32
483.236281179,786.989
483.242086167,786.554
483.247891156,785.565
483.253696145,785.752
483.259501133,785.779
483.265306122,785.955
483.271111111,786.14
483.276916099,786.358
483.282721088,786.347
483.288526077,786.232
483.294331065,785.998
483.300136054,786.151
483.305941043,786.498
483.311746031,786.64
483.317551020,786.553
483.323356009,786.279
483.329160997,786.238
483.334965986,785.969
483.340770975,786.154
483.346575963,786.586
483.352380952,787.022
483.358185941,787.612
483.363990929,787.255
483.369795918,787.148
483.375600907,787.25
483.381405895,787.501
483.387210884,787.332
483.393015873,786.984
483.398820861,787.246
483.404625850,786.667
483.410430839,787.252
483.416235827,787.477
483.422040816,787.459
483.427845804,787.42
483.433650793,787.264
483.439455782,787.012
483.445260770,786.54
483.451065759,785.13
483.456870748,785.605
483.462675736,785.355
483.468480725,785.002
483.474285714,785.339
483.480090702,785.783
483.485895691,786.434
483.491700680,786.676
483.497505668,786.728
483.503310657,786.826
483.509115646,786.949
483.514920634,787.151
483.520725623,787.098
483.526530612,786.53
483.532335600,786.199
483.538140589,785.962
483.543945578,785.688
483.549750566,785.434
483.555555555,785.146
483.561360544,785.035
483.567165532,784.854
483.572970521,785.166
483.578775510,785.415
483.584580498,785.546
483.590385487,785.934
483.596190476,786.582
483.601995464,786.936
483.607800453,787.046
483.613605442,787.121
483.619410430,787.265
483.625215419,787.319
483.631020408,787.128
483.636825396,786.763
483.642630385,786.442
483.648435374,786.621
483.654240362,786.701
483.660045351,786.537
483.665850340,786.507
483.671655328,786.621
483.677460317,874.832
483.683265306,875.69
483.689070294,876.061
483.694875283,876.112
483.700680272,877.08
483.706485260,878.438
483.712290249,879.186
483.718095238,879.887
483.723900226,880.373
483.729705215,880.68
483.735510204,881.064
483.741315192,881.179
483.747120181,881.194
483.752925170,881.174
483.758730158,881.046
483.764535147,881.185
483.770340136,881.283
483.776145124,881.611
483.781950113,881.832
483.787755102,881.81
483.793560090,881.482
483.799365079,881.184
483.805170068,881.183
483.810975056,881.384
483.816780045,881.449
483.822585034,881.468
483.828390022,881.564
483.834195011,881.676
483.840000000,881.715
483.845804988,881.74
483.851609977,881.861
483.857414965,881.857
483.863219954,881.588
483.869024943,882.182
483.874829931,882.496
483.880634920,882.485
483.886439909,882.303
483.892244897,882.414
483.898049886,882.53
483.903854875,882.517
483.909659863,882.529
483.915464852,882.47
483.921269841,882.281
483.927074829,882.311
483.932879818,882.761
483.938684807,883.157
483.944489795,883.579
483.950294784,883.493
483.956099773,883.331
483.961904761,883.164
483.967709750,883.15
483.973514739,883.246
483.979319727,883.364
483.985124716,883.064
483.990929705,882.561
483.996734693,882.322
484.002539682,882.066
484.008344671,881.86
484.014149659,881.761
484.019954648,881.871
484.025759637,882.042
484.031564625,882.192
484.037369614,882.384
484.043174603,882.203
484.048979591,882.133
484.054784580,882.03
484.060589569,881.687
484.066394557,881.734
484.072199546,881.969
484.078004535,882.001
484.083809523,881.97
484.089614512,882.238
484.095419501,882.335
484.101224489,882.338
484.107029478,882.315
484.112834467,882.416
484.118639455,882.471
484.124444444,882.132
484.130249433,882.352
484.136054421,882.486
484.141859410,882.338
484.147664399,882.222
484.153469387,882.073
484.159274376,882.068
484.165079365,882.639
484.170884353,882.953
484.176689342,883.165
484.182494331,883.403
484.188299319,883.513
484.194104308,883.397
484.199909297,883.222
484.205714285,883.149
484.211519274,882.58
484.217324263,881.585
484.223129251,881.956
484.228934240,882.42
484.234739229,883.211
484.240544217,884.203
484.246349206,884.421
484.252154195,884.615
484.257959183,884.546
484.263764172,884.34
484.269569160,884.159
484.275374149,883.965
484.281179138,883.751
484.286984126,883.546
484.292789115,883.436
484.298594104,883.421
484.304399092,883.5
484.310204081,883.741
484.316009070,884.055
484.321814058,884.247
484.327619047,884.297
484.333424036,884.234
484.339229024,884.071
484.345034013,883.905
484.350839002,883.879
484.356643990,883.877
484.362448979,883.949
484.368253968,884.008
484.374058956,883.916
484.379863945,883.842
484.385668934,883.757
484.391473922,883.661
484.397278911,883.71
484.403083900,883.919
484.408888888,883.345
484.414693877,883.054
484.420498866,883.19
484.426303854,883.204
484.432108843,884.082
484.437913832,884.782
484.443718820,884.796
484.449523809,884.575
484.455328798,883.914
484.461133786,883.264
484.466938775,883.147
484.472743764,883.214
484.478548752,883.305
484.484353741,883.341
484.490158730,883.426
484.495963718,883.456
484.501768707,883.773
484.507573696,884.894
484.513378684,886.277
484.519183673,887.701
484.524988662,887.425
484.530793650,886.145
484.536598639,885.773
484.542403628,885.675
484.548208616,885.673
484.554013605,885.093
484.559818594,884.904
484.565623582,885.454
484.571428571,885.438
484.577233560,885.461
484.583038548,885.551
484.588843537,977.159
484.594648526,977.65
484.600453514,978.012
484.606258503,978.237
484.612063492,978.356
484.617868480,978.399
484.623673469,978.239
484.629478458,975.957
484.635283446,974.815
484.641088435,974.853
484.646893424,974.634
484.652698412,974.156
484.658503401,974.665
484.664308390,974.931
484.670113378,975.247
484.675918367,976.084
484.681723356,976.908
484.687528344,977.812
484.693333333,978.563
484.699138321,979.061
484.704943310,979.342
484.710748299,980.316
484.716553287,981.899
484.722358276,983.108
484.728163265,984.217
484.733968253,985.05
484.739773242,985.086
484.745578231,985.725
484.751383219,985.911
484.757188208,985.849
484.762993197,986.234
484.768798185,986.247
484.774603174,986.382
484.780408163,986.672
484.786213151,986.6
484.792018140,986.379
484.797823129,985.842
484.803628117,984.815
484.809433106,983.834
484.815238095,982.621
484.821043083,981.709
484.826848072,980.75
484.832653061,979.789
484.838458049,979.084
484.844263038,978.171
484.850068027,977.916
484.855873015,977.869
484.861678004,985.309
484.867482993,985.523
484.873287981,979.251
484.879092970,977.903
484.884897959,978.104
484.890702947,979.949
484.896507936,980.788
484.902312925,980.025
484.908117913,979.054
484.913922902,979.86
484.919727891,980.025
484.925532879,979.957
484.931337868,980.085
484.937142857,980.529
484.942947845,981.192
484.948752834,981.419
484.954557823,981.359
484.960362811,981.422
484.966167800,981.794
484.971972789,982.091
484.977777777,981.718
484.983582766,981.237
484.989387755,980.802
484.995192743,980.283
485.000997732,979.77
485.006802721,979.194
485.012607709,978.555
485.018412698,977.531
485.024217687,977.177
485.030022675,976.446
485.035827664,975.666
485.041632653,974.819
485.047437641,973.641
485.053242630,972.958
485.059047619,973.277
485.064852607,973.192
485.070657596,973.787
485.076462585,974.969
485.082267573,975.967
485.088072562,977.036
485.093877551,977.643
485.099682539,978.835
485.105487528,978.484
485.111292517,978.294
485.117097505,978.08
485.122902494,977.91
485.128707482,977.8
485.134512471,977.766
485.140317460,978.739
485.146122448,981.151
485.151927437,980.287
485.157732426,979.676
485.163537414,979.815
485.169342403,980.139
485.175147392,979.42
485.180952380,979.282
485.186757369,979.586
485.192562358,979.971
485.198367346,980.177
485.204172335,980.29
485.209977324,980.256
485.215782312,980.217
485.221587301,979.888
485.227392290,979.175
485.233197278,978.533
485.239002267,978.034
485.244807256,977.308
485.250612244,976.384
485.256417233,975.32
485.262222222,973.98
485.268027210,973.877
485.273832199,974.769
485.279637188,975.714
485.285442176,976.52
485.291247165,976.195
485.297052154,975.115
485.302857142,974.971
485.308662131,975.761
485.314467120,976.259
485.320272108,976.895
485.326077097,977.479
485.331882086,978.033
485.337687074,978.545
485.343492063,978.978
485.349297052,979.217
485.355102040,979.318
485.360907029,979.402
485.366712018,979.546
485.372517006,979.613
485.378321995,979.503
485.384126984,979.303
485.389931972,979.091
485.395736961,978.963
485.401541950,979.005
485.407346938,979.103
485.413151927,979.501
485.418956916,980.145
485.424761904,979.759
485.430566893,980.048
485.436371882,980.117
485.442176870,979.913
485.447981859,979.763
485.453786848,979.599
485.459591836,979.769
485.465396825,980.014
485.471201814,980.593
485.477006802,980.502
485.482811791,980.193
485.488616780,979.869
485.494421768,979.247
485.500226757,978.331
485.506031746,978.019
485.511836734,977.892
485.517641723,977.856
485.523446712,978.334
485.529251700,978.702
485.535056689,978.941
485.540861678,979.257
485.546666666,979.57
485.552471655,979.953
485.558276643,979.667
485.564081632,979.438
485.569886621,979.383
485.575691609,979.311
485.581496598,979.031
485.587301587,979.096
485.593106575,979.105
485.598911564,979.143
485.604716553,979.5
485.610521541,979.594
485.616326530,979.736
485.622131519,979.934
485.627936507,980.083
485.633741496,980.302
485.639546485,980.512
485.645351473,980.34
485.651156462,980.399
485.656961451,980.664
485.662766439,981.095
485.668571428,981.335
485.674376417,981.333
485.680181405,981.543
485.685986394,981.812
485.691791383,981.86
485.697596371,981.81
485.703401360,981.78
485.709206349,981.674
485.715011337,981.852
485.720816326,981.941
485.726621315,981.9
485.732426303,982.004
485.738231292,981.948
485.744036281,981.603
485.749841269,981.375
485.755646258,981.234
485.761451247,981.26
485.767256235,980.858
485.773061224,980.419
485.778866213,980.11
485.784671201,980.032
485.790476190,980.484
485.796281179,980.679
485.802086167,980.646
485.807891156,980.386
485.813696145,979.803
485.819501133,979.027
485.825306122,978.363
485.831111111,978.138
485.836916099,978.246
485.842721088,978.256
485.848526077,978.37
485.854331065,978.706
485.860136054,978.99
485.865941043,979.113
485.871746031,979.201
485.877551020,979.171
485.883356009,979.258
485.889160997,979.34
485.894965986,979.422
485.900770975,979.072
485.906575963,979.19
485.912380952,979.593
485.918185941,980.146
485.923990929,980.423
485.929795918,980.529
485.935600907,980.83
485.941405895,981.211
485.947210884,981.832
485.953015873,981.746
485.958820861,982.03
485.964625850,982.199
485.970430839,982.433
485.976235827,982.422
485.982040816,981.64
485.987845804,981.508
485.993650793,981.419
485.999455782,981.057
486.005260770,980.542
486.011065759,979.919
486.016870748,979.236
486.022675736,978.364
486.028480725,977.017
486.034285714,974.242
486.040090702,972.906
486.045895691,972.746
486.051700680,973.084
486.057505668,973.264
486.063310657,973.065
486.069115646,972.304
486.074920634,973.135
486.080725623,975.626
486.086530612,977.909
486.092335600,977.603
486.098140589,977.251
486.103945578,976.679
486.109750566,975.869
486.115555555,977.372
486.121360544,977.836
486.127165532,978.065
486.132970521,978.465
486.138775510,979.033
486.144580498,979.238
486.150385487,979.209
486.156190476,979.266
486.161995464,979.536
486.167800453,979.899
486.173605442,980.296
486.179410430,980.135
486.185215419,980.277
486.191020408,980.387
486.196825396,980.284
486.202630385,980.225
486.208435374,980.17
486.214240362,980.066
486.220045351,979.678
486.225850340,979.483
486.231655328,979.066
486.237460317,978.314
486.243265306,977.6
486.249070294,978.169
486.254875283,978.456
486.260680272,978.668
486.266485260,979.013
486.272290249,979.409
486.278095238,979.52
486.283900226,979.196
486.289705215,979.261
486.295510204,979.448
486.301315192,979.557
486.307120181,979.346
486.312925170,978.96
486.318730158,978.929
486.324535147,978.989
486.330340136,979.029
486.336145124,978.697
486.341950113,978.12
486.347755102,978.995
486.353560090,979.477
486.359365079,979.726
486.365170068,979.892
486.370975056,980.116
486.376780045,979.451
486.382585034,979.843
486.388390022,979.913
486.394195011,980.03
486.400000000,980.172
486.405804988,980.472
486.411609977,980.479
486.417414965,980.181
486.423219954,979.929
486.429024943,979.877
486.434829931,979.746
486.440634920,979.615
486.446439909,979.482
486.452244897,979.36
486.458049886,979.252
486.463854875,979.217
486.469659863,979.518
486.475464852,979.75
486.481269841,980.107
486.487074829,980.614
486.492879818,981.164
486.498684807,981.611
486.504489795,982.057
486.510294784,982.696
486.516099773,983.449
486.521904761,984.377
486.527709750,985.573
486.533514739,986.292
486.539319727,986.579
486.545124716,986.461
486.550929705,986.464
486.556734693,984.426
486.562539682,982.21
486.568344671,981.417
486.574149659,980.805
486.579954648,980.227
486.585759637,979.963
486.591564625,979.716
486.597369614,979.316
486.603174603,978.8
486.608979591,978.311
486.614784580,977.791
486.620589569,976.7
486.626394557,975.019
486.632199546,976.562
486.638004535,977.051
486.643809523,977.48
486.649614512,978.285
486.655419501,978.919
486.661224489,979.326
486.667029478,979.598
486.672834467,980.046
486.678639455,980.819
486.684444444,981.69
486.690249433,983.37
486.696054421,985.5
486.701859410,985.611
486.707664399,986.271
486.713469387,987.062
486.719274376,987.386
486.725079365,987.437
486.730884353,987.142
486.736689342,986.596
486.742494331,985.673
486.748299319,984.941
486.754104308,981.995
486.759909297,980.344
486.765714285,978.76
486.771519274,977.815
486.777324263,977.057
486.783129251,975.748
486.788934240,973.841
486.794739229,973.082
486.800544217,972.751
486.806349206,972.545
486.812154195,972.239
486.817959183,971.307
486.823764172,971.887
486.829569160,971.9
486.835374149,971.903
486.841179138,972.589
486.846984126,973.612
486.852789115,975.154
486.858594104,975.339
486.864399092,974.12
486.870204081,973.322
486.876009070,974.336
486.881814058,974.296
486.887619047,973.748
486.893424036,986.498
486.899229024,986.723
486.905034013,985.835
486.910839002,984.928
486.916643990,982.723
486.922448979,986.121
486.928253968,983.934
486.934058956,981.95
486.939863945,980.807
486.945668934,979.461
486.951473922,978.999
486.957278911,979.122
486.963083900,979.629
486.968888888,982.22
486.974693877,979.781
486.980498866,978.969
486.986303854,978.052
486.992108843,975.587
486.997913832,973.751
487.003718820,973.08
487.009523809,972.632
487.015328798,973.046
487.021133786,977.769
487.026938775,979.276
487.032743764,979.791
487.038548752,979.745
487.044353741,979.733
487.050158730,979.746
487.055963718,979.909
487.061768707,980.821
487.067573696,981.817
487.073378684,984.124
487.079183673,985.886
487.084988662,986.181
487.090793650,986.122
487.096598639,986.123
487.102403628,984.496
487.108208616,982.544
487.114013605,981.772
487.119818594,981.337
487.125623582,980.895
487.131428571,980.512
487.137233560,980.248
487.143038548,979.814
487.148843537,979.03
487.154648526,977.754
487.160453514,975.379
487.166258503,973.7
487.172063492,972.989
487.177868480,972.441
487.183673469,972.012
487.189478458,971.86
487.195283446,972.632
487.201088435,973.774
487.206893424,975.924
487.212698412,977.446
487.218503401,978.474
487.224308390,978.993
487.230113378,979.395
487.235918367,980.239
487.241723356,981.583
487.247528344,982.306
487.253333333,983.626
487.259138321,985.32
487.264943310,985.43
487.270748299,983.471
487.276553287,983.338
487.282358276,982.85
487.288163265,982.205
487.293968253,981.719
487.299773242,980.861
487.305578231,980.749
487.311383219,980.625
487.317188208,980.441
487.322993197,980.133
487.328798185,979.64
487.334603174,978.921
487.340408163,977.784
487.346213151,975.991
487.352018140,974.32
487.357823129,974.009
487.363628117,973.975
487.369433106,974.243
487.375238095,974.673
487.381043083,974.518
487.386848072,973.472
487.392653061,976.026
487.398458049,977.182
487.404263038,977.73
487.410068027,978.165
487.415873015,978.494
487.421678004,979.016
487.427482993,979.89
487.433287981,981.057
487.439092970,982.086
487.444897959,982.498
487.450702947,982.834
487.456507936,983.247
487.462312925,983.774
487.468117913,984.587
487.473922902,985.13
487.479727891,984.106
487.485532879,982.896
487.491337868,982.295
487.497142857,981.851
487.502947845,981.251
487.508752834,980.575
487.514557823,979.98
487.520362811,979.463
487.526167800,978.912
487.531972789,978.025
487.537777777,976.444
487.543582766,974.464
487.549387755,973.92
487.555192743,973.47
487.560997732,973.186
487.566802721,972.932
487.572607709,973.428
487.578412698,974.704
487.584217687,976.909
487.590022675,978.183
487.595827664,979.075
487.601632653,979.804
487.607437641,980.444
487.613242630,981.226
487.619047619,982.287
487.624852607,983.532
487.630657596,983.674
487.636462585,983.304
487.642267573,982.731
487.648072562,981.065
487.653877551,982.422
487.659682539,983.025
487.665487528,983.174
487.671292517,983.017
487.677097505,982.522
487.682902494,981.889
487.688707482,981.051
487.694512471,980.043
487.700317460,978.905
487.706122448,977.657
487.711927437,976.316
487.717732426,974.604
487.723537414,973.511
487.729342403,972.791
487.735147392,972.419
487.740952380,971.807
487.746757369,972.699
487.752562358,973.243
487.758367346,973.733
487.764172335,974.173
487.769977324,974.706
487.775782312,975.32
487.781587301,975.094
487.787392290,975.307
487.793197278,975.7
487.799002267,976.222
487.804807256,976.835
487.810612244,977.476
487.816417233,977.862
487.822222222,978.012
487.828027210,978.275
487.833832199,978.774
487.839637188,979.339
487.845442176,979.821
487.851247165,979.862
487.857052154,979.674
487.862857142,979.513
487.868662131,979.809
487.874467120,979.764
487.880272108,979.843
487.886077097,980.189
487.891882086,979.089
487.897687074,978.352
487.903492063,977.806
487.909297052,977.262
487.915102040,976.611
487.920907029,975.798
487.926712018,974.4
487.932517006,973.795
487.938321995,974.066
487.944126984,974.616
487.949931972,974.991
487.955736961,975.793
487.961541950,976.445
487.967346938,977.026
487.973151927,977.488
487.978956916,977.674
487.984761904,978.115
487.990566893,979.028
487.996371882,979.982
488.002176870,982.293
488.007981859,982.15
488.013786848,982.592
488.019591836,983.892
488.025396825,985.633
488.031201814,986.832
488.037006802,986.99
488.042811791,987.137
488.048616780,987.292
488.054421768,983.658
488.060226757,986.469
488.066031746,986.269
488.071836734,986.317
488.077641723,986.595
488.083446712,987.293
488.089251700,985.638
488.095056689,983.666
488.100861678,982.486
488.106666666,981.521
488.112471655,980.667
488.118276643,979.885
488.124081632,979.27
488.129886621,979.529
488.135691609,979.503
488.141496598,979.276
488.147301587,978.833
488.153106575,978.025
488.158911564,977.272
488.164716553,977.587
488.170521541,977.909
488.176326530,978.544
488.182131519,978.875
488.187936507,978.942
488.193741496,979.018
488.199546485,978.672
488.205351473,978.435
488.211156462,978.217
488.216961451,977.982
488.222766439,977.984
488.228571428,978.25
488.234376417,978.157
488.240181405,977.395
488.245986394,977.054
488.251791383,978.154
488.257596371,979.515
488.263401360,979.688
488.269206349,979.098
488.275011337,979.284
488.280816326,979.349
488.286621315,979.6
488.292426303,979.318
488.298231292,979.086
488.304036281,979.485
488.309841269,979.895
488.315646258,979.927
488.321451247,979.79
488.327256235,980.157
488.333061224,980.559
488.338866213,980.453
488.344671201,980.157
488.350476190,979.756
488.356281179,979.994
488.362086167,980.147
488.367891156,980.044
488.373696145,980.174
488.379501133,980.178
488.385306122,979.971
488.391111111,979.646
488.396916099,979.312
488.402721088,979.449
488.408526077,979.428
488.414331065,979.243
488.420136054,978.974
488.425941043,978.717
488.431746031,978.74
488.437551020,978.876
488.443356009,978.991
488.449160997,979.14
488.454965986,979.336
488.460770975,979.498
488.466575963,979.585
488.472380952,979.57
488.478185941,979.437
488.483990929,979.356
488.489795918,979.952
488.495600907,980.545
488.501405895,981.23
488.507210884,982.122
488.513015873,982.891
488.518820861,983.607
488.524625850,984.578
488.530430839,985.499
488.536235827,986.451
488.542040816,987.039
488.547845804,987.403
488.553650793,987.723
488.559455782,987.986
488.565260770,988.183
488.571065759,988.388
488.576870748,988.451
488.582675736,988.098
488.588480725,987.425
488.594285714,986.214
488.600090702,983.831
488.605895691,982.59
488.611700680,982.033
488.617505668,982.284
488.623310657,982.422
488.629115646,982.412
488.634920634,982.21
488.640725623,981.989
488.646530612,981.861
488.652335600,981.402
488.658140589,980.757
488.663945578,980.246
488.669750566,979.801
488.675555555,979.581
488.681360544,978.324
488.687165532,976.862
488.692970521,975.36
488.698775510,975.05
488.704580498,973.948
488.710385487,973.661
488.716190476,973.354
488.721995464,972.917
488.727800453,972.092
488.733605442,972.722
488.739410430,974.764
488.745215419,976.25
488.751020408,977.063
488.756825396,977.445
488.762630385,977.928
488.768435374,978.608
488.774240362,979.364
488.780045351,979.754
488.785850340,980.023
488.791655328,980.706
488.797460317,982.082
488.803265306,985.282
488.809070294,985.746
488.814875283,986.552
488.820680272,986.987
488.826485260,987.385
488.832290249,987.278
488.838095238,987.098
488.843900226,986.931
488.849705215,986.272
488.855510204,984.612
488.861315192,982.371
488.867120181,981.472
488.872925170,981.08
488.878730158,980.867
488.884535147,980.282
488.890340136,980.004
488.896145124,980.117
488.901950113,980.228
488.907755102,980.897
488.913560090,982.511
488.919365079,982.446
488.925170068,980.713
488.930975056,976.267
488.936780045,973.619
488.942585034,972.88
488.948390022,972.818
488.954195011,972.847
488.960000000,972.479
488.965804988,971.834
488.971609977,975.762
488.977414965,978.53
488.983219954,979.379
488.989024943,979.683
488.994829931,980.554
489.000634920,980.215
489.006439909,981.037
489.012244897,981.815
489.018049886,983.414
489.023854875,985.216
489.029659863,985.402
489.035464852,985.677
489.041269841,986.117
489.047074829,986.741
489.052879818,986.06
489.058684807,985.336
489.064489795,984.047
489.070294784,983.306
489.076099773,982.816
489.081904761,982.413
489.087709750,982.373
489.093514739,981.892
489.099319727,982.635
489.105124716,985.549
489.110929705,986.374
489.116734693,986.953
489.122539682,986.814
489.128344671,972.159
489.134149659,972.702
489.139954648,972.669
489.145759637,972.649
489.151564625,972.838
489.157369614,973.368
489.163174603,974.425
489.168979591,977.203
489.174784580,978.198
489.180589569,978.805
489.186394557,979.227
489.192199546,979.458
489.198004535,978.777
489.203809523,979.972
489.209614512,981.018
489.215419501,983.96
489.221224489,986.509
489.227029478,987.21
489.232834467,987.119
489.238639455,986.852
489.244444444,986.648
489.250249433,986.535
489.256054421,986.404
489.261859410,986.563
489.267664399,986.628
489.273469387,986.288
489.279274376,985.487
489.285079365,985.388
489.290884353,982.898
489.296689342,980.091
489.302494331,980.239
489.308299319,977.742
489.314104308,973.895
489.319909297,973.339
489.325714285,972.905
489.331519274,972.566
489.337324263,972.339
489.343129251,971.782
489.348934240,972.67
489.354739229,973.368
489.360544217,973.755
489.366349206,973.917
489.372154195,973.952
489.377959183,974.271
489.383764172,977.398
489.389569160,978.2
489.395374149,978.843
489.401179138,979.338
489.406984126,980.331
489.412789115,985.684
489.418594104,987.348
489.424399092,987.278
489.430204081,987.301
489.436009070,987.428
489.441814058,987.63
489.447619047,987.837
489.453424036,988.065
489.459229024,988.365
489.465034013,988.556
489.470839002,988.098
489.476643990,986.936
489.482448979,985.059
489.488253968,983.242
489.494058956,982.045
489.499863945,981.672
489.505668934,981.757
489.511473922,981.905
489.517278911,981.61
489.523083900,980.798
489.528888888,979.17
489.534693877,974.245
489.540498866,973.397
489.546303854,972.374
489.552108843,971.405
489.557913832,971.124
489.563718820,971.311
489.569523809,971.367
489.575328798,971.18
489.581133786,971.25
489.586938775,971.709
489.592743764,973.125
489.598548752,977.259
489.604353741,979.216
489.610158730,980.259
489.615963718,980.891
489.621768707,981.133
489.627573696,980.99
489.633378684,981.469
489.639183673,983.191
489.644988662,985.11
489.650793650,985.439
489.656598639,986.6
489.662403628,987.859
489.668208616,988.326
489.674013605,988.264
489.679818594,987.936
489.685623582,987.624
489.691428571,986.881
489.697233560,985.521
489.703038548,983.692
489.708843537,981.63
489.714648526,979.848
489.720453514,979.39
489.726258503,976.685
489.732063492,973.456
489.737868480,972.929
489.743673469,972.547
489.749478458,972.064
489.755283446,971.298
489.761088435,970.616
489.766893424,970.704
489.772698412,970.793
489.778503401,970.964
489.784308390,971.119
489.790113378,971.508
489.795918367,971.965
489.801723356,972.496
489.807528344,973.218
489.813333333,974.104
489.819138321,976.801
489.824943310,978.24
489.830748299,978.967
489.836553287,979.253
489.842358276,979.037
489.848163265,978.734
489.853968253,978.901
489.859773242,979.337
489.865578231,974.044
489.871383219,978.074
489.877188208,979.602
489.882993197,980.305
489.888798185,980.843
489.894603174,981.362
489.900408163,981.9
489.906213151,982.089
489.912018140,981.58
489.917823129,981.034
489.923628117,980.146
489.929433106,979.904
489.935238095,979.684
489.941043083,979.097
489.946848072,977.966
489.952653061,975.763
489.958458049,974.232
489.964263038,973.427
489.970068027,972.689
489.975873015,972.81
489.981678004,972.502
489.987482993,972.637
489.993287981,973.162
489.999092970,973.597
490.004897959,974.342
490.010702947,978.836
490.016507936,979.566
490.022312925,979.985
490.028117913,980.12
490.033922902,979.707
490.039727891,978.959
490.045532879,978.078
490.051337868,976.999
490.057142857,973.244
490.062947845,971.253
490.068752834,970.35
490.074557823,970.957
490.080362811,972.644
490.086167800,989.359
490.091972789,982.027
490.097777777,979.933
490.103582766,980.151
