18.866213151,1008
18.872018140,1006.05
18.877823129,1002.57
18.883628117,1000.48
18.889433106,999.832
18.895238095,999.031
18.901043083,998.849
18.906848072,998.924
18.912653061,998.659
18.918458049,998.389
18.924263038,998.122
18.930068027,997.779
18.935873015,997.287
18.941678004,997.122
18.947482993,996.643
18.953287981,996.385
18.959092970,996.109
18.964897959,995.639
18.970702947,995.335
18.976507936,995.125
18.982312925,995.098
18.988117913,995.177
18.993922902,995.159
18.999727891,995.033
19.005532879,994.823
19.011337868,994.693
19.017142857,994.477
19.022947845,994.188
19.028752834,994.074
19.034557823,993.886
19.040362811,994.03
19.046167800,994.11
19.051972789,993.972
19.057777777,993.632
19.063582766,993.31
19.069387755,992.903
19.075192743,992.483
19.080997732,992.071
19.086802721,991.412
19.092607709,990.544
19.098412698,989.535
19.940136054,1004.61
19.945941043,1003.21
19.951746031,1001.73
19.957551020,1001.26
19.963356009,1000.32
19.969160997,999.806
19.974965986,999.704
19.980770975,998.892
19.986575963,998.526
19.992380952,997.656
19.998185941,996.613
20.003990929,995.957
20.009795918,995.506
20.015600907,995.752
20.021405895,996.048
20.027210884,996.428
20.033015873,996.408
20.038820861,995.931
20.044625850,995.577
20.050430839,995.024
20.056235827,994.667
20.062040816,994.599
20.067845804,994.744
20.073650793,995.305
20.079455782,995.841
20.085260770,995.88
20.091065759,995.084
20.096870748,994.327
20.102675736,993.483
20.108480725,992.557
20.114285714,991.963
20.120090702,991.259
20.125895691,990.762
20.131700680,990.485
21.536507936,797.171
21.542312925,796.982
21.548117913,796.871
21.553922902,796.608
21.559727891,796.356
21.565532879,795.521
21.571337868,794.916
21.577142857,794.32
21.582947845,793.712
21.588752834,794.258
21.594557823,794.568
21.600362811,795.11
21.606167800,795.805
21.611972789,796.292
21.617777777,796.587
21.623582766,796.689
21.629387755,796.667
21.635192743,796.561
21.640997732,796.762
21.646802721,796.703
21.652607709,796.501
21.658412698,796.498
21.664217687,796.16
21.670022675,796.713
21.675827664,797.123
21.826757369,1185.6
21.832562358,1188.21
21.838367346,1188.55
21.844172335,1188.67
21.849977324,1189
21.855782312,1188.83
21.861587301,1189.09
21.867392290,1189.35
21.873197278,1189.57
21.879002267,1189.82
21.884807256,1189.65
21.890612244,1189.53
21.896417233,1189.17
21.902222222,1188.66
21.908027210,1188.33
21.913832199,1188.26
21.919637188,1188.38
21.925442176,1188.9
21.931247165,1189.71
21.937052154,1190.47
21.942857142,1191.09
21.948662131,1190.59
21.954467120,1189.83
21.960272108,1189.08
22.105396825,1023.95
22.111201814,1019.8
22.117006802,1017.34
22.122811791,1015.65
22.128616780,1013.84
22.134421768,1012.25
22.140226757,1010.77
22.146031746,1007.89
22.151836734,1005.25
22.157641723,1003.69
22.163446712,1003.03
22.169251700,1003.13
22.175056689,1004.09
22.180861678,1005.81
22.186666666,1006.6
22.192471655,1006.35
22.198276643,1005.74
22.204081632,1004.03
22.209886621,1002.4
22.215691609,999.743
22.221496598,997.941
22.227301587,996.792
22.366621315,905.608
22.372426303,899.596
22.378231292,896.905
22.384036281,896.881
22.389841269,896.372
22.395646258,896.104
22.401451247,896.425
22.407256235,896.057
22.413061224,896.105
22.418866213,896.328
22.424671201,896.547
22.430476190,896.827
22.436281179,896.833
22.442086167,896.809
22.447891156,896.463
22.453696145,896.259
22.459501133,896.417
22.465306122,896.438
22.471111111,897.08
22.476916099,898.452
22.482721088,899.5
22.488526077,901.025
22.494331065,902.158
22.500136054,902.836
22.505941043,903.244
22.511746031,903.114
22.517551020,902.348
22.523356009,899.402
22.529160997,896.469
22.534965986,893.357
22.662675736,806.656
22.668480725,804.69
22.674285714,803.338
22.680090702,802.722
22.685895691,801.695
22.691700680,800.899
22.697505668,800.344
22.703310657,799.557
22.709115646,799.221
22.714920634,798.719
22.720725623,798.359
22.726530612,798.118
22.732335600,797.647
22.738140589,798.057
22.743945578,797.974
22.749750566,798.641
22.755555555,798.604
22.761360544,799.062
22.767165532,799.531
22.772970521,798.84
22.778775510,797.634
22.784580498,796.53
22.790385487,795.011
22.906485260,1194.21
22.912290249,1191.83
22.918095238,1191.02
22.923900226,1190.79
22.929705215,1189.3
22.935510204,1189.31
22.941315192,1189.39
22.947120181,1189.32
22.952925170,1189.63
22.958730158,1189.6
22.964535147,1189.79
22.970340136,1189.56
22.976145124,1189.46
22.981950113,1188.97
22.987755102,1188.47
22.993560090,1188.25
22.999365079,1187.79
23.005170068,1187.67
23.010975056,1186.84
23.016780045,1186.51
23.022585034,1185.99
23.028390022,1185.23
23.034195011,1185.78
23.040000000,1185.76
23.045804988,1186.99
23.051609977,1187.73
23.057414965,1187.46
23.063219954,1186.6
23.069024943,1184.28
23.074829931,1182.87
23.080634920,1180.32
23.190929705,1318.5
23.196734693,1319.59
23.202539682,1320.32
23.208344671,1320.74
23.214149659,1321.06
23.219954648,1321.39
23.225759637,1321.75
23.231564625,1322.07
23.237369614,1322.17
23.243174603,1322.09
23.248979591,1321.77
23.254784580,1321.76
23.260589569,1321.33
23.266394557,1320.72
23.272199546,1319.78
23.278004535,1318.45
23.283809523,1317.24
23.289614512,1316.32
23.295419501,1315.48
23.301224489,1314.35
23.307029478,1312.46
23.312834467,1312.45
23.318639455,1312.16
23.324444444,1312.01
23.330249433,1312.09
23.336054421,1312.2
23.341859410,1312.32
23.347664399,1312.56
23.492789115,1005.1
23.498594104,1004.51
23.504399092,1004.11
23.510204081,1004.23
23.516009070,1004.3
23.521814058,1004.67
23.527619047,1004.96
23.533424036,1005.22
23.539229024,1005.74
23.545034013,1005.89
23.550839002,1006.36
23.556643990,1006.62
23.562448979,1006.51
23.568253968,1006.57
23.574058956,1006.3
23.579863945,1005.99
23.585668934,1005.66
23.591473922,1005.43
23.597278911,1005.23
23.603083900,1004.57
23.608888888,1004.25
23.614693877,1003.32
23.620498866,1002.67
23.626303854,1001.83
23.632108843,1001.04
23.637913832,999.791
23.643718820,998.628
32.751746031,1783.13
32.757551020,1768.95
32.763356009,1769.64
32.769160997,1771.41
32.774965986,1772.47
32.780770975,1775.43
32.786575963,1778.09
32.792380952,1780.7
32.798185941,1785.16
32.803990929,1788.15
32.809795918,1790.81
32.815600907,1792.92
32.821405895,1794.92
32.827210884,1798.68
32.833015873,1800.99
32.838820861,1802.59
32.844625850,1803.74
32.850430839,1803.52
32.856235827,1802.31
32.862040816,1802.2
32.867845804,1802.39
32.873650793,1801.67
32.879455782,1801.67
32.885260770,1800.02
32.891065759,1798.72
32.896870748,1799.11
32.902675736,1799.27
32.908480725,1799.97
32.914285714,1801.81
32.920090702,1802.87
32.925895691,1803.28
32.931700680,1803.24
32.937505668,1802.18
32.943310657,1801
32.949115646,1800.55
32.954920634,1798.6
32.960725623,1796.63
32.966530612,1795.54
32.972335600,1794.58
32.978140589,1792.73
32.983945578,1789.91
32.989750566,1786.41
32.995555555,1784.52
33.001360544,1784.24
33.007165532,1787.35
33.012970521,1793.24
33.018775510,1800.82
33.024580498,1805.13
33.030385487,1807.82
33.036190476,1810.79
33.041995464,1810.22
33.047800453,1809.6
33.053605442,1808.34
33.059410430,1806.16
33.065215419,1803.34
33.071020408,1800.59
33.076825396,1794.49
33.082630385,1787.68
33.088435374,1784.1
33.094240362,1781.71
33.100045351,1780.36
33.105850340,1778.78
33.111655328,1779.11
33.117460317,1781.21
33.123265306,1791.18
33.129070294,1799.83
33.134875283,1802.64
33.140680272,1803.49
33.146485260,1805.07
33.152290249,1805.62
33.158095238,1805.46
33.163900226,1805.14
33.169705215,1805.13
33.175510204,1803.88
33.181315192,1801.51
33.187120181,1799.24
33.192925170,1796.5
33.198730158,1795.52
33.204535147,1794.82
33.210340136,1795.57
33.216145124,1796.92
33.221950113,1798.32
33.227755102,1804.36
33.233560090,1796.19
33.239365079,1794.21
33.245170068,1791.65
33.250975056,1787.73
33.256780045,1792.23
33.262585034,1791.26
33.268390022,1793.53
33.274195011,1788.26
33.297414965,1514.91
33.303219954,1507.6
33.309024943,1503.77
33.314829931,1504.46
33.320634920,1500.87
33.326439909,1496.92
33.332244897,1491.58
33.338049886,1487.78
33.343854875,1486.39
33.349659863,1484.7
33.355464852,1483.01
33.361269841,1481.15
33.367074829,1478.78
33.372879818,1477.36
33.378684807,1477.17
33.384489795,1477.02
33.390294784,1477.23
33.396099773,1477.43
33.401904761,1477.71
33.407709750,1477.3
33.413514739,1476.04
33.419319727,1472.97
33.425124716,1467.5
33.430929705,1462.55
33.436734693,1447.72
33.442539682,1380.67
33.448344671,1347.33
33.454149659,1341.62
33.459954648,1341.83
33.465759637,1341.18
33.471564625,1339.81
33.477369614,1339.57
33.483174603,1338.54
33.488979591,1339.25
33.494784580,1339.44
33.500589569,1339.29
33.506394557,1340.44
33.512199546,1340.35
33.518004535,1340.22
33.523809523,1340
33.529614512,1339.89
33.535419501,1340.22
33.541224489,1339.86
33.547029478,1325.94
33.552834467,1218.61
33.558639455,1208.62
33.564444444,1204.17
33.570249433,1199.73
33.576054421,1196.76
33.581859410,1195.14
33.587664399,1194.73
33.593469387,1194.46
33.599274376,1195.29
33.605079365,1196.99
33.610884353,1200.88
33.616689342,1204.76
33.622494331,1208.09
33.628299319,1209.64
33.634104308,1210.09
33.639909297,1210.27
33.645714285,1209.27
33.651519274,1207.73
33.657324263,1205.59
33.663129251,1202.23
33.668934240,1198.95
33.674739229,1196.53
33.680544217,1194.82
33.686349206,1194.5
33.692154195,1194.38
33.697959183,1194.65
33.703764172,1195.52
33.709569160,1196.37
33.715374149,1198.01
33.721179138,1199.99
33.726984126,1201.83
33.732789115,1203.02
33.738594104,1203.78
33.744399092,1204.46
33.750204081,1204.78
33.756009070,1204.65
33.761814058,1204.21
33.767619047,1203.26
33.773424036,1202.62
33.779229024,1202.06
33.785034013,1201.63
33.790839002,1201.09
33.796643990,1200.41
33.802448979,1199.85
33.808253968,1199.28
33.814058956,1199.08
33.819863945,1197.48
33.825668934,1187.3
33.831473922,1146.33
33.837278911,1125.81
33.843083900,1123.04
33.848888888,1119.09
33.854693877,1107.52
33.860498866,1009.55
33.866303854,1012.97
33.872108843,1011.95
33.877913832,1010.92
33.883718820,1008.9
33.889523809,1007.28
33.895328798,1005.78
33.901133786,1004.47
33.906938775,1003.35
33.912743764,1002.63
33.918548752,1002.34
33.924353741,1002.03
33.930158730,1001.67
33.935963718,1001.53
33.941768707,1001.65
33.947573696,1002.24
33.953378684,1003.75
33.959183673,1005.56
33.964988662,1007.32
33.970793650,1008.79
33.976598639,1009.84
33.982403628,1010.87
33.988208616,1011.74
33.994013605,1013.07
33.999818594,1014.53
34.005623582,1016.2
34.011428571,1018.27
34.017233560,1019.87
34.023038548,1020.71
34.028843537,1021.29
34.034648526,1020.68
34.040453514,1016.08
34.046258503,1014.11
34.052063492,1011.09
34.057868480,1006.58
34.063673469,1008.97
34.069478458,1006.64
34.075283446,1008.6
34.081088435,1009.82
34.086893424,999.174
34.092698412,958.294
34.098503401,951.398
34.104308390,970.179
34.110113378,991.299
34.115918367,1026.4
34.127528344,1204.73
34.133333333,1203.59
34.139138321,1200.81
34.144943310,1198.64
34.150748299,1196.28
34.156553287,1193.59
34.162358276,1190.21
34.168163265,1187.09
34.173968253,1183.08
34.179773242,1181.51
34.185578231,1181.2
34.191383219,1187.38
34.197188208,1196.06
34.202993197,1202.49
34.208798185,1207.45
34.214603174,1210.21
34.220408163,1211.21
34.226213151,1211.17
34.232018140,1210.23
34.237823129,1208.93
34.243628117,1207.81
34.249433106,1207.38
34.255238095,1207.02
34.261043083,1206.52
34.266848072,1206.16
34.272653061,1205.6
34.278458049,1205.45
34.284263038,1205.2
34.290068027,1204.65
34.295873015,1204.49
34.301678004,1204.13
34.307482993,1203.89
34.313287981,1203.92
34.319092970,1203.44
34.324897959,1203.15
34.330702947,1201.71
34.336507936,1200.16
34.342312925,1198.81
34.348117913,1197.18
34.353922902,1195.69
34.359727891,1194.46
34.365532879,1194
34.371337868,1193.68
34.377142857,1193.83
34.382947845,1193.52
34.388752834,1194.8
34.394557823,1196.13
34.400362811,1198.88
34.406167800,1213.68
34.411972789,1312.8
34.417777777,1322.55
34.423582766,1323.47
34.429387755,1324.56
34.435192743,1324.61
34.440997732,1324.68
34.446802721,1323.28
34.452607709,1321.99
34.458412698,1320.85
34.464217687,1321.25
34.470022675,1324.05
34.475827664,1325.43
34.481632653,1326.24
34.487437641,1327.34
34.493242630,1327.15
34.499047619,1326.64
34.504852607,1325.37
34.510657596,1325.06
34.516462585,1324.26
34.522267573,1325.22
34.528072562,1326.78
34.533877551,1326.02
34.539682539,1326.19
34.545487528,1327.05
34.551292517,1327.43
34.557097505,1328.09
34.562902494,1329.21
34.568707482,1328.35
34.574512471,1328.08
34.580317460,1328.54
34.586122448,1329.68
34.591927437,1330.14
34.597732426,1329.41
34.603537414,1327.72
34.609342403,1324.85
34.615147392,1320.91
34.620952380,1321
34.626757369,1316.76
34.632562358,1260.82
34.638367346,1258.71
34.644172335,1267.31
34.655782312,1484.76
34.661587301,1480.05
34.667392290,1478.4
34.673197278,1478.38
34.679002267,1475.41
34.684807256,1476.1
34.690612244,1476.32
34.696417233,1476
34.702222222,1475.88
34.708027210,1476.01
34.713832199,1475.91
34.719637188,1475.99
34.725442176,1476.05
34.731247165,1475.5
34.737052154,1475.18
34.742857142,1474.55
34.748662131,1474.03
34.754467120,1474.03
34.760272108,1474.04
34.766077097,1474.03
34.771882086,1474.5
34.777687074,1474.66
34.783492063,1474.81
34.789297052,1475.16
34.795102040,1475.07
34.800907029,1475.01
34.806712018,1474.78
34.812517006,1474.28
34.818321995,1473.53
34.824126984,1472.7
34.829931972,1472.3
34.835736961,1471.53
34.841541950,1471.07
34.847346938,1470.57
34.853151927,1469.68
34.858956916,1468.88
34.864761904,1467.92
34.870566893,1467.34
34.876371882,1467.08
34.882176870,1467.19
34.887981859,1467.14
34.893786848,1467.21
34.899591836,1467.3
34.905396825,1467.87
34.911201814,1469.36
34.917006802,1495.53
34.922811791,1580.15
34.928616780,1679.97
34.934421768,1697.05
34.940226757,1721.51
34.946031746,1734.88
34.951836734,1749.28
34.957641723,1753.59
34.963446712,1762.67
34.969251700,1768.81
34.975056689,1776.7
34.980861678,1777.97
34.986666666,1779.31
34.992471655,1776.28
34.998276643,1771.4
35.004081632,1767.67
35.009886621,1766.79
35.015691609,1763.41
35.021496598,1762.44
35.027301587,1764.41
35.033106575,1763.82
35.038911564,1766.75
35.044716553,1769.49
35.050521541,1771.04
35.056326530,1774.95
35.062131519,1779.92
35.067936507,1781.43
35.073741496,1782.74
35.079546485,1783.84
35.085351473,1783.71
35.091156462,1785.96
35.096961451,1784.28
35.102766439,1783.68
35.108571428,1784.39
35.114376417,1784.31
35.120181405,1785.58
35.125986394,1784.7
35.131791383,1785.88
35.137596371,1784.4
35.143401360,1783.2
35.149206349,1782.1
35.155011337,1777.93
35.160816326,1774.99
35.166621315,1765.38
35.172426303,1742.98
35.178231292,1728.37
35.184036281,1744.92
35.189841269,1765.59
35.195646258,1771.63
35.201451247,1778.58
35.207256235,1791.45
35.224671201,1364.04
35.230476190,1339.52
35.236281179,1336.71
35.242086167,1335.49
35.247891156,1338.43
35.253696145,1340.27
35.259501133,1341.76
35.265306122,1345.56
35.271111111,1344.91
35.276916099,1346.9
35.282721088,1352.91
35.288526077,1353.79
35.294331065,1357.12
35.300136054,1356.25
35.305941043,1347.38
35.311746031,1341.19
35.317551020,1337.89
35.323356009,1334.91
35.329160997,1332.8
35.334965986,1334.24
35.340770975,1335.48
35.346575963,1336.94
35.352380952,1341.23
35.358185941,1344.78
35.363990929,1348.14
35.369795918,1350.47
35.375600907,1352.39
35.381405895,1351.17
35.387210884,1345.18
35.393015873,1341.5
35.398820861,1337.5
35.404625850,1334.34
35.410430839,1330.77
35.416235827,1327.3
35.422040816,1326.6
35.427845804,1325.99
35.433650793,1326.93
35.439455782,1329.82
35.445260770,1333.5
35.451065759,1337.29
35.456870748,1339.57
35.462675736,1343.71
35.468480725,1346.42
35.474285714,1347.57
35.480090702,1349.27
35.485895691,1349.53
35.491700680,1347.68
35.497505668,1343.87
35.503310657,1341.21
35.509115646,1338.29
35.514920634,1335.95
35.520725623,1333.89
35.526530612,1332.13
35.532335600,1332.86
35.538140589,1333.82
35.543945578,1334.73
35.549750566,1336.15
35.555555555,1336.87
35.561360544,1337.61
35.567165532,1338.22
35.572970521,1338.15
35.578775510,1338.29
35.584580498,1338.11
35.590385487,1337.87
35.596190476,1337.82
35.601995464,1337.56
35.607800453,1337.33
35.613605442,1337.04
35.619410430,1336.73
35.625215419,1336.47
35.631020408,1336.54
35.636825396,1337.4
35.642630385,1340.85
35.648435374,1348.76
35.654240362,1406.97
35.660045351,1461.27
35.665850340,1470.61
35.671655328,1474.22
35.677460317,1476.4
35.683265306,1478.03
35.689070294,1478
35.694875283,1477.68
35.700680272,1477.29
35.706485260,1476.94
35.712290249,1476.57
35.718095238,1475.81
35.723900226,1474.88
35.729705215,1473.97
35.735510204,1472.94
35.741315192,1472.24
35.747120181,1470.82
35.752925170,1465.44
35.758730158,1456.41
35.764535147,1429.83
35.770340136,1354.11
35.776145124,1334.02
35.781950113,1328.73
35.787755102,1327.78
35.793560090,1327.4
35.799365079,1326.4
35.805170068,1326.19
35.810975056,1326.88
35.816780045,1327.96
35.822585034,1328.85
35.828390022,1330.11
35.834195011,1329.98
35.840000000,1329.48
35.845804988,1329.58
35.851609977,1329.56
35.857414965,1330.28
35.863219954,1331.16
35.869024943,1332.01
35.874829931,1333.02
35.880634920,1333.52
35.886439909,1333.97
35.892244897,1334.62
35.898049886,1334.88
35.903854875,1335.11
35.909659863,1335.39
35.915464852,1334.88
35.921269841,1334.29
35.927074829,1333.78
35.932879818,1333.03
35.938684807,1332.92
35.944489795,1332.46
35.950294784,1332.28
35.956099773,1331.9
35.961904761,1331.34
35.967709750,1331.03
35.973514739,1330.89
35.979319727,1331
35.985124716,1331.09
35.990929705,1331.44
35.996734693,1331.65
36.002539682,1331.92
36.008344671,1332.35
36.014149659,1332.8
36.019954648,1333.16
36.025759637,1332.79
36.031564625,1331.65
36.037369614,1328.81
36.043174603,1324.13
36.048979591,1198.35
36.054784580,1195.19
36.060589569,1192.27
36.066394557,1191.33
36.072199546,1189.35
36.078004535,1188.4
36.083809523,1188.12
36.089614512,1187.99
36.095419501,1188.58
36.101224489,1189.81
36.107029478,1191.88
36.112834467,1194.26
36.118639455,1197.26
36.124444444,1199.99
36.130249433,1202.61
36.136054421,1205.38
36.141859410,1207.14
36.147664399,1206.69
36.153469387,1205.65
36.159274376,1203.98
36.165079365,1202.26
36.170884353,1200.41
36.176689342,1197.89
36.182494331,1195.81
36.188299319,1194.52
36.194104308,1193.5
36.199909297,1193.13
36.205714285,1193.81
36.211519274,1194.8
36.217324263,1196.29
36.223129251,1197.84
36.228934240,1198.78
36.234739229,1199.41
36.240544217,1199.62
36.246349206,1199.52
36.252154195,1199.24
36.257959183,1198.86
36.263764172,1198.51
36.269569160,1197.76
36.275374149,1196.86
36.281179138,1195.46
36.286984126,1194.49
36.292789115,1193.02
36.298594104,1173.34
36.304399092,1124.91
36.310204081,1117.91
36.316009070,1114.71
36.321814058,1111.31
36.327619047,1107.88
36.333424036,1006.62
36.339229024,1005.84
36.345034013,1004.09
36.350839002,1003.49
36.356643990,1003.35
36.362448979,1002.93
36.368253968,1002.36
36.374058956,1000.93
36.379863945,999.609
36.385668934,999.16
36.391473922,998.21
36.397278911,998.126
36.403083900,997.624
36.408888888,996.93
36.414693877,996.296
36.420498866,996.34
36.426303854,996.764
36.432108843,997.516
36.437913832,998.376
36.443718820,998.683
36.449523809,998.924
36.455328798,998.701
36.461133786,998.601
36.466938775,998.649
36.472743764,998.323
36.478548752,998.382
36.484353741,998.848
36.490158730,999.337
36.495963718,1000.59
36.501768707,1002.02
36.507573696,1003.32
36.513378684,1004.62
36.519183673,1005.19
36.524988662,1005.38
36.530793650,1003.96
36.536598639,1000.69
36.542403628,998.531
36.548208616,990.273
36.554013605,976.61
36.559818594,995.255
36.571428571,1194.83
36.577233560,1195
36.583038548,1195.3
36.588843537,1195.33
36.594648526,1195.33
36.600453514,1195.14
36.606258503,1194.64
36.612063492,1193.87
36.617868480,1192.99
36.623673469,1192.19
36.629478458,1191.38
36.635283446,1190.79
36.641088435,1190.24
36.646893424,1189.85
36.652698412,1189.64
36.658503401,1189.64
36.664308390,1189.7
36.670113378,1189.48
36.675918367,1189.23
36.681723356,1188.81
36.687528344,1188.79
36.693333333,1188.69
36.699138321,1188.86
36.704943310,1189.07
36.710748299,1189.34
36.716553287,1189.7
36.722358276,1190.2
36.728163265,1190.48
36.733968253,1190.68
36.739773242,1191.03
36.745578231,1191.12
36.751383219,1190.22
36.757188208,1189.99
36.762993197,1189.09
36.768798185,1185.92
36.774603174,1187.4
36.780408163,1187.75
36.786213151,1190.07
36.792018140,1190.69
36.797823129,1191.73
36.803628117,1196.46
36.809433106,1195.43
36.815238095,1192.2
36.821043083,1193.28
36.826848072,1202.13
36.832653061,1232.58
36.838458049,1260.74
36.844263038,1308.37
36.850068027,1319.26
36.855873015,1320.45
36.861678004,1321.19
36.867482993,1320.96
36.873287981,1321.44
36.879092970,1320.85
36.884897959,1321.93
36.890702947,1322.14
36.896507936,1321.76
36.902312925,1322.17
36.908117913,1322.03
36.913922902,1322.51
36.919727891,1322.69
36.925532879,1322.78
36.931337868,1322.71
36.937142857,1322.25
36.942947845,1321.82
36.948752834,1321.81
36.954557823,1321.47
36.960362811,1320.76
36.966167800,1316.57
36.971972789,1288.15
36.977777777,1202.92
36.983582766,1190.06
36.989387755,1186.13
36.995192743,1184.48
37.000997732,1183.45
37.006802721,1183.25
37.012607709,1182.73
37.018412698,1182.3
37.024217687,1182.61
37.030022675,1182.72
37.035827664,1182.99
37.041632653,1183.48
37.047437641,1184.03
37.053242630,1185.74
37.059047619,1187.74
37.064852607,1192.61
37.070657596,1222
37.076462585,1274.89
37.082267573,1298.26
37.088072562,1303.28
37.093877551,1305.59
37.099682539,1308.26
37.105487528,1308.82
37.111292517,1308.27
37.117097505,1310.65
37.122902494,1309.99
37.128707482,1309.83
37.134512471,1311.26
37.140317460,1311.12
37.146122448,1313.87
37.151927437,1317.41
37.157732426,1319.81
37.163537414,1322.55
37.169342403,1323.55
37.175147392,1324.53
37.180952380,1325.14
37.186757369,1325.35
37.192562358,1325.99
37.198367346,1329.93
37.204172335,1334.47
37.215782312,1548.46
37.221587301,1559.32
37.227392290,1566.39
37.233197278,1571.5
37.239002267,1574.89
37.244807256,1576.43
37.250612244,1577.41
37.256417233,1578.09
37.262222222,1578.77
37.268027210,1579.39
37.273832199,1579.39
37.279637188,1578.44
37.285442176,1576.93
37.291247165,1575.62
37.297052154,1573.78
37.302857142,1568.55
37.308662131,1562.87
37.314467120,1550.48
37.320272108,1527.56
37.326077097,1526.31
37.331882086,1535.16
37.337687074,1546.97
37.343492063,1561.69
37.349297052,1562.71
37.355102040,1565.75
37.360907029,1578.36
37.366712018,1585.76
37.372517006,1630.63
37.378321995,1688.05
37.384126984,1726.4
37.389931972,1757.78
37.395736961,1769.16
37.401541950,1773.85
37.407346938,1765.98
37.413151927,1754.81
37.418956916,1719
37.424761904,1658.04
37.430566893,1617.07
37.436371882,1612.52
37.442176870,1607.79
37.447981859,1603.29
37.453786848,1600.55
37.459591836,1596.55
37.465396825,1594.34
37.471201814,1591.85
37.477006802,1589.89
37.482811791,1588.32
37.488616780,1586.64
37.494421768,1585.07
37.500226757,1583.78
37.506031746,1583.64
37.511836734,1584.92
37.517641723,1585.8
37.523446712,1585.87
37.529251700,1586.31
37.535056689,1587.29
37.540861678,1588.21
37.546666666,1588.52
37.552471655,1587.77
37.558276643,1586.86
37.564081632,1586.77
37.569886621,1587.13
37.575691609,1588.09
37.581496598,1588.59
37.587301587,1588.21
37.593106575,1586.75
37.598911564,1585.38
37.604716553,1584.82
37.610521541,1585.49
37.616326530,1586.32
37.622131519,1586.52
37.627936507,1585.22
37.633741496,1582.59
37.639546485,1580.07
37.645351473,1574.6
37.651156462,1559.62
37.656961451,1531.01
37.662766439,1501.92
37.668571428,1471.15
37.674376417,1448.5
37.680181405,1434.64
37.685986394,1435
37.691791383,1471.5
37.697596371,1494.22
37.703401360,1498.56
37.720816326,1197.16
37.726621315,1196.41
37.732426303,1196.23
37.738231292,1195.92
37.744036281,1195.67
37.749841269,1195.7
37.755646258,1195.88
37.761451247,1195.73
37.767256235,1196.14
37.773061224,1196.38
37.778866213,1196.47
37.784671201,1196.51
37.790476190,1196.42
37.796281179,1196.4
37.802086167,1196.22
37.807891156,1196.51
37.813696145,1196.42
37.819501133,1196.3
37.825306122,1196.3
37.831111111,1195.81
37.836916099,1195.67
37.842721088,1195.49
37.848526077,1195.35
37.854331065,1195.62
37.860136054,1195.95
37.865941043,1196.38
37.871746031,1196.81
37.877551020,1196.83
37.883356009,1196.73
37.889160997,1196.44
37.894965986,1196.01
37.900770975,1195.9
37.906575963,1195.64
37.912380952,1195.11
37.918185941,1194.83
37.923990929,1194.48
37.929795918,1194.23
37.935600907,1194.17
37.941405895,1193.98
37.947210884,1193.7
37.953015873,1193.53
37.958820861,1193.51
37.964625850,1193.62
37.970430839,1193.58
37.976235827,1193.66
37.982040816,1193.67
37.987845804,1193.61
37.993650793,1194.03
37.999455782,1194.16
38.005260770,1194.17
38.011065759,1194.1
38.016870748,1193.55
38.022675736,1192.95
38.028480725,1192.68
38.034285714,1192.45
38.040090702,1191.94
38.045895691,1191.41
38.051700680,1190.7
38.057505668,1189.92
38.063310657,1189.78
38.069115646,1189.81
38.074920634,1190.01
38.080725623,1190.44
38.086530612,1190.88
38.092335600,1191.89
38.098140589,1193.12
38.103945578,1194.64
38.109750566,1196.21
38.115555555,1197.55
38.121360544,1198.28
38.127165532,1198.79
38.132970521,1198.91
38.138775510,1198.52
38.144580498,1198.55
38.150385487,1198.39
38.156190476,1198.37
38.161995464,1198.59
38.167800453,1198.19
38.173605442,1197.39
38.179410430,1196.96
38.185215419,1196.5
38.191020408,1196.2
38.196825396,1196.32
38.202630385,1196.11
38.208435374,1195.99
38.214240362,1196.06
38.220045351,1195.93
38.225850340,1195.89
38.231655328,1195.87
38.237460317,1195.43
38.243265306,1195.15
38.249070294,1194.67
38.254875283,1194.26
38.260680272,1194.02
38.266485260,1193.83
38.272290249,1193.96
38.278095238,1193.68
38.283900226,1193.42
38.289705215,1192.95
38.295510204,1192.26
38.301315192,1192.04
38.307120181,1192.03
38.312925170,1192.17
38.318730158,1192.23
38.324535147,1192.34
38.330340136,1192.72
38.336145124,1192.97
38.341950113,1193.31
38.347755102,1193.7
38.353560090,1193.74
38.359365079,1193.95
38.365170068,1194.39
38.370975056,1194.35
38.376780045,1194.65
38.382585034,1194.77
38.388390022,1194.64
38.394195011,1194.94
38.400000000,1195
38.405804988,1194.94
38.411609977,1194.82
38.417414965,1194.71
38.423219954,1194.53
38.429024943,1194.51
38.434829931,1194.9
38.440634920,1194.85
38.446439909,1194.91
38.452244897,1195.1
38.458049886,1194.96
38.463854875,1195.31
38.469659863,1195.62
38.475464852,1195.73
38.481269841,1196.07
38.487074829,1196.01
38.492879818,1195.83
38.498684807,1196.2
38.504489795,1196.18
38.510294784,1196.52
38.516099773,1196.93
38.521904761,1196.93
38.527709750,1197.35
38.533514739,1197.31
38.539319727,1197.09
38.545124716,1197.17
38.550929705,1196.72
38.556734693,1196.76
38.562539682,1197.03
38.568344671,1197.1
38.574149659,1197.67
38.579954648,1197.97
38.585759637,1198.37
38.591564625,1198.99
38.597369614,1199.33
38.603174603,1199.84
38.608979591,1200.31
38.614784580,1200.51
38.620589569,1200.65
38.626394557,1200.32
38.632199546,1200.07
38.638004535,1199.72
38.643809523,1199.18
38.649614512,1199.17
38.655419501,1199.05
38.661224489,1198.87
38.667029478,1198.82
38.672834467,1198.58
38.678639455,1198.34
38.684444444,1198.09
38.690249433,1198.04
38.696054421,1197.75
38.701859410,1197.43
38.707664399,1197.27
38.713469387,1196.92
38.719274376,1196.92
38.725079365,1196.76
38.730884353,1196.6
38.736689342,1196.83
38.742494331,1197.03
38.748299319,1197.38
38.754104308,1197.88
38.759909297,1198.26
38.765714285,1198.28
38.771519274,1198.23
38.777324263,1198.17
38.783129251,1198.17
38.788934240,1198.2
38.794739229,1198.39
38.800544217,1198.37
38.806349206,1197.99
38.812154195,1197.62
38.817959183,1197.2
38.823764172,1197.07
38.829569160,1197.44
38.835374149,1197.51
38.841179138,1197.6
38.846984126,1197.36
38.852789115,1196.65
38.858594104,1196.06
38.864399092,1195.74
38.870204081,1195.4
38.876009070,1195.41
38.881814058,1195.68
38.887619047,1195.57
38.893424036,1195.55
38.899229024,1195.32
38.905034013,1195.13
38.910839002,1195.2
38.916643990,1195.28
38.922448979,1195.21
38.928253968,1195.28
38.934058956,1195.35
38.939863945,1195.31
38.945668934,1195.68
38.951473922,1196
38.957278911,1196.09
38.963083900,1196.33
38.968888888,1196.3
38.974693877,1196.06
38.980498866,1195.97
38.986303854,1196.07
38.992108843,1196.02
38.997913832,1196.18
39.003718820,1196.61
39.009523809,1196.58
39.015328798,1196.56
39.021133786,1196.48
39.026938775,1196.25
39.032743764,1196.36
39.038548752,1196.58
39.044353741,1196.86
39.050158730,1197.16
39.055963718,1197.37
39.061768707,1197.54
39.067573696,1197.67
39.073378684,1197.64
39.079183673,1197.79
39.084988662,1198.04
39.090793650,1198.13
39.096598639,1198.18
39.102403628,1197.98
39.108208616,1197.65
39.114013605,1197.68
39.119818594,1197.83
39.125623582,1198.22
39.131428571,1198.29
39.137233560,1198.09
39.143038548,1197.83
39.148843537,1197.58
39.154648526,1197.76
39.160453514,1197.95
39.166258503,1197.97
39.172063492,1197.52
39.177868480,1197.33
39.183673469,1197.22
39.189478458,1197.5
39.195283446,1198.15
39.201088435,1198.54
39.206893424,1199.2
39.212698412,1199.66
39.218503401,1199.68
39.224308390,1199.72
39.230113378,1199.49
39.235918367,1199.37
39.241723356,1199.33
39.247528344,1199.08
39.253333333,1199.01
39.259138321,1198.85
39.264943310,1198.66
39.270748299,1198.51
39.276553287,1198.16
39.282358276,1197.71
39.288163265,1197.39
39.293968253,1197.2
39.299773242,1197.1
39.305578231,1197.08
39.311383219,1197.23
39.317188208,1197.48
39.322993197,1197.6
39.328798185,1197.56
39.334603174,1197.25
39.340408163,1197.28
39.346213151,1197.28
39.352018140,1197.4
39.357823129,1197.57
39.363628117,1197.51
39.369433106,1197.43
39.375238095,1197.38
39.381043083,1197.24
39.386848072,1197.13
39.392653061,1197.14
39.398458049,1197.15
39.404263038,1197.1
39.410068027,1197.29
39.415873015,1196.98
39.421678004,1196.6
39.427482993,1196.25
39.433287981,1195.64
39.439092970,1195.57
39.444897959,1195.48
39.450702947,1195.36
39.456507936,1194.87
39.462312925,1194.54
39.468117913,1194.06
39.473922902,1194.16
39.479727891,1194.6
39.485532879,1195
39.491337868,1195.46
39.497142857,1195.81
39.502947845,1196.23
39.508752834,1196.5
39.514557823,1196.76
39.520362811,1197.01
39.526167800,1197.07
39.531972789,1197.2
39.537777777,1197.56
39.543582766,1197.7
39.549387755,1198.02
39.555192743,1198.36
39.560997732,1198.68
39.566802721,1198.91
39.572607709,1198.66
39.578412698,1197.26
39.584217687,1195.55
39.590022675,1192.41
40.071836734,1191.89
40.077641723,1173.64
40.083446712,1181.92
40.089251700,1186.58
40.095056689,1186.54
40.100861678,1186.82
40.106666666,1187.74
40.112471655,1188.76
40.118276643,1190.96
40.124081632,1193.91
40.129886621,1197.83
40.135691609,1327.49
40.141496598,1336.43
40.147301587,1337.73
40.153106575,1339.96
40.158911564,1338.26
40.164716553,1232.05
40.170521541,1208.95
40.176326530,1204.21
40.182131519,1201.47
40.187936507,1199.08
40.193741496,1197.58
40.199546485,1196.61
40.205351473,1196.19
40.211156462,1195.6
40.216961451,1194.85
40.222766439,1194.38
40.228571428,1193.83
40.396916099,900.479
40.402721088,897.939
40.408526077,897.963
40.414331065,897.759
40.420136054,897.94
40.425941043,898.89
40.431746031,899.888
40.437551020,900.802
40.443356009,901.537
40.449160997,902.549
40.454965986,902.778
40.460770975,901.931
40.466575963,900.605
40.472380952,899.019
40.478185941,897.944
40.483990929,896.783
40.489795918,895.632
40.495600907,894.669
40.501405895,893.936
40.507210884,893.341
40.513015873,892.035
40.518820861,892.987
40.524625850,897.024
40.530430839,898.595
40.536235827,899.731
42.254512471,1174.01
42.260317460,1175.54
42.266122448,1186.27
42.271927437,1190.1
42.277732426,1190.39
42.283537414,1190.56
42.289342403,1191.08
42.295147392,1191.4
42.300952380,1194.34
42.306757369,1196.95
42.312562358,1202.44
42.318367346,1215.98
42.324172335,1258.73
42.329977324,1323.25
42.335782312,1326.57
42.341587301,1323.01
42.347392290,1310.18
42.353197278,1277.9
42.359002267,1221.4
42.364807256,1198.01
42.370612244,1189.66
42.376417233,1186.35
42.382222222,1186.55
42.388027210,1185.79
42.393832199,1185.51
42.399637188,1185.51
42.405442176,1185.94
42.585396825,898.147
42.591201814,897.006
42.597006802,896.849
42.602811791,896.941
42.608616780,896.605
42.614421768,896.766
42.620226757,896.626
42.626031746,896.401
42.631836734,896.684
42.637641723,896.463
42.643446712,896.6
42.649251700,896.715
42.655056689,896.24
42.660861678,896.007
42.666666666,894.672
42.672471655,892.774
42.678276643,890.961
42.684081632,889.876
42.689886621,888.637
44.472018140,1190.62
44.477823129,1191.4
44.483628117,1191.41
44.489433106,1191.76
44.495238095,1192.36
44.501043083,1193.79
44.506848072,1195.28
44.512653061,1197.89
44.518458049,1206.1
44.524263038,1329.21
44.530068027,1327.95
44.535873015,1326.31
44.541678004,1314.27
44.547482993,1240.18
44.553287981,1200.99
44.559092970,1194.16
44.564897959,1190.94
44.570702947,1189.56
44.576507936,1187.81
44.582312925,1186.11
44.588117913,1184.85
44.593922902,1184.43
44.599727891,1184.87
44.605532879,1186.87
44.785487528,887.327
44.791292517,887.636
44.797097505,887.856
44.802902494,887.782
44.808707482,888.378
44.814512471,889.276
44.820317460,889.588
44.826122448,890.592
44.831927437,891.615
44.837732426,892.061
44.843537414,892.399
44.849342403,892.586
44.855147392,892.95
44.860952380,893.099
44.866757369,893.231
44.872562358,893.461
44.878367346,892.084
44.884172335,890.923
44.889977324,890.524
44.895782312,889.107
44.901587301,888.455
44.907392290,887.8
44.913197278,885.469
44.919002267,887.89
44.924807256,893.549
46.654693877,1185.4
46.660498866,1184.74
46.666303854,1184.92
46.672108843,1185.42
46.677913832,1185.98
46.683718820,1187.03
46.689523809,1188.07
46.695328798,1189.41
46.701133786,1194.5
46.706938775,1237.5
46.712743764,1312.02
46.718548752,1306.56
46.724353741,1283.21
46.730158730,1207.26
46.735963718,1197.77
46.741768707,1196.37
46.747573696,1196.47
46.753378684,1196.72
46.759183673,1196.59
46.764988662,1195.58
46.770793650,1194.33
46.776598639,1192.76
46.782403628,1191.83
46.788208616,1190.79
46.794013605,1189.28
46.950748299,895.993
46.956553287,895.737
46.962358276,895.743
46.968163265,895.714
46.973968253,895.654
46.979773242,895.566
46.985578231,895.481
46.991383219,895.761
46.997188208,895.78
47.002993197,896.153
47.008798185,896.104
47.014603174,895.503
47.020408163,895.047
47.026213151,893.972
47.032018140,892.563
47.037823129,890.934
47.043628117,889.033
47.049433106,887.239
47.055238095,886.434
47.061043083,884.552
47.066848072,880.608
47.072653061,882.646
47.078458049,886.087
47.084263038,891.025
47.090068027,893.784
47.095873015,893.544
48.802539682,1190.94
48.808344671,1191.22
48.814149659,1191.22
48.819954648,1191.54
48.825759637,1191.62
48.831564625,1193.37
48.837369614,1197.99
48.843174603,1220.29
48.848979591,1320.62
48.854784580,1325.5
48.860589569,1327.11
48.866394557,1326.18
48.872199546,1324.05
48.878004535,1317.68
48.883809523,1307.95
48.889614512,1239.48
48.895419501,1197.3
48.901224489,1189.21
48.907029478,1188.76
48.912834467,1188.75
48.918639455,1188.6
48.924444444,1188.21
48.930249433,1187.72
48.936054421,1186.45
49.110204081,893.949,[2] 
49.116009070,893.821,[2] 
49.121814058,893.569,[2] 
49.127619047,893.345,[2] 
49.133424036,893.089,[2] 
49.139229024,892.955,[2] 
49.145034013,892.67,[2] 
49.150839002,892.65,[2] 
49.156643990,892.303,[2] 
49.162448979,891.752,[2] 
49.168253968,891.24,[2] 
49.174058956,890.345,[2] 
49.179863945,889.509,[2] 
49.185668934,888.563,[2] 
49.191473922,887.316,[2] 
49.197278911,885.687,[2] 
49.203083900,884.09,[2] 
49.208888888,883.671,[2] 
49.214693877,884.027,[2] 
49.220498866,884.829,[2] 
49.226303854,887.632,[2] 
49.232108843,889.074,[2] 
49.237913832,889.684,[2] 
50.451156462,1078.11
50.456961451,1075.89
50.462766439,1074.74
50.468571428,1073.86
50.474376417,1073.08
50.480181405,1071.9
50.485986394,1070.62
50.491791383,1069.46
50.497596371,1068.65
50.503401360,1067.46
50.509206349,1066.64
50.515011337,1066.19
50.520816326,1066.32
50.526621315,1068.33
50.532426303,1070.65
50.538231292,1072.67
50.544036281,1074.29
50.549841269,1075.09
50.555646258,1075.16
50.561451247,1075.56
50.567256235,1075.86
50.573061224,1076.01
50.578866213,1076.18
50.584671201,1076.22
50.590476190,1076.47
50.596281179,1076.66
50.602086167,1077.04
50.607891156,1077.65
50.613696145,1078.14
50.619501133,1078.82
50.625306122,1079.33
50.631111111,1079.29
50.636916099,1079.45
50.642721088,1079.46
50.648526077,1079.74
50.654331065,1080.17
50.660136054,1080.2
50.665941043,1080.49
50.671746031,1080.44
50.677551020,1080.82
50.683356009,1081.44
50.689160997,1082.24
50.694965986,1082.97
50.700770975,1083.65
50.706575963,1084.34
50.712380952,1084.95
50.718185941,1085.56
50.723990929,1085.9
50.729795918,1085.88
50.735600907,1085.53
50.741405895,1085.16
50.747210884,1084.68
50.753015873,1084.08
50.758820861,1083.47
50.764625850,1082.68
50.770430839,1081.94
50.776235827,1081.29
50.782040816,1080.62
50.787845804,1079.75
50.793650793,1079.2
50.799455782,1080.03
50.805260770,1082.14
50.811065759,1084.63
50.816870748,1086.82
50.822675736,1089.65
50.828480725,1092.29
50.834285714,1094.81
50.840090702,1096.96
50.845895691,1098.19
50.851700680,1099.73
50.857505668,1100.14
50.863310657,1100.39
50.869115646,1098.61
50.874920634,1096.02
50.880725623,1093.47
50.886530612,1091.05
50.892335600,1088.36
50.898140589,1083.95
50.903945578,1079.48
50.909750566,1076.64
50.915555555,1074.6
50.921360544,1072.32
50.927165532,1070.27
50.932970521,1071.59
50.938775510,1077.06
50.944580498,1084.59
50.950385487,1090.37
50.956190476,1093.91
50.961995464,1097.42
50.967800453,1101.71
50.973605442,1106.11
50.979410430,1107.99
50.985215419,1108.18
50.991020408,1109.06
50.996825396,1108.24
51.002630385,1106.45
51.008435374,1103.19
51.014240362,1097.62
51.020045351,1092.9
51.025850340,1087.87
51.031655328,1083.84
51.037460317,1078.81
51.043265306,1077.04
51.049070294,1078.18
51.054875283,1081.52
51.060680272,1084.63
51.066485260,1087.32
51.072290249,1090.76
51.078095238,1093.02
51.083900226,1094.28
51.089705215,1095.03
51.095510204,1094.9
51.101315192,1094.89
51.107120181,1094.82
51.112925170,1094.35
51.118730158,1093.83
51.124535147,1092.99
51.130340136,1091.93
51.136145124,1090.68
51.141950113,1089.45
51.147755102,1087.92
51.153560090,1086.47
51.159365079,1086.03
51.165170068,1085.17
51.170975056,1084.64
51.176780045,1084.72
51.182585034,1084.46
51.188390022,1085.36
51.194195011,1086.47
51.200000000,1087.33
51.205804988,1088.19
51.211609977,1088.97
51.217414965,1090.44
51.223219954,1090.4
51.229024943,1089.41
51.234829931,1088.52
51.240634920,1085.06
51.298684807,1186.14
51.304489795,1191.16
51.310294784,1191.82
51.316099773,1192.79
51.321904761,1192.93
51.327709750,1192.01
51.333514739,1191.8
51.339319727,1191.14
51.345124716,1190.65
51.350929705,1190.13
51.356734693,1189.45
51.362539682,1188.54
51.368344671,1187.59
51.374149659,1186.98
51.379954648,1186.26
51.385759637,1185.83
51.391564625,1186.41
51.397369614,1188.17
51.403174603,1190.19
51.408979591,1191.59
51.414784580,1193.04
51.420589569,1193.85
51.426394557,1194.41
51.432199546,1194.81
51.438004535,1195.11
51.443809523,1195.54
51.449614512,1196.33
51.455419501,1196.78
51.461224489,1197.35
51.467029478,1198.23
51.472834467,1199
51.478639455,1199.38
51.484444444,1198.82
51.490249433,1198
51.496054421,1195.94
51.583129251,1018.14
51.588934240,1015.56
51.594739229,1014.48
51.600544217,1013.9
51.606349206,1013.12
51.612154195,1012.57
51.617959183,1011.9
51.623764172,1011.33
51.629569160,1011.31
51.635374149,1011.38
51.641179138,1010.89
51.646984126,1009.97
51.652789115,1008.14
51.658594104,1006.25
51.664399092,1004.8
51.670204081,1003.18
51.676009070,1001.28
51.681814058,1000.75
51.687619047,1001.01
52.122993197,1191.9
52.128798185,1191.15
52.134603174,1192.48
52.140408163,1192.68
52.146213151,1192.7
52.152018140,1192.99
52.157823129,1192.74
52.163628117,1192.73
52.169433106,1193
52.175238095,1193.65
52.181043083,1194.48
52.186848072,1195.23
52.192653061,1195.81
52.198458049,1196.1
52.204263038,1196.28
52.210068027,1196.27
52.215873015,1196.06
52.221678004,1195.9
52.227482993,1195.57
52.233287981,1194.94
52.239092970,1194.4
52.244897959,1193.9
52.250702947,1193.41
52.256507936,1193.27
52.262312925,1193.58
53.196916099,917.281
53.202721088,903.69
53.208526077,898.029
53.214331065,896.966
53.220136054,897.184
53.225941043,897.419
53.231746031,898.12
53.237551020,899.153
53.243356009,899.99
53.249160997,900.689
53.254965986,901.481
53.260770975,902.234
53.266575963,903.079
53.272380952,903.951
53.278185941,904.249
53.283990929,903.681
53.289795918,901.829
53.295600907,898.646
53.301405895,891.822
53.307210884,890.115
53.313015873,910.441
53.330430839,1192.35
53.336235827,1192.97
53.342040816,1193.42
53.347845804,1193.57
53.353650793,1193.98
53.359455782,1194.24
53.365260770,1194.8
53.371065759,1196.08
53.376870748,1196.86
53.382675736,1196.76
53.388480725,1196.95
53.394285714,1196.12
53.400090702,1195.22
53.405895691,1194.93
53.411700680,1194.9
53.417505668,1196.74
53.423310657,1198.53
53.429115646,1202.44
53.434920634,1221.05
53.440725623,1316.88
53.446530612,1327.29
53.452335600,1330.2
53.458140589,1334.08
53.463945578,1334.29
53.469750566,1334.56
53.475555555,1336.49
53.481360544,1336.93
53.487165532,1337
53.492970521,1336.25
53.498775510,1335.17
53.504580498,1335.64
53.510385487,1336.56
53.516190476,1336.62
53.521995464,1336.22
53.527800453,1335.87
53.533605442,1337.06
53.539410430,1342.99
53.545215419,1373.63
53.551020408,1475.58
53.556825396,1544.49
53.562630385,1566.64
53.568435374,1576.71
53.574240362,1578.84
53.580045351,1583.57
53.585850340,1585.6
53.591655328,1588.66
53.597460317,1592.51
53.603265306,1596.24
53.609070294,1599.85
53.614875283,1601.81
53.620680272,1605.09
53.626485260,1606.4
53.632290249,1608.55
53.638095238,1610.14
53.643900226,1608.98
53.649705215,1606.08
53.655510204,1602.17
53.725170068,1999.31
53.730975056,2005.08
53.736780045,2007.61
53.742585034,2008.8
53.748390022,2011.5
53.754195011,2010.9
53.760000000,2009.69
53.765804988,2008.69
53.771609977,2005.95
53.777414965,2000.98
53.783219954,1997.39
53.789024943,1985.14
53.794829931,1940.15
53.800634920,1887.23
53.806439909,1830.89
53.812244897,1808.55
53.818049886,1802.56
53.823854875,1796.39
53.829659863,1795.4
53.835464852,1797.2
53.841269841,1795.95
53.847074829,1797.23
53.852879818,1798
53.858684807,1795.58
53.864489795,1793.9
53.870294784,1795.88
53.876099773,1821.79
53.881904761,1883.91
53.887709750,1941.91
53.893514739,1975.2
53.899319727,1984.62
53.905124716,1992.38
53.910929705,1995.45
53.916734693,1995.71
53.922539682,1994.56
53.928344671,1991.25
53.934149659,1985.97
53.939954648,1980.31
53.945759637,1970.06
53.951564625,1940.36
53.957369614,1882.45
53.963174603,1820.99
53.968979591,1793.4
53.974784580,1791.37
53.980589569,1787.78
53.986394557,1787.65
53.992199546,1789.28
53.998004535,1787.18
54.003809523,1787.88
54.009614512,1788.72
54.015419501,1788.21
54.021224489,1791.76
54.027029478,1824.92
54.032834467,1886.23
54.038639455,1943.7
54.044444444,1980.84
54.050249433,1989.17
54.056054421,1993.72
54.061859410,1995.08
54.067664399,1995.55
54.073469387,1994.2
54.079274376,1991.38
54.085079365,1987.58
54.090884353,1985.8
54.096689342,1985.66
54.102494331,1985.29
54.108299319,1984.69
54.114104308,1982.31
54.119909297,1979.83
54.125714285,1972.39
54.131519274,1947.57
54.137324263,1889.77
54.143129251,1822.18
54.148934240,1795.37
54.154739229,1790.02
54.160544217,1786.82
54.166349206,1786.97
54.172154195,1787.3
54.177959183,1785.52
54.183764172,1784.2
54.189569160,1783.61
54.195374149,1783.12
54.201179138,1792.92
54.206984126,1834.57
54.212789115,1898.04
54.218594104,1960.74
54.224399092,1977.94
54.230204081,1984.83
54.236009070,1989.68
54.241814058,1991.18
54.247619047,1992.9
54.253424036,1992.79
54.259229024,1993.22
54.265034013,1993.69
54.270839002,1992.68
54.276643990,1992.33
54.282448979,1991.57
54.288253968,1988.88
54.294058956,1978.88
54.299863945,1942.03
54.305668934,1885.84
54.311473922,1816.27
54.317278911,1789.83
54.323083900,1786.15
54.328888888,1784.99
54.334693877,1784.83
54.340498866,1786.93
54.346303854,1788.14
54.352108843,1799.8
54.357913832,1854.24
54.363718820,1922.7
54.369523809,1965.81
54.375328798,1983.3
54.381133786,1991.46
54.386938775,1998.29
54.392743764,2002.33
54.398548752,2002.12
54.404353741,2001.17
54.410158730,2002.66
54.415963718,2002.17
54.421768707,1999.82
54.427573696,1999.17
54.433378684,1997.04
54.439183673,1995.78
54.444988662,1995.17
54.450793650,1991.97
54.456598639,1968.57
54.462403628,1926.62
54.468208616,1859.89
54.474013605,1818.99
54.479818594,1811.49
54.485623582,1806.97
54.491428571,1804.32
54.497233560,1803.87
54.503038548,1799.28
54.508843537,1795.73
54.514648526,1809.91
54.520453514,1828.3
54.526258503,1884.48
54.532063492,1944.89
54.537868480,1966.06
54.543673469,1976.08
54.549478458,1984.61
54.555283446,1988.73
54.561088435,1989.01
54.566893424,1988.19
54.572698412,1988.36
54.578503401,1988.34
54.584308390,1987.86
54.590113378,1984.07
54.595918367,1963.13
54.601723356,1905.77
54.607528344,1837.92
54.613333333,1805.54
54.619138321,1793.55
54.624943310,1795.51
54.630748299,1798.11
54.636553287,1797.62
54.642358276,1802.96
54.648163265,1804.7
54.653968253,1802.47
54.659773242,1801.43
54.665578231,1800.52
54.671383219,1813.27
54.677188208,1864.42
54.682993197,1925.22
54.688798185,1966.34
54.694603174,1979.05
54.700408163,1985.85
54.706213151,1987.48
54.712018140,1986.72
54.717823129,1985.46
54.723628117,1985.11
54.729433106,1983.76
54.735238095,1982
54.741043083,1980.18
54.746848072,1979.68
54.752653061,1980.45
54.758458049,1977.08
54.764263038,1949.45
54.770068027,1891.28
54.775873015,1825.61
54.781678004,1788.13
54.787482993,1784.7
54.793287981,1781.26
54.799092970,1778
54.804897959,1778.38
54.810702947,1778.92
54.816507936,1779.5
54.822312925,1781.17
54.828117913,1800.96
54.833922902,1848.11
54.839727891,1909.98
54.845532879,1959.77
54.851337868,1979.05
54.857142857,1987.33
54.862947845,1994.25
54.868752834,1996.72
54.874557823,1995.87
54.880362811,1996.35
54.886167800,1996.7
54.891972789,1995.52
54.897777777,1994.01
54.903582766,1992.1
54.909387755,1981.98
54.915192743,1942.89
54.920997732,1884.26
54.926802721,1812.01
54.932607709,1792.59
54.938412698,1789.83
54.944217687,1791.08
54.950022675,1791.58
54.955827664,1791.89
54.961632653,1792.74
54.967437641,1793.49
54.973242630,1793.28
54.979047619,1793.27
54.984852607,1810.74
54.990657596,1853.25
54.996462585,1920.94
55.002267573,1969.53
55.008072562,1987.71
55.013877551,1993.22
55.019682539,1997.44
55.025487528,2001.62
55.031292517,2002.38
55.037097505,2001.32
55.042902494,2001.99
55.048707482,2001.34
55.054512471,1998.96
55.060317460,1995.8
55.066122448,1990.15
55.071927437,1980.54
55.077732426,1958.35
55.083537414,1921.15
55.089342403,1855.78
55.095147392,1834.24
55.100952380,1827.44
55.106757369,1822.29
55.112562358,1815.75
55.118367346,1807.55
55.124172335,1799.03
55.129977324,1796.93
55.135782312,1813
55.141587301,1847.12
55.147392290,1910.21
55.153197278,1962.25
55.159002267,1982.11
55.164807256,1988.95
55.170612244,1993.62
55.176417233,1994.44
55.182222222,1994.7
55.188027210,1995.92
55.193832199,1994.95
55.199637188,1993.2
55.205442176,1991.96
55.211247165,1991.97
55.217052154,1992.18
55.222857142,1990.5
55.228662131,1985.91
55.234467120,1972.66
55.240272108,1934.21
55.246077097,1869.49
55.251882086,1824.27
55.257687074,1815.54
55.263492063,1809.42
55.269297052,1811.47
55.275102040,1808.26
55.280907029,1805.07
55.286712018,1805.88
55.292517006,1801.6
55.298321995,1806.98
55.304126984,1851.35
55.309931972,1917.54
55.315736961,1968.09
55.321541950,1980.52
55.327346938,1987.37
55.333151927,1991.09
55.338956916,1992.78
55.344761904,1992.85
55.350566893,1993.4
55.356371882,1994.34
55.362176870,1991.34
55.367981859,1987.04
55.373786848,1981.59
55.379591836,1965.82
55.385396825,1916.64
55.391201814,1854.54
55.397006802,1800.38
55.402811791,1789.01
55.408616780,1786.78
55.414421768,1786.89
55.420226757,1784.23
55.426031746,1783.07
55.431836734,1784.17
55.437641723,1784.68
55.443446712,1783.75
55.449251700,1782.02
55.455056689,1793.05
55.460861678,1829.56
55.466666666,1889.04
55.472471655,1939.16
55.478276643,1959.38
55.484081632,1969.43
55.489886621,1977.51
55.495691609,1983.4
55.501496598,1984.31
55.507301587,1982.4
55.513106575,1981.41
55.518911564,1981.55
55.524716553,1981.81
55.530521541,1979.94
55.536326530,1970.72
55.542131519,1921.34
55.547936507,1867.76
55.553741496,1813.69
55.559546485,1792.59
55.565351473,1790.04
55.571156462,1786.81
55.576961451,1787.31
55.582766439,1787.75
55.588571428,1783.6
55.594376417,1780.83
55.600181405,1779.38
55.605986394,1778.43
55.611791383,1783.45
55.617596371,1801.55
55.623401360,1856.82
55.629206349,1922.45
55.635011337,1960.93
55.640816326,1970.46
55.646621315,1978.29
55.652426303,1979.82
55.658231292,1980.81
55.664036281,1980.08
55.669841269,1979.3
55.675646258,1978.07
55.681451247,1979.23
55.687256235,1978.08
55.693061224,1973.67
55.698866213,1937.9
55.704671201,1871.85
55.710476190,1816.53
55.716281179,1782.29
55.722086167,1776.07
55.727891156,1775.02
55.733696145,1775.22
55.739501133,1775.6
55.745306122,1775.35
55.751111111,1775.23
55.756916099,1773.68
55.762721088,1772.75
55.768526077,1772.9
55.774331065,1772.74
55.780136054,1783.35
55.785941043,1805.96
55.791746031,1857.95
55.797551020,1923.69
55.803356009,1967.92
55.809160997,1973.17
55.814965986,1974.94
55.820770975,1977.37
55.826575963,1977.24
55.832380952,1977.58
55.838185941,1978.47
55.843990929,1976.19
55.849795918,1975.37
55.855600907,1971.95
55.861405895,1961.91
55.867210884,1913.49
55.873015873,1848.41
55.878820861,1797.72
55.884625850,1783.06
55.890430839,1780.27
55.896235827,1778.19
55.902040816,1777.03
55.907845804,1775.87
55.913650793,1775.97
55.919455782,1777.24
55.925260770,1778.23
55.931065759,1778.24
55.936870748,1779.4
55.942675736,1787.5
55.948480725,1810.04
55.954285714,1870.56
55.960090702,1941.5
55.965895691,1961.63
55.971700680,1969.03
55.977505668,1973.76
55.983310657,1966.86
55.989115646,1937.6
55.994920634,1880.68
56.000725623,1821.3
56.006530612,1784.48
56.012335600,1780.61
56.018140589,1779.29
56.023945578,1779.62
56.029750566,1779.52
56.035555555,1781.2
56.041360544,1791.21
56.047165532,1811.63
56.052970521,1861.13
56.058775510,1930.31
56.064580498,1967.55
56.070385487,1973.51
56.076190476,1975.69
56.081995464,1976.6
56.087800453,1974.11
56.093605442,1972.09
56.099410430,1969.28
56.105215419,1960.73
56.111020408,1945.74
56.116825396,1918.3
56.122630385,1866.81
56.128435374,1812.18
56.134240362,1778.41
56.140045351,1775.99
56.145850340,1775.87
56.151655328,1776.18
56.157460317,1775.7
56.163265306,1776.35
56.169070294,1777.13
56.174875283,1786.79
56.180680272,1812.07
56.186485260,1845.88
56.192290249,1881.5
56.198095238,1887.67
56.203900226,1894.97
56.209705215,1898.03
56.215510204,1893.58
56.221315192,1864.85
56.227120181,1834.89
56.232925170,1813.17
56.238730158,1803.96
56.244535147,1793.67
56.250340136,1779.78
56.256145124,1774.3
56.261950113,1772.66
56.267755102,1773.5
56.273560090,1773.11
56.279365079,1773.84
56.285170068,1772.56
56.290975056,1771.02
56.296780045,1769.85
56.302585034,1769.92
56.308390022,1769.28
56.314195011,1769.45
56.320000000,1769.7
56.325804988,1769.06
56.331609977,1770.91
56.337414965,1772.8
56.343219954,1773.32
56.349024943,1775.53
56.354829931,1775.09
56.360634920,1773.59
56.366439909,1774.37
56.372244897,1772.01
56.378049886,1771.26
56.383854875,1771.85
56.389659863,1769.38
56.395464852,1768.69
56.401269841,1770.37
56.407074829,1770.07
56.412879818,1770.3
56.418684807,1771.14
56.424489795,1770.33
56.430294784,1769.92
56.436099773,1770.13
56.441904761,1770.21
56.447709750,1767.34
56.453514739,1766.86
56.459319727,1765.37
56.511564625,1593.9
56.517369614,1588.01
56.523174603,1586.75
56.528979591,1585.92
56.534784580,1586.76
56.540589569,1587.3
56.546394557,1594.93
56.552199546,1625.44
56.558004535,1673.86
56.563809523,1722.75
56.569614512,1743.43
56.575419501,1751.87
56.581224489,1749.74
56.587029478,1751.43
56.592834467,1753.46
56.598639455,1753.29
56.604444444,1754.14
56.610249433,1753
56.616054421,1749.09
56.621859410,1738.68
56.627664399,1700.76
56.633469387,1668.58
56.639274376,1633.65
56.645079365,1608.19
56.650884353,1599.53
56.656689342,1597.35
56.662494331,1589.64
56.668299319,1588.06
56.674104308,1585.57
56.679909297,1584.38
56.685714285,1583.43
56.691519274,1583.24
56.697324263,1595.34
56.703129251,1639.17
56.708934240,1678.61
56.714739229,1710.27
56.720544217,1727.39
56.726349206,1752.85
56.732154195,1757.65
56.737959183,1760.94
56.743764172,1758.32
56.749569160,1759.38
56.755374149,1757.85
56.761179138,1758.38
56.766984126,1757.97
56.772789115,1758.13
56.778594104,1758.2
56.784399092,1757.18
56.790204081,1744.27
56.796009070,1718.98
56.801814058,1681.53
56.807619047,1627.38
56.813424036,1589.04
56.819229024,1587.28
56.825034013,1584.67
56.830839002,1581.25
56.836643990,1579.4
56.842448979,1577.42
56.848253968,1583.18
56.854058956,1615.5
56.859863945,1659.21
56.865668934,1706.92
56.871473922,1734.57
56.877278911,1752.53
56.883083900,1756
56.888888888,1758
56.894693877,1758.93
56.900498866,1758.46
56.906303854,1757.98
56.912108843,1757.24
56.917913832,1756.45
56.923718820,1754.98
56.929523809,1754.04
56.935328798,1753.4
56.941133786,1751.91
56.946938775,1743.49
56.952743764,1712.39
56.958548752,1678.71
56.964353741,1638.72
56.970158730,1595.05
56.975963718,1587.6
56.981768707,1590.09
56.987573696,1589.7
56.993378684,1589.21
56.999183673,1593.77
57.004988662,1621.15
57.010793650,1662.2
57.016598639,1709.99
57.022403628,1738.89
57.028208616,1756.42
57.034013605,1760.54
57.039818594,1763.87
57.045623582,1765.09
57.051428571,1765.16
57.057233560,1765.79
57.063038548,1765.58
57.068843537,1765.77
57.074648526,1765.65
57.080453514,1765.01
57.086258503,1765.94
57.092063492,1765.86
57.097868480,1764.45
57.103673469,1752.43
57.109478458,1726.8
57.115283446,1695.89
57.121088435,1645.42
57.126893424,1598.32
57.132698412,1594.41
57.138503401,1594.97
57.144308390,1591.82
57.150113378,1589.87
57.155918367,1586.93
57.161723356,1584.07
57.167528344,1589.72
57.173333333,1627
57.179138321,1664.49
57.184943310,1699.56
57.190748299,1722.57
57.196553287,1751.79
57.202358276,1760.38
57.208163265,1763.34
57.213968253,1765.14
57.219773242,1765.52
57.225578231,1765.32
57.231383219,1765.72
57.237188208,1764.29
57.242993197,1763.42
57.248798185,1762.11
57.254603174,1758.96
57.260408163,1742.91
57.266213151,1711.6
57.272018140,1673.35
57.277823129,1624.1
57.283628117,1593.02
57.289433106,1594.52
57.295238095,1593.81
57.301043083,1593.05
57.306848072,1590.63
57.312653061,1588.39
57.318458049,1587.55
57.324263038,1588.52
57.330068027,1600.25
57.335873015,1634.33
57.341678004,1670.23
57.347482993,1710.42
57.353287981,1734.78
57.359092970,1759.32
57.364897959,1762.17
57.370702947,1765.24
57.376507936,1764.8
57.382312925,1764.43
57.388117913,1765.06
57.393922902,1765.13
57.399727891,1764.59
57.405532879,1763.98
57.411337868,1761.44
57.417142857,1754.54
57.422947845,1726.11
57.428752834,1689.67
57.434557823,1639.15
57.440362811,1594.17
57.446167800,1589.75
57.451972789,1589.42
57.457777777,1589.63
57.463582766,1588.83
57.469387755,1586.89
57.475192743,1584.11
57.480997732,1582.8
57.486802721,1584.62
57.492607709,1602.67
57.498412698,1648.85
57.504217687,1693.66
57.510022675,1718.56
57.515827664,1737.78
57.521632653,1756.13
57.527437641,1760.6
57.533242630,1761.85
57.539047619,1762.39
57.544852607,1761.41
57.550657596,1762.27
57.556462585,1761.69
57.562267573,1760.92
57.568072562,1760.49
57.573877551,1759.32
57.579682539,1755.91
57.585487528,1731.3
57.591292517,1694.44
57.597097505,1651.84
57.602902494,1607.94
57.608707482,1589.45
57.614512471,1588.21
57.620317460,1587.83
57.626122448,1588.21
57.631927437,1587.56
57.637732426,1587.49
57.643537414,1597.03
57.649342403,1634.63
57.655147392,1676.6
57.660952380,1712.22
57.666757369,1732.58
57.672562358,1756.55
57.678367346,1760.68
57.684172335,1763.85
57.689977324,1762.91
57.695782312,1762.15
57.701587301,1762.73
57.707392290,1762.14
57.713197278,1761.11
57.719002267,1761.42
57.724807256,1760.69
57.730612244,1760.49
57.736417233,1758.99
57.742222222,1750.32
57.748027210,1724.8
57.753832199,1691.18
57.759637188,1638.26
57.765442176,1595.18
57.771247165,1589.31
57.777052154,1584.72
57.782857142,1581.49
57.788662131,1580.45
57.794467120,1583.83
57.800272108,1621.01
57.806077097,1668.2
57.811882086,1710.13
57.817687074,1728.16
57.823492063,1749.34
57.829297052,1756.05
57.835102040,1759.45
57.840907029,1760.43
57.846712018,1761.02
57.852517006,1762.12
57.858321995,1761.85
57.864126984,1762.07
57.869931972,1761.98
57.875736961,1761.21
57.881541950,1759.05
57.887346938,1752.76
57.893151927,1723.06
57.898956916,1689.87
57.904761904,1647.05
57.910566893,1603.58
57.916371882,1588.51
57.922176870,1582.05
57.927981859,1582.19
57.933786848,1585.19
57.939591836,1589.62
57.945396825,1593.17
57.951201814,1597.9
57.957006802,1611.46
57.962811791,1652.5
57.968616780,1687.29
57.974421768,1713.76
57.980226757,1732.57
57.986031746,1752.59
57.991836734,1755.6
57.997641723,1757.49
58.003446712,1758.44
58.009251700,1757.49
58.015056689,1757.25
58.020861678,1756.56
58.026666666,1754.75
58.032471655,1755.18
58.038276643,1755.94
58.044081632,1755.77
58.049886621,1750.24
58.055691609,1714.86
58.061496598,1679.33
58.067301587,1637.45
58.073106575,1605.51
58.078911564,1592.71
58.084716553,1586.24
58.090521541,1581.57
58.096326530,1580.38
58.102131519,1580.85
58.107936507,1583
58.113741496,1584.2
58.119546485,1582.31
58.125351473,1582.81
58.131156462,1610.14
58.136961451,1634.45
58.142766439,1673.56
58.148571428,1709.99
58.154376417,1728.87
58.160181405,1753.19
58.165986394,1758.3
58.171791383,1761.42
58.177596371,1761.86
58.183401360,1760.99
58.189206349,1759.98
58.195011337,1759.26
58.200816326,1757.36
58.206621315,1756.26
58.212426303,1753.53
58.218231292,1738.75
58.224036281,1702.5
58.229841269,1666.71
58.235646258,1634.98
58.241451247,1603.47
58.247256235,1589.53
58.253061224,1588.66
58.258866213,1591.78
58.264671201,1594.53
58.270476190,1598.71
58.276281179,1601.77
58.282086167,1621.94
58.287891156,1650.64
58.293696145,1683.71
58.299501133,1710.52
58.305306122,1725.5
58.311111111,1748.53
58.316916099,1753.12
58.322721088,1756.18
58.328526077,1756.05
58.334331065,1756.78
58.340136054,1757.91
58.345941043,1757.26
58.351746031,1756.61
58.357551020,1754.12
58.363356009,1751.5
58.369160997,1735.78
58.374965986,1714.81
58.380770975,1686.96
58.386575963,1651.22
58.392380952,1607.63
58.398185941,1596.34
58.403990929,1585.97
58.409795918,1589.18
58.415600907,1589.97
58.421405895,1590.21
58.427210884,1598.48
58.433015873,1597.49
58.438820861,1600.14
58.444625850,1640.46
58.450430839,1675.61
58.456235827,1708.28
58.462040816,1730.29
58.467845804,1750.43
58.473650793,1753.79
58.479455782,1756.75
58.485260770,1756.71
58.491065759,1755.73
58.496870748,1754.88
58.502675736,1753.78
58.508480725,1752.33
58.514285714,1753.03
58.520090702,1753.06
58.525895691,1751.48
58.531700680,1748.32
58.537505668,1724.51
58.543310657,1683.1
58.549115646,1644.31
58.554920634,1608.1
58.560725623,1593.9
58.566530612,1588.35
58.572335600,1582.78
58.578140589,1578.72
58.583945578,1578.79
58.589750566,1579.12
58.595555555,1577.73
58.601360544,1589.98
58.607165532,1616.53
58.612970521,1665.41
58.618775510,1704.93
58.624580498,1725.21
58.630385487,1746.88
58.636190476,1753.16
58.641995464,1756.73
58.647800453,1757.49
58.653605442,1757.62
58.659410430,1756.59
58.665215419,1757.75
58.671020408,1756.63
58.676825396,1754.08
58.682630385,1750.39
58.688435374,1737.56
58.694240362,1709.13
58.700045351,1675.97
58.705850340,1633.75
58.711655328,1596.46
58.717460317,1589.23
58.723265306,1585.36
58.729070294,1580.31
58.734875283,1578.12
58.740680272,1581.56
58.746485260,1584.81
58.752290249,1585.66
58.758095238,1592.18
58.763900226,1628.16
58.769705215,1661.54
58.775510204,1700.9
58.781315192,1724.92
58.787120181,1747.76
58.792925170,1752.83
58.798730158,1756.59
58.804535147,1757.7
58.810340136,1757.39
58.816145124,1757.99
58.821950113,1758.11
58.827755102,1757.54
58.833560090,1756.06
58.839365079,1755.29
58.845170068,1753.66
58.850975056,1750.6
58.856780045,1722.9
58.862585034,1687.62
58.868390022,1651.13
58.874195011,1614.76
58.880000000,1594.15
58.885804988,1587.78
58.891609977,1584.15
58.897414965,1582.05
58.903219954,1582.81
58.909024943,1583.09
58.914829931,1581.67
58.920634920,1578.91
58.926439909,1584.47
58.932244897,1620.15
58.938049886,1673.75
58.943854875,1708.69
58.949659863,1729.83
58.955464852,1745.23
58.961269841,1753.22
58.967074829,1756.42
58.972879818,1756.22
58.978684807,1755.94
58.984489795,1754.63
58.990294784,1755.03
58.996099773,1754.86
59.001904761,1753.7
59.007709750,1750.96
59.013514739,1746.78
59.019319727,1730.91
59.025124716,1709.74
59.030929705,1681.81
59.036734693,1648.02
59.042539682,1632.93
59.048344671,1621.81
59.054149659,1598.56
59.059954648,1587.91
59.065759637,1586.18
59.071564625,1586.26
59.077369614,1582.62
59.083174603,1593.52
59.088979591,1631.71
59.094784580,1670.53
59.100589569,1706.92
59.106394557,1725.98
59.112199546,1747.59
59.118004535,1751.82
59.123809523,1754.69
59.129614512,1753.68
59.135419501,1752.11
59.141224489,1749.96
59.147029478,1748.61
59.152834467,1748
59.158639455,1746.75
59.164444444,1744.65
59.170249433,1739.88
59.176054421,1718.73
59.181859410,1698.84
59.187664399,1671.71
59.193469387,1635.41
59.199274376,1600.34
59.205079365,1591.76
59.210884353,1584.26
59.216689342,1579.85
59.222494331,1579.76
59.228299319,1580.6
59.234104308,1580.56
59.239909297,1582.19
59.245714285,1587.69
59.251519274,1632.04
59.257324263,1664.17
59.263129251,1695.4
59.268934240,1712.53
59.274739229,1735.9
59.280544217,1742.67
59.286349206,1748.05
59.292154195,1742.75
59.297959183,1737.14
59.303764172,1732.61
59.309569160,1732.29
59.315374149,1733.81
59.321179138,1728.39
59.326984126,1723.13
59.332789115,1705.43
59.338594104,1686.36
59.344399092,1660.61
59.350204081,1631.4
59.356009070,1597.38
59.361814058,1578.74
59.367619047,1570.81
59.373424036,1569.48
59.379229024,1571.04
59.385034013,1571.78
59.390839002,1573.81
59.396643990,1576.04
59.402448979,1579.3
59.408253968,1613.39
59.414058956,1658.35
59.419863945,1700.63
59.425668934,1724.09
59.431473922,1743.56
59.437278911,1750.37
59.443083900,1752.91
59.448888888,1753.48
59.454693877,1752.38
59.460498866,1750.65
59.466303854,1749.92
59.472108843,1750.38
59.477913832,1750.17
59.483718820,1750.34
59.489523809,1750.61
59.495328798,1750.03
59.501133786,1749.51
59.506938775,1745.46
59.512743764,1710.98
59.518548752,1672.17
59.524353741,1637.6
59.530158730,1608.82
59.535963718,1588.36
59.541768707,1582.12
59.547573696,1577.77
59.553378684,1574.53
59.559183673,1574.36
59.564988662,1573.27
59.570793650,1572.46
59.576598639,1576.33
59.582403628,1597.37
59.588208616,1628.41
59.594013605,1669.04
59.599818594,1703.87
59.605623582,1724.78
59.611428571,1744.26
59.617233560,1747.87
59.623038548,1752.28
59.628843537,1751.65
59.634648526,1752.06
59.640453514,1751.63
59.646258503,1749.95
59.652063492,1749.37
59.657868480,1748.47
59.663673469,1740.05
59.669478458,1680.47
59.675283446,1645.17
59.681088435,1617.22
59.686893424,1600.69
59.692698412,1578.79
59.698503401,1575.17
59.704308390,1572.48,[4] 
59.710113378,1572.99,[4] 
59.715918367,1570.94,[4] 
59.721723356,1570.11,[4] 
59.727528344,1574.72,[4] 
59.733333333,1578.18,[4] 
59.739138321,1590.8,[4] 
59.744943310,1615.95,[4] 
59.750748299,1636.65,[4] 
59.756553287,1652.63,[4] 
59.762358276,1667.8,[4] 
59.768163265,1675.29,[4] 
59.773968253,1697.41,[4] 
59.779773242,1681.75,[4] 
59.785578231,1656.56,[4] 
59.791383219,1597.16,[4] 
59.797188208,1599.59,[4] 
59.802993197,1631.33,[4] 
59.808798185,1671.62,[4] 
59.814603174,1703.44,[4] 
59.820408163,1720.16,[4] 
59.826213151,1735.38,[4] 
59.832018140,1736.13,[4] 
59.837823129,1703.48,[4] 
59.843628117,1678.67,[4] 
59.849433106,1642.48,[4] 
59.855238095,1602.25,[4] 
59.861043083,1570.14,[4] 
59.866848072,1569.61,[4] 
59.872653061,1568.44,[4] 
59.878458049,1568.79,[4] 
59.884263038,1569.07,[4] 
59.890068027,1567.59,[4] 
59.895873015,1571.12
59.901678004,1580.46
59.907482993,1611.1
59.913287981,1653.2
59.919092970,1688.84
59.924897959,1710.2
59.930702947,1733.76
59.936507936,1743.91
59.942312925,1746.8
59.948117913,1746.64
59.953922902,1748.34
59.959727891,1747.09
59.965532879,1745.87
59.971337868,1746.27
59.977142857,1745.79
59.982947845,1746.49
59.988752834,1746.91
59.994557823,1743.8
60.000362811,1720.12
60.006167800,1683.66
60.011972789,1651.33
60.017777777,1616.83
60.023582766,1583.07
60.029387755,1573.41
60.035192743,1569.75
60.040997732,1567.35
60.046802721,1566.58
60.052607709,1566.45
60.058412698,1565.46
60.064217687,1566.01
60.070022675,1567.05
60.075827664,1573.87
60.081632653,1606.05
60.087437641,1645.5
60.093242630,1681.93
60.099047619,1703.01
60.104852607,1721.94
60.110657596,1732.75
60.116462585,1736.96
60.122267573,1743.65
60.128072562,1744.88
60.133877551,1744.72
60.139682539,1745.03
60.145487528,1744.61
60.151292517,1741.47
60.157097505,1739.57
60.162902494,1732.08
60.168707482,1691.86
60.174512471,1661.85
60.180317460,1633.46
60.186122448,1604.93
60.191927437,1576.63
60.197732426,1569.63
60.203537414,1565.36
60.209342403,1566.24
60.215147392,1566.17
60.220952380,1565.5
60.226757369,1566.17
60.232562358,1564.78
60.238367346,1565.28
60.244172335,1584.54
60.249977324,1625.76
60.255782312,1657.76
60.261587301,1690.33
60.267392290,1705.75
60.273197278,1737.96
60.279002267,1740.61
60.284807256,1742.96
60.290612244,1740.98
60.296417233,1741.4
60.302222222,1741.8
60.308027210,1742.46
60.313832199,1743.71
60.319637188,1744.02
60.325442176,1743.65
60.331247165,1735.11
60.337052154,1703
60.342857142,1670.03
60.348662131,1638.72
60.354467120,1607.7
60.360272108,1575.36
60.366077097,1568.45
60.371882086,1565.27
60.377687074,1565.68
60.383492063,1565.91
60.389297052,1565.42
60.395102040,1568.7
60.400907029,1570.2
60.406712018,1578.18
60.412517006,1618.49
60.418321995,1651.96
60.424126984,1687.49
60.429931972,1706.19
60.435736961,1730.5
60.441541950,1736.72
60.447346938,1738.78
60.453151927,1741.59
60.458956916,1741.91
60.464761904,1743.11
60.470566893,1743.18
60.476371882,1742.18
60.482176870,1741.79
60.487981859,1736.74
60.493786848,1730.09
60.499591836,1687.19
60.505396825,1668
60.511201814,1649.18
60.517006802,1621.82
60.522811791,1572.17
60.528616780,1565.83
60.534421768,1565.77
60.540226757,1565.87
60.546031746,1565.22
60.551836734,1565.66
60.557641723,1566.34
60.563446712,1578.52
60.569251700,1600.1
60.575056689,1641.02
60.580861678,1679.42
60.586666666,1703.25
60.592471655,1726.44
60.598276643,1737.62
60.604081632,1742.52
60.609886621,1746.68
60.615691609,1744.75
60.621496598,1745.43
60.627301587,1743.61
60.633106575,1741.53
60.638911564,1738.97
60.644716553,1735.53
60.650521541,1723.61
60.656326530,1701.55
60.662131519,1683.28
60.667936507,1653.44
60.673741496,1612.43
60.679546485,1576.56
60.685351473,1569.01
60.691156462,1564.76
60.696961451,1565.32
60.702766439,1565.74
60.708571428,1565.55
60.714376417,1568.47
60.720181405,1573.34
60.725986394,1579.99
60.731791383,1605.8
60.737596371,1630.31
60.743401360,1659.08
60.749206349,1696.24
60.755011337,1709.94
60.760816326,1732.38
60.766621315,1734.93
60.772426303,1737.71
60.778231292,1736.85
60.784036281,1736.74
60.789841269,1737.51
60.795646258,1735.02
60.801451247,1732.88
60.807256235,1725.66
60.813061224,1708.21
60.818866213,1693.47
60.824671201,1682.73
60.830476190,1663.52
60.836281179,1619.97
60.842086167,1610.66
60.847891156,1598.38
60.853696145,1592.98
60.859501133,1594.76
60.865306122,1596.36
60.871111111,1602.01
60.876916099,1614.07
60.882721088,1621.86
60.888526077,1640.23
60.894331065,1659.22
60.900136054,1668.66
60.905941043,1670.48
60.911746031,1662.44
60.917551020,1644.36
60.923356009,1642.29
60.929160997,1633.55
