1.712471655,325.057,[3] 
1.718276643,326.488,[3] 
1.724081632,327.541,[3] 
1.729886621,329.69,[3] 
1.735691609,335.263,[3] 
1.741496598,341.579,[3] 
1.747301587,346.473,[3] 
1.753106575,348.606,[3] 
1.758911564,348.275,[3] 
1.764716553,348.319,[3] 
1.770521541,348.584,[3] 
1.776326530,348.448,[3] 
1.782131519,349.223,[3] 
1.787936507,351.769,[3] 
1.793741496,353.845,[3] 
1.799546485,362.794,[3] 
1.805351473,379.194,[3] 
1.811156462,389.655,[3] 
1.816961451,391.415,[3] 
1.822766439,393.076,[3] 
1.828571428,394.706,[3] 
1.834376417,398.71,[3] 
1.840181405,406.896,[3] 
1.845986394,421.976,[3] 
1.851791383,439.421
1.857596371,439.815
1.863401360,440.391
1.869206349,440.139
1.875011337,439.722
1.880816326,439.591
1.886621315,439.705
1.892426303,440.438
1.898231292,440.258
1.904036281,438.687
1.909841269,440.19
5.061950113,392.029
5.067755102,392.227
5.073560090,392.602
5.079365079,395.873
5.085170068,397.455
5.090975056,398.387
5.096780045,398.946
5.102585034,399.293
5.108390022,399.631
5.114195011,399.942
5.120000000,400.199
5.125804988,400.407
5.131609977,438.423
5.137414965,438.843
5.143219954,439.643
5.149024943,440.363
5.154829931,441.115
5.160634920,441.614
5.166439909,442.164
5.172244897,442.703
5.178049886,442.75
5.183854875,442.868
5.189659863,443.036
5.195464852,443.267
5.201269841,469.774
5.207074829,471.111
5.212879818,472.164
5.218684807,473.328
5.224489795,474.088
5.230294784,529.652
5.236099773,529.909
5.241904761,530.576
5.247709750,532.198
5.253514739,533.882
5.259319727,534.56
5.265124716,535.001
5.270929705,535.275
5.294149659,592.504
5.299954648,592.604
5.305759637,592.692
5.311564625,592.281
5.317369614,591.622
5.323174603,591.012
5.328979591,588.788,[6] 
5.334784580,587.457,[6] 
5.340589569,586.755,[6] 
5.346394557,587.431,[6] 
5.352199546,587.791,[6] 
5.358004535,588.269,[6] 
5.363809523,586.298,[6] 
5.369614512,586.926,[6] 
8.753922902,598.6,[6] 
8.759727891,597.579,[6] 
8.765532879,596.718,[6] 
8.771337868,596.412,[6] 
8.777142857,592.163
8.782947845,592.163
8.788752834,592.163
8.794557823,592.163
8.800362811,592.163
8.806167800,592.163
8.811972789,592.163
8.817777777,666.113
8.823582766,665.867
8.829387755,665.455
8.835192743,665.287
8.840997732,665.816
8.846802721,699.703
8.852607709,699.795
8.858412698,699.898
8.864217687,699.984
8.870022675,700.399
8.875827664,701.34
8.881632653,701.935
8.887437641,702.259
8.893242630,702.472
8.899047619,787.53
8.904852607,787.761
8.910657596,787.944
8.916462585,787.524
8.922267573,787.531
8.928072562,787.81
8.933877551,788.285
8.939682539,789.171
8.945487528,882.861
8.951292517,882.861
8.957097505,882.861
8.962902494,882.861
8.968707482,882.861
8.974512471,874.676,[6] 
8.980317460,877.079,[6] 
8.986122448,874.478,[6] 
8.991927437,876.722,[6] 
8.997732426,879.213,[6] 
9.003537414,879.062,[6] 
9.195102040,0,[6] 
9.200907029,0,[6] 
9.206712018,0,[6] 
9.229931972,710.247,[6] 
9.235736961,704.211,[6] 
9.241541950,702.337,[6] 
9.247346938,700.802,[6] 
9.253151927,699.388,[6] 
9.258956916,698.931
9.264761904,698.541
9.270566893,698.217
9.276371882,697.305
9.282176870,696.452
9.287981859,695.539
9.293786848,656.055
9.299591836,656.277
9.305396825,656.462
9.311201814,656.584
9.317006802,656.457
9.322811791,657.033
9.328616780,657.926
9.334421768,657.993
9.340226757,658.033
9.346031746,658.014
9.351836734,657.969
9.357641723,657.96
9.363446712,593.292
9.369251700,593.26
9.375056689,593.273
9.380861678,592.985
9.386666666,592.373
9.392471655,592.098
9.398276643,592.009
9.404081632,591.964
9.409886621,592.004
9.415691609,592.164
9.421496598,591.98
9.450521541,528.771
9.456326530,528.838
9.462131519,528.89
9.467936507,527.992
9.473741496,526.591
9.479546485,526.14
9.485351473,526.193
9.491156462,525.758
9.496961451,525.424
9.502766439,525.452
9.508571428,527.563
9.514376417,527.563
9.520181405,527.563
9.525986394,527.563
9.531791383,527.563
9.537596371,527.563
9.543401360,527.563
9.549206349,527.563
9.555011337,527.563
9.560816326,527.563
9.653696145,473.808,[6] 
9.659501133,474.763,[6] 
9.665306122,477.623,[6] 
9.671111111,486.031,[6] 
9.682721088,527.515
9.688526077,527.709
9.694331065,527.717
9.700136054,527.639
9.705941043,527.517
9.711746031,527.286
9.717551020,527.008
9.723356009,526.849
9.729160997,526.619
9.734965986,526.335
9.746575963,595.959,[6] 
9.752380952,594.887,[6] 
9.758185941,594.637,[6] 
9.763990929,591.99,[6] 
9.769795918,591.156,[6] 
9.775600907,591.134,[6] 
9.781405895,590.523,[6] 
9.787210884,591.5,[6] 
9.793015873,593.154,[6] 
9.798820861,598.519,[6] 
9.810430839,656.965
9.816235827,657.278
9.822040816,657.35
9.827845804,657.302
9.833650793,657.368
9.839455782,657.288
9.845260770,657.356
9.851065759,657.71
9.856870748,658.241
9.862675736,658.223
9.874285714,694.969,[6] 
9.880090702,695.287,[6] 
9.885895691,698.242,[6] 
9.891700680,696.764,[6] 
9.897505668,699.226,[6] 
9.903310657,699.71,[6] 
9.909115646,698.312,[6] 
9.914920634,701.538,[6] 
9.920725623,697.65,[6] 
9.926530612,694.171,[6] 
9.932335600,690.064,[6] 
9.938140589,682.653,[6] 
10.152925170,592.55,[6] 
10.158730158,591.735,[6] 
10.164535147,592.859,[6] 
10.170340136,590.143,[6] 
10.176145124,591.057,[6] 
10.181950113,591.47,[6] 
10.187755102,588.774,[6] 
10.193560090,589.826,[6] 
10.199365079,592.393,[6] 
10.205170068,596.794,[6] 
10.210975056,601.234,[6] 
10.234195011,542.251,[6] 
10.240000000,533.546,[6] 
10.245804988,538.575,[6] 
10.251609977,535.54,[6] 
10.257414965,534.04,[6] 
10.263219954,537.57,[6] 
10.269024943,533.347,[6] 
10.274829931,532.546,[6] 
10.280634920,528.517,[6] 
10.286439909,519.92,[6] 
10.292244897,516.015,[6] 
10.315464852,469.851
10.321269841,470.073
10.327074829,470.72
10.332879818,471.242
10.338684807,471.378
10.344489795,471.709
10.350294784,473.439
10.356099773,470.657
10.361904761,469.807
10.367709750,471.219
10.373514739,443.949,[6] 
10.379319727,441.731
10.385124716,441.719
10.390929705,441.762
10.396734693,441.943
10.402539682,442.264
10.408344671,442.792
10.414149659,443.502
10.419954648,445.153
10.425759637,444.37
10.431564625,443.581
10.553469387,399.74,[6] 
10.559274376,398.966,[6] 
10.565079365,397.932,[6] 
10.570884353,397.205,[6] 
10.576689342,396.79,[6] 
10.582494331,396.733,[6] 
10.588299319,397.847,[6] 
10.594104308,402.031,[6] 
10.599909297,411.125,[6] 
10.611519274,436.359,[6] 
10.617324263,439.827
10.623129251,440.658
10.628934240,441.503
10.634739229,442.294
10.640544217,443
10.646349206,443.457
10.652154195,443.639
10.657959183,443.767
10.663764172,467.477,[6] 
10.669569160,465.76
10.675374149,466.886
10.681179138,468.183
10.686984126,472.971
10.692789115,471.262
10.698594104,471.441
10.704399092,471.93
10.710204081,472.536
10.721814058,517.303,[6] 
10.727619047,521.458
10.733424036,521.402
10.739229024,521.322
10.745034013,521.097
10.750839002,521.542
10.756643990,522.846
10.762448979,524.275
10.768253968,526.583
10.774058956,568.237,[6] 
10.779863945,592.163
10.785668934,592.163
10.791473922,592.163
10.797278911,592.163
10.803083900,592.163
10.808888888,592.163
10.814693877,592.163
10.820498866,592.163
10.826303854,592.163
10.832108843,592.163
10.837913832,525.508,[6] 
10.954013605,529.111,[6] 
10.959818594,529.249
10.965623582,529.742
10.971428571,529.004
10.977233560,528.745
10.983038548,528.794
10.988843537,529.394
10.994648526,528.581
11.000453514,528.354
11.012063492,479.224,[6] 
11.017868480,473.11,[6] 
11.023673469,473.614,[6] 
11.029478458,474.071,[6] 
11.035283446,472.177,[6] 
11.041088435,472.731,[6] 
11.046893424,471.554,[6] 
11.052698412,468.89,[6] 
11.058503401,463.363,[6] 
11.075918367,447.566,[6] 
11.081723356,445.798,[6] 
11.087528344,443.721,[6] 
11.093333333,442.257,[6] 
11.099138321,443.346,[6] 
11.104943310,441.828,[6] 
11.110748299,441.542,[6] 
11.116553287,442.946,[6] 
11.122358276,441.674,[6] 
11.128163265,441.948,[6] 
11.133968253,440.376,[6] 
11.151383219,402.686,[6] 
11.157188208,400.577,[6] 
11.162993197,398.473,[6] 
11.168798185,396.719,[6] 
11.174603174,395.584,[6] 
11.180408163,390.821,[6] 
11.186213151,384.052,[6] 
11.203628117,352.287,[6] 
11.209433106,350.091,[6] 
11.215238095,349.796,[6] 
11.221043083,349.947,[6] 
11.226848072,0,[6] 
11.232653061,0,[6] 
12.219501133,1204.26
12.225306122,1199.57
12.231111111,1196.61
12.236916099,1193.26
12.242721088,1193.02
12.248526077,1202.18
12.254331065,1069.27,[4] 
12.260136054,1070.16,[4] 
12.265941043,1065.67,[4] 
12.271746031,1060.96
12.277551020,1059.17
12.283356009,1057.73
12.289160997,1056.59
12.294965986,1055.54
12.300770975,1053.97
12.306575963,1053
12.312380952,1052.19
12.318185941,1052.53
12.323990929,1053.81
12.341405895,930.24,[6] 
12.347210884,919.424
12.353015873,918.454
12.358820861,939.168
12.364625850,943.13
12.370430839,944.96
12.376235827,946.608
12.382040816,884.658,[6] 
12.387845804,883.552,[6] 
12.393650793,880.706,[6] 
12.399455782,871.994,[6] 
12.405260770,875.046,[6] 
12.411065759,886.838,[6] 
12.416870748,0,[6] 
12.422675736,791.264
12.428480725,788.528
12.434285714,787.37
12.440090702,787.278
12.445895691,784.53
12.451700680,781.952
12.457505668,782.968
12.463310657,785.664
12.469115646,792.778
12.474920634,794.578
12.480725623,795.184
12.486530612,795.108
12.666485260,588.309,[3] 
12.672290249,593.519
12.678095238,591.949
12.683900226,591.855
12.689705215,591.488
12.695510204,591.025
12.701315192,591.296
12.707120181,591.548
12.712925170,591.848
12.718730158,536.018,[3] 
12.724535147,535.964,[3] 
12.730340136,534.488,[3] 
12.736145124,532.019,[3] 
12.741950113,533.6,[3] 
12.747755102,532.604,[3] 
12.753560090,530.29,[3] 
12.759365079,530.513,[3] 
12.765170068,527.07,[3] 
12.770975056,522.153,[3] 
12.782585034,507.246,[3] 
12.788390022,475.225
12.794195011,473.595
12.800000000,471.386
12.805804988,471.143
12.811609977,470.955
12.817414965,470.877
12.823219954,471.33
12.829024943,471.604
12.834829931,472.395
12.840634920,473.612
12.846439909,444.397,[3] 
12.852244897,446.127,[3] 
12.858049886,447.201,[3] 
12.863854875,440.592
12.869659863,440.231
12.875464852,439.809
12.881269841,396.708
12.887074829,396.368
12.892879818,395.412
12.898684807,392.07
12.904489795,391.185
12.910294784,393.808
12.916099773,394.335
12.921904761,394.075
12.927709750,412.845,[3] 
13.960997732,1215.1,[6] 
13.966802721,1214.81,[6] 
13.972607709,1212.19,[6] 
13.978412698,1210.57,[6] 
13.984217687,1209.21,[6] 
13.990022675,1213.55,[6] 
13.995827664,1214.79,[6] 
14.001632653,1213.95,[6] 
14.007437641,1189.88,[6] 
14.013242630,1099.58,[6] 
14.019047619,1076.21
14.024852607,1076.68
14.030657596,1074.94
14.036462585,1073.78
14.042267573,1072.6
14.048072562,1071.97
14.053877551,1071.79
14.059682539,1071.27
14.065487528,1070.83
14.071292517,1069.63
14.077097505,1069.77
14.082902494,1070.56
14.088707482,1071.65
14.094512471,919.526,[6] 
14.100317460,891.906
14.106122448,891.984
14.111927437,891.784
14.117732426,890.664
14.123537414,889.902
14.129342403,889.886
14.135147392,891.98
14.140952380,892.398,[6] 
14.146757369,796.728
14.152562358,796.728
14.158367346,796.728
14.164172335,796.728
14.169977324,796.728
14.175782312,796.728
14.181587301,796.728
14.187392290,796.728
14.193197278,710.596
14.199002267,710.596
14.204807256,710.596
14.210612244,710.596
14.216417233,710.596
14.222222222,710.596
14.228027210,710.596
14.233832199,710.596
14.239637188,710.596
14.245442176,710.596
14.251247165,710.596
14.257052154,710.596
14.378956916,579.046,[4] 
14.384761904,580.704,[4] 
14.390566893,576.213,[4] 
14.396371882,579.901,[4] 
14.402176870,587.907,[4] 
14.407981859,588.851,[4] 
14.413786848,591.724,[4] 
14.419591836,591.051,[4] 
14.425396825,590.962,[4] 
14.431201814,589.386,[4] 
14.437006802,588.865,[4] 
14.442811791,589.004,[4] 
14.448616780,588.634,[4] 
14.454421768,583.299,[4] 
14.471836734,530.575
14.477641723,530.298
14.483446712,530.172
14.489251700,530.307
14.495056689,530.349
14.500861678,529.885
14.506666666,529.406
14.512471655,528.759
14.518276643,528.079
14.524081632,526.565
14.529886621,525.883
14.535691609,526.168
14.541496598,0,[4] 
14.547301587,478.17,[4] 
14.553106575,471.676
14.558911564,470.186
14.564716553,469.339
14.570521541,468.863
14.576326530,468.599
14.582131519,468.697
14.587936507,452.197
14.593741496,441.431
14.599546485,441.431
14.605351473,441.431
14.611156462,441.431
14.616961451,441.431
14.622766439,441.431
14.628571428,441.431
14.634376417,441.431
14.640181405,441.431
14.645986394,441.431
14.651791383,441.431
14.657596371,441.431
14.663401360,397.322
14.669206349,397.814
14.675011337,398.364
14.680816326,398.927
14.686621315,399.762
14.692426303,400.334
14.698231292,399.155
14.704036281,398.707
14.709841269,398.508
14.715646258,398.42
14.721451247,398.332
14.727256235,398.095
14.733061224,398.35
14.738866213,399.192
14.744671201,399.974
15.267120181,595.331,[3] 
15.272925170,594.919,[3] 
15.278730158,594.762,[3] 
15.284535147,594.833,[3] 
15.290340136,594.416,[3] 
15.296145124,594.112,[3] 
15.301950113,593.066,[3] 
15.307755102,591.927,[3] 
15.313560090,592.544,[3] 
15.319365079,591.123,[3] 
15.325170068,586.201,[3] 
15.330975056,575.707,[3] 
15.348390022,531.053,[3] 
15.354195011,531.809,[3] 
15.360000000,529.358,[3] 
15.365804988,531.158,[3] 
15.371609977,530.794,[3] 
15.377414965,529.079,[3] 
15.383219954,529.387,[3] 
15.389024943,526.068,[3] 
15.394829931,527.563
15.400634920,527.563
15.406439909,473.522
15.412244897,473.228
15.418049886,473.09
15.423854875,472.611
15.429659863,471.67
15.435464852,470.365
15.441269841,468.957
15.447074829,462.964
15.452879818,442.824
15.458684807,442.43
15.464489795,442.053
15.470294784,441.657
15.476099773,441.492
15.481904761,441.633
15.487709750,441.559
15.493514739,441.281
15.499319727,398.364
15.505124716,398.364
15.510929705,398.364
15.516734693,398.364
15.522539682,398.364
15.528344671,398.364
15.534149659,398.364
15.539954648,398.364
15.545759637,396.488
15.551564625,396.973
15.557369614,396.836
15.563174603,395.681
15.568979591,395.088
15.574784580,395.171
15.580589569,395.258
15.586394557,395.093
15.592199546,394.374
15.598004535,393.342
15.603809523,394.41
15.609614512,395.029
15.615419501,396.038
15.621224489,396.763
15.627029478,397.182
15.632834467,397.665
15.638639455,398.38
15.644444444,399.573
15.650249433,398.917
16.166893424,595.423,[4] 
16.172698412,595.882,[4] 
16.178503401,595.556,[4] 
16.184308390,595.172,[4] 
16.190113378,594.545,[4] 
16.195918367,593.324,[4] 
16.201723356,592.317,[4] 
16.207528344,591.553,[4] 
16.213333333,591.985,[4] 
16.219138321,593.267,[4] 
16.224943310,595.599,[4] 
16.230748299,597.095,[4] 
16.248163265,536.141,[4] 
16.253968253,531.425,[4] 
16.259773242,529.756,[4] 
16.265578231,530.485,[4] 
16.271383219,530.675,[4] 
16.277188208,533.728,[4] 
16.282993197,537.876,[4] 
16.294603174,473.73
16.300408163,473.73
16.306213151,473.73
16.312018140,473.73
16.317823129,473.73
16.323628117,473.73
16.329433106,473.73
16.335238095,444.612
16.341043083,444.782
16.346848072,444.478
16.352653061,443.623
16.358458049,442.898
16.364263038,442.415
16.370068027,442.055
16.375873015,441.674
16.381678004,441.406
16.387482993,441.138
16.393287981,398.321
16.399092970,397.598
16.404897959,397.178
16.410702947,397.111
16.416507936,397.197
16.422312925,397.181
16.428117913,395.201
16.433922902,390.863
16.439727891,390.825
17.043446712,602.671,[3] 
17.049251700,600.463,[3] 
17.055056689,598.041,[3] 
17.060861678,597.198,[3] 
17.066666666,595.714,[3] 
17.072471655,594.406,[3] 
17.078276643,594.255,[3] 
17.084081632,593.596,[3] 
17.089886621,593.948,[3] 
17.095691609,595.173,[3] 
17.101496598,597.172,[3] 
17.107301587,602.472,[3] 
17.113106575,607.762,[3] 
17.118911564,532.621
17.124716553,531.637
17.130521541,530.703
17.136326530,529.977
17.142131519,529.436
17.147936507,529.068
17.153741496,528.881
17.159546485,528.298
17.165351473,527.735
17.171156462,477.616
17.176961451,477.115
17.182766439,475.66
17.188571428,474.537
17.194376417,473.342
17.200181405,473.73
17.205986394,473.73
17.211791383,473.73
17.217596371,473.73
17.223401360,473.73
17.229206349,445.69
17.235011337,444.591
17.240816326,443.77
17.246621315,443.295
17.252426303,442.986
17.258231292,442.406
17.264036281,441.439
17.269841269,440.947
17.275646258,440.716
17.281451247,399.141
17.287256235,398.457
17.293061224,396.592
17.298866213,394.701
17.304671201,395.795
17.310476190,396.168
17.316281179,396.193
17.322086167,396.29
17.327891156,398.364
17.333696145,398.364
17.339501133,398.364
17.345306122,398.364
17.943219954,596.522,[5] 
17.949024943,596.075,[5] 
17.954829931,594.725,[5] 
17.960634920,593.884,[5] 
17.966439909,593.287,[5] 
17.972244897,593.338,[5] 
17.978049886,594.361,[5] 
17.983854875,595.067,[5] 
17.989659863,534.6
17.995464852,533.939
18.001269841,532.569
18.007074829,531.506
18.012879818,530.841
18.018684807,530.203
18.024489795,529.581
18.030294784,529.038
18.036099773,528.593
18.041904761,528.17
18.047709750,527.692
18.053514739,469.359
18.059319727,470.193
18.065124716,470.983
18.070929705,471.075
18.076734693,470.467
18.082539682,469.56
18.088344671,468.776
18.094149659,462.964
18.099954648,462.964
18.105759637,462.964
18.111564625,462.964
18.117369614,462.964
18.123174603,462.964
18.128979591,441.921
18.134784580,441.228
18.140589569,441.214
18.146394557,441.336
18.152199546,441.444
18.158004535,441.591
18.163809523,441.6
18.169614512,441.667
18.175419501,441.737
18.181224489,398.232
18.187029478,398.064
18.192834467,397.791
18.198639455,397.421
18.204444444,396.567
18.210249433,395.669
18.216054421,395.257
18.221859410,395.106
18.227664399,395.95
18.233469387,396.496
18.239274376,396.719
18.245079365,396.58
18.250884353,397.333
18.256689342,396.772
18.262494331,396.902
18.268299319,397.184
18.274104308,397.443
18.279909297,397.734
18.285714285,397.965
18.291519274,398.136
26.969977324,660.44
26.975782312,660.08
26.981587301,658.852
26.987392290,658.736
26.993197278,659.051
26.999002267,660.331
27.004807256,662.381
27.010612244,663.74
27.016417233,664.633
27.022222222,664.961
27.028027210,665.083
27.033832199,664.971
27.039637188,664.702
27.045442176,664.276
27.051247165,663.158
27.057052154,702.607
27.062857142,702.99
27.068662131,703.106
27.074467120,702.651
27.080272108,702.719
27.086077097,703.316
27.091882086,703.511
27.097687074,703.364
27.103492063,702.738
27.109297052,702.031
27.115102040,702.382
27.120907029,702.912
27.126712018,703.307
27.132517006,703.394
27.138321995,703.633
27.144126984,881.69
27.149931972,882.144
27.155736961,882.696
27.161541950,883.272
27.167346938,883.655
27.173151927,883.743
27.178956916,883.654
27.184761904,884.055
27.190566893,884.779
27.196371882,885.672
27.202176870,901.572
27.207981859,900.541
27.213786848,899.097
27.219591836,897.034
27.225396825,894.644
27.231201814,893.04
27.237006802,893.069
27.242811791,892.577
27.248616780,891.914
27.254421768,890.761
27.260226757,891.026
27.266031746,890.729
27.271836734,890.179
27.277641723,890.169
27.405351473,1414.28
27.411156462,1413.05
27.416961451,1411.26
27.422766439,1408.35
27.428571428,1404.47
27.434376417,1188
27.440181405,1186.84
27.445986394,1185.73
27.451791383,1184.66
27.457596371,1183.55
27.463401360,1182.38
27.469206349,1181.16
27.475011337,1180.41
27.480816326,1178.02
27.620136054,1410.15
27.625941043,1407.83
27.631746031,1405.59
27.637551020,1403.99
27.643356009,1402.79
27.649160997,1401.76
27.654965986,1400.88
27.660770975,1182.91
27.666575963,1183.12
27.672380952,1183.26
27.678185941,1183.25
27.683990929,1182.51
27.689795918,1181.06
27.695600907,1179.01
27.701405895,1179.78
27.800090702,1108.01
27.805895691,1107.38
27.811700680,1106.9
27.817505668,1106.51
27.823310657,1105.94
27.829115646,1105.2
27.834920634,1098.19
27.840725623,1098.19
27.846530612,1412.79
27.852335600,1412.12
27.858140589,1411.64
27.863945578,1411.15
27.869750566,1410.53
27.875555555,1409.93
27.881360544,1409.31
27.997460317,1141.21
28.003265306,1139.37
28.009070294,1136.92
28.014875283,1135.21
28.020680272,1134.2
28.026485260,1133.27
28.032290249,1132.3
28.038095238,1131.26
28.043900226,1130.05
28.049705215,1128.54
28.055510204,1126.23
28.061315192,1119.73
28.067120181,1431.96
28.072925170,1431.96
28.078730158,1431.96
28.084535147,1431.96
28.212244897,1066.35
28.218049886,1065.52
28.223854875,1064.78
28.229659863,1064.02
28.235464852,1063.23
28.241269841,1062.92
28.247074829,1062.62
28.252879818,1062.93
28.258684807,1063.4
28.264489795,1061.54
28.270294784,1056.42
28.276099773,1057.98
28.281904761,1410.9
28.287709750,1410.52
28.293514739,1410.16
28.299319727,1410.08
28.305124716,1409.91
28.310929705,1409.65
28.316734693,1409.36
28.322539682,1409.13
28.328344671,1408.92
28.334149659,1407.68
28.339954648,1405.79
28.345759637,1401.84
28.438639455,1060.06
28.444444444,1059.51
28.450249433,1059.18
28.456054421,1059.51
28.461859410,1060.53
28.467664399,1057.47
28.473469387,1056.61
28.479274376,1442.03
28.485079365,1440.12
28.490884353,1439.18
28.496689342,1438.5
28.502494331,1438.07
28.508299319,1437.93
28.514104308,1437.88
28.519909297,1425.08
28.676643990,990.527
28.682448979,990.527
28.688253968,990.527
28.694058956,990.527
28.699863945,990.527
28.705668934,1423.49
28.711473922,1413.08
28.717278911,1411.54
28.723083900,1410.76
28.728888888,1410.31
28.734693877,1410.11
28.740498866,1410.17
28.746303854,1411.47
28.752108843,1404.31
28.757913832,1399.98
28.839183673,1478.15
28.844988662,1478.4
28.850793650,1478.51
28.856598639,1478.51
28.862403628,1478.38
28.868208616,1478.15
28.874013605,988.518
28.879818594,988.793
28.885623582,988.509
28.891428571,987.769
28.897233560,986.987
28.903038548,986.844
28.908843537,986.945
28.914648526,987.747
28.920453514,1430.03
28.926258503,1429.33
28.932063492,1428.8
28.937868480,1428.37
28.943673469,1427.94
28.949478458,1414.77
28.955283446,1413.8
28.961088435,1413.11
28.966893424,1417.52
28.972698412,1416.37
28.978503401,1413.39
28.984308390,1406.22
29.082993197,937.006
29.088798185,936.048
29.094603174,935.211
29.100408163,934.468
29.106213151,933.546
29.112018140,932.174
29.117823129,930.744
29.123628117,929.731
29.129433106,928.222
29.135238095,926.485
29.141043083,924.087
29.146848072,1411.14
29.152653061,1410.01
29.158458049,1409.17
29.164263038,1408.63
29.170068027,1408.38
29.175873015,1408.4
29.181678004,1408.89
29.187482993,1409.36
29.286167800,944.764
29.291972789,945.482
29.297777777,944.661
29.303582766,942.727
29.309387755,941.212
29.315192743,940.089
29.320997732,939.273
29.326802721,938.543
29.332607709,937.92
29.338412698,937.753
29.344217687,938.519
29.350022675,940.76
29.355827664,1417.09
29.361632653,1417.44
29.367437641,1417.05
29.373242630,1413.56
29.379047619,1408.91
29.384852607,1404.14
29.390657596,1402.89
29.396462585,1401.88
29.402267573,1401.42
29.408072562,1401.13
29.413877551,1401.01
29.506757369,880.768
29.512562358,880.665
29.518367346,880.396
29.524172335,880.059
29.529977324,879.626
29.535782312,879.073
29.541587301,878.272
29.547392290,877.396
29.553197278,876.803
29.559002267,1421.13
29.564807256,1419.7
29.570612244,1417.83
29.576417233,1416.59
29.582222222,1415.71
29.588027210,1415.17
29.593832199,1414.44
29.599637188,1413.53
29.605442176,1412.38
29.611247165,1410.88
29.617052154,1409.09
29.622857142,1407.81
29.628662131,1407.13
29.733151927,1000.52
29.738956916,1000.46
29.744761904,1000.33
29.750566893,1000.13
29.756371882,999.696
29.762176870,999.836
29.767981859,1000.39
29.773786848,1001.11
29.779591836,1002.32
29.785396825,1002.04
29.791201814,1354.26
29.797006802,1352.36
29.802811791,1350.1
29.808616780,1347.28
29.814421768,1344.86
29.820226757,1343.13
29.826031746,1341.67
29.988571428,1001.51
29.994376417,1001.66
30.000181405,1001.62
30.005986394,1001.52
30.011791383,1001.37
30.017596371,1001.45
30.023401360,1000.38
30.029206349,998.975
30.035011337,1333.43
30.040816326,1331.9
30.278820861,1002.83
30.284625850,1003.37
30.290430839,1004.04
30.296235827,1004.35
30.302040816,1003.97
30.307845804,1005.27
30.313650793,1007.47
30.319455782,1008.98
30.325260770,1009.66
30.331065759,1008.88
30.336870748,1010.02
30.342675736,1008.83
30.348480725,1004.95
30.354285714,1002.82
30.360090702,1001.89
30.365895691,1001.16
30.371700680,1000.67
30.377505668,1000.68
30.383310657,1001.28
30.389115646,788.002
30.394920634,786.929
30.400725623,787.101
30.406530612,787.719
30.412335600,788.551
30.418140589,789.81
30.423945578,792.166
30.429750566,795.056
30.435555555,795.447
30.441360544,892.642
30.447165532,893.933
30.452970521,891.673
30.458775510,890.352
30.464580498,889.144
30.470385487,888.41
30.476190476,888.228
30.481995464,887.348
30.487800453,886.368
30.493605442,885.716
30.499410430,885.986
30.505215419,885.981
30.511020408,885.912
30.516825396,945.059
30.522630385,946.18
30.528435374,947.297
30.534240362,948.756
30.540045351,951.297
30.545850340,954.34
30.551655328,955.169
30.557460317,955.814
30.563265306,955.519
30.569070294,955.267
30.574875283,955.499
30.580680272,1076.77
30.586485260,1076.5
30.592290249,1076.39
30.598095238,1076.93
30.603900226,1077.39
30.609705215,1078.15
30.615510204,1079.37
30.621315192,1207.35
30.627120181,1206.23
30.632925170,1205.62
30.638730158,1205.32
30.644535147,1205.04
30.650340136,1205
30.656145124,1206.14
30.661950113,1207.29
30.667755102,1208.14
30.673560090,1208.17
30.679365079,1207.1
30.685170068,1202.37
30.690975056,1196.3
30.696780045,1197.26
30.702585034,1202.54
30.708390022,1204.28
30.888344671,957.243
30.894149659,955.997
30.899954648,955.111
30.905759637,954.431
30.911564625,1570.05
30.917369614,1568.34
30.923174603,1564.91
30.928979591,1562.35
30.934784580,1561.24
30.940589569,1561.34
30.946394557,1561.94
30.952199546,1561.81
30.958004535,1561.66
30.963809523,1562.09
30.969614512,1562.81
30.975419501,1560.83
30.981224489,1583.85
30.987029478,1583.38
30.992834467,1581
30.998639455,1563.27
31.097324263,1614.99
31.103129251,1614.99
31.108934240,1609.44
31.114739229,1607.09
31.120544217,1605.05
31.126349206,1603.13
31.132154195,1601.2
31.137959183,1601.34
31.143764172,1601.31
31.149569160,1601.84
31.155374149,1603.79
31.161179138,1614.99
31.166984126,1614.99
31.172789115,1614.99
31.178594104,1609.36
31.184399092,1607.26
31.190204081,1607.36
31.196009070,1614.99
31.201814058,1614.99
31.207619047,1614.99
31.213424036,1614.99
31.219229024,1595.95
31.225034013,1595.22
31.230839002,1595.91
31.323718820,1504.99
31.329523809,1503.72
31.335328798,1502.62
31.341133786,1501.63
31.346938775,1500.34
31.352743764,1498.89
31.358548752,1497.1
31.364353741,1493.99
31.370158730,1491.77
31.375963718,1494.91
31.381768707,1496.13
31.387573696,1496.14
31.393378684,1495.51
31.399183673,1493.45
31.404988662,1492.45
31.410793650,1492.75
31.416598639,1494.37
31.521088435,1499.03
31.526893424,1498.13
31.532698412,1497.32
31.538503401,1496.62
31.544308390,1496.05
31.550113378,1495.65
31.555918367,1495.42
31.561723356,1495.29
31.567528344,1495.19
31.573333333,1495.66
31.579138321,1496.35
31.584943310,1496.47
31.590748299,1497.09
31.596553287,1496.25
31.602358276,1496.74
31.608163265,1497.3
31.730068027,1405.8
31.735873015,1404.84
31.741678004,1404.3
31.747482993,1403.44
31.753287981,1402.07
31.759092970,1400.47
31.764897959,1400.45
31.770702947,1399.9
31.776507936,1399.11
31.782312925,1397.97
31.788117913,1396.74
31.793922902,1396.04
31.799727891,1395.91
31.805532879,1396.74
31.910022675,1399.39
31.915827664,1415.82
31.921632653,1414.79
31.927437641,1413.72
31.933242630,1413.25
31.939047619,1412.91
31.944852607,1412.6
31.950657596,1412.25
31.956462585,1411.83
31.962267573,1411.28
31.968072562,1900.71
31.973877551,1900.45
31.979682539,1897.34
31.985487528,1895.53
31.991292517,1894.17
31.997097505,1892.63
32.002902494,1890.96
32.008707482,1889.45
32.014512471,1889.01
32.020317460,1888.31
32.026122448,1886.88
32.031927437,1885.57
32.037732426,1883.27
32.043537414,1882.28
32.049342403,1882.02
32.113197278,1351.8
32.119002267,1339.26
32.124807256,1337.06
32.130612244,1336.69
32.136417233,1336.79
32.142222222,1336.56
32.148027210,1336.22
32.153832199,1335.77
32.159637188,1335.21
32.165442176,1334.52
32.171247165,1333.63
32.177052154,1332.37
32.182857142,1330.8
32.188662131,1330.01
32.194467120,1891.49
32.200272108,1891.47
32.206077097,1891.94
32.211882086,1893
32.217687074,1892.32
32.223492063,1892.23
32.229297052,1893.83
32.235102040,1896.15
32.240907029,1886.68
32.246712018,1884.58
32.252517006,1883.54
32.258321995,1883.23
32.264126984,1882.95
32.269931972,1883.23
32.275736961,1883.3
32.281541950,1882.78
32.287346938,1883.4
32.322176870,1334.38
32.327981859,1334.34
32.333786848,1333.35
32.339591836,1332.37
32.345396825,1331.21
32.351201814,1329.96
32.357006802,1329.14
32.362811791,1328.47
32.368616780,1327.89
32.374421768,1920.16
32.380226757,1919.45
32.386031746,1918.13
32.391836734,1916.02
32.397641723,1913.24
32.403446712,1910.86
32.409251700,1911.63
32.415056689,1912.37
32.420861678,1912.62
32.426666666,1912.4
32.432471655,1910.38
32.438276643,1904.77
32.444081632,1912.29
32.449886621,1907.21
32.455691609,1907.48
32.461496598,1908.02
32.467301587,1908.41
32.473106575,1907.54
32.478911564,1900.24
32.484716553,1898.85
32.565986394,1259.69
32.571791383,1259.69
32.577596371,1259.69
32.583401360,1259.69
32.589206349,1259.69
32.595011337,1259.69
32.600816326,1259.69
32.606621315,1259.69
32.612426303,1253.12
32.618231292,1250.89
32.624036281,1250.72
32.629841269,1251.61
32.635646258,1251.89
32.641451247,1884.48
32.647256235,1882.33
32.653061224,1881.34
32.658866213,1881.07
32.664671201,1881.03
32.670476190,1906.65
32.676281179,1906.36
32.682086167,1880.16
32.687891156,1877.31
32.693696145,1878.74
32.699501133,1882.48
32.705306122,1883.1
32.711111111,1882.75
32.716916099,1882.58
32.722721088,1884.69
32.728526077,1888.5
32.792380952,1272.05
32.798185941,1270.93
32.803990929,1269.51
32.809795918,1267.92
32.815600907,1266.02
32.821405895,1263.66
32.827210884,1261.95
32.833015873,1261.58
32.838820861,1261.43
32.844625850,1260.89
32.850430839,1260.48
32.856235827,1260.74
32.862040816,1260.96
32.867845804,1892.27
32.873650793,1893.51
32.879455782,1894.67
32.885260770,1894.15
32.891065759,1888.83
32.896870748,1883.25
32.902675736,1885.37
32.908480725,1883.99
32.914285714,1884.11
32.920090702,1883.77
32.925895691,1882.95
32.931700680,1892.43
32.937505668,1886.02
32.943310657,1882.88
32.983945578,1195.09
32.989750566,1173.56
32.995555555,1173.56
33.001360544,1173.56
33.007165532,1173.56
33.012970521,1173.56
33.018775510,1173.56
33.024580498,1173.56
33.030385487,1173.56
33.036190476,1173.56
33.041995464,1173.56
33.047800453,1173.56
33.053605442,1173.56
33.059410430,1173.56
33.065215419,1173.56
33.071020408,1173.56
33.076825396,1173.56
33.082630385,1173.56
33.088435374,1872.95
33.094240362,1872.49
33.100045351,1873.34
33.105850340,1876.15
33.111655328,1880.56
33.117460317,1882.68
33.123265306,1880.84
33.129070294,1876.59
33.134875283,1875.14
33.140680272,1874.72
33.146485260,1874.53
33.152290249,1874.33
33.158095238,1873.89
33.163900226,1874.07
33.169705215,1874.63
33.175510204,1874.95
33.221950113,1359.97
33.227755102,1359.52
33.233560090,1359.22
33.239365079,1366.35
33.245170068,1353.66
33.250975056,1352.78
33.256780045,1351.71
33.262585034,1350.76
33.268390022,1349.76
33.274195011,1348.45
33.280000000,1346.94
33.285804988,1796.37
33.291609977,1794.66
33.297414965,1792.32
33.303219954,1790.45
33.309024943,1789.78
33.314829931,1789.44
33.430929705,1344.58
33.436734693,1342.49
33.442539682,1335.06
33.448344671,1335.06
33.454149659,1335.06
33.459954648,1335.06
33.465759637,1335.06
33.471564625,1335.06
33.477369614,1335.06
33.483174603,1335.06
33.488979591,1335.06
33.494784580,1819.56
33.500589569,1819.56
33.506394557,1812.68
33.512199546,1809.09
33.518004535,1802.8
33.523809523,1799.23
33.529614512,1798.11
33.535419501,1796.84
33.616689342,1352.41
33.622494331,1353.56
33.628299319,1354.49
33.634104308,1355.27
33.639909297,1355.9
33.645714285,1356.25
33.651519274,1356.25
33.657324263,1355.93
33.663129251,1355.32
33.668934240,1354.57
33.674739229,1804.03
33.680544217,1803.69
33.686349206,1803.1
33.692154195,1802.72
33.697959183,1802.84
33.703764172,1363.23
34.098503401,1201.16
34.104308390,1202.69
34.110113378,1187.3
34.115918367,1185.7
34.121723356,1186.98
34.127528344,1202.09
34.133333333,1199.85
34.139138321,1197.93
34.144943310,1196.57
34.150748299,1353.58
34.156553287,1354.67
34.162358276,1355.18
34.168163265,1355.65
34.173968253,1356.39
34.179773242,1357.15
34.185578231,1358.16
34.191383219,1360.46
34.197188208,1365.27
34.202993197,1363.3
34.208798185,1361.97
34.214603174,1360.28
34.220408163,1450.45
34.226213151,1451
34.232018140,1451.4
34.237823129,1451.78
34.243628117,1452.24
34.249433106,1452.79
34.255238095,1453.21
34.261043083,1453.45
34.266848072,1453.79
34.272653061,1453.8
34.278458049,1614.99
34.284263038,1614.99
34.290068027,1614.99
34.295873015,1621.8
34.301678004,1623.78
34.522267573,1631.98
34.528072562,1632.75
34.533877551,1633.2
34.539682539,1633.52
34.545487528,1633.86
34.551292517,1634.69
34.557097505,1634.03
34.562902494,1632.76
34.568707482,1632.06
34.574512471,1631.89
34.580317460,1632.09
34.586122448,1444.3
34.591927437,1443.14
34.597732426,1442.77
34.603537414,1442.99
34.609342403,1442.6
34.615147392,1441.61
34.620952380,1439.93
34.626757369,1438.14
34.632562358,1433.8
34.638367346,1431.17
34.644172335,1429.7
34.649977324,1428.86
34.655782312,1428.57
34.661587301,1427.46
34.667392290,1334.2
34.673197278,1335.3
34.679002267,1350.22
34.684807256,1345.25
34.690612244,1343.7
34.696417233,1342.75
34.702222222,1339.74
34.708027210,1335.64
34.713832199,1334.83
34.719637188,1188.97
34.725442176,1187.53
34.731247165,1186.69
34.737052154,1186.47
34.742857142,1185.66
34.748662131,1184.13
34.754467120,1182.49
34.760272108,1182.06
34.766077097,1181.49
34.771882086,1180.84
34.777687074,1179.69
34.783492063,1178.05
34.789297052,1177.22
34.795102040,1051.77
34.800907029,1050.6
34.806712018,1048.85
34.812517006,1047.79
34.818321995,1047.31
34.824126984,1063.69
34.829931972,1065.85
34.835736961,1068.03
34.841541950,1069.46
34.847346938,1075.01
34.853151927,1078.16
34.963446712,956.744
34.969251700,955.458
34.975056689,955.498
34.980861678,955.664
34.986666666,955.217
34.992471655,954.777
34.998276643,954.495
35.004081632,954.44
35.009886621,954.601
35.015691609,954.913
35.021496598,955.33
35.027301587,955.844
35.033106575,1073.91
35.038911564,1071.34
35.044716553,1067.03
35.050521541,1065.94
35.056326530,1065.22
35.062131519,1064.43
35.067936507,1063.48
35.073741496,1062.99
35.079546485,1063.33
35.085351473,1201.18
35.091156462,1199.77
35.096961451,1198.65
35.102766439,1197.75
35.108571428,1197.03
35.114376417,1196.45
35.120181405,1195.93
35.125986394,1195.37
35.131791383,1195
35.137596371,1195.24
35.143401360,1196.02
35.149206349,1195.31
35.155011337,1193.63
35.178231292,1403.17
35.184036281,1404.43
35.189841269,1406.85
35.195646258,1409.61
35.201451247,1410.95
35.207256235,1411.85
35.213061224,1412.33
35.218866213,1412.52
35.224671201,1412.64
35.230476190,1412.6
35.236281179,1412.27
35.242086167,1411.87
35.247891156,1411.46
35.410430839,1368.16
35.416235827,1339.09
35.422040816,1338.81
35.427845804,1338.52
35.433650793,1338.04
35.439455782,1337.48
35.445260770,1337.02
35.451065759,1336.64
35.456870748,1336.36
35.462675736,1336.44
35.468480725,1335.9
35.474285714,1334.32
35.480090702,1334.92
35.485895691,1335.31
35.491700680,1216.63
35.497505668,1211.14
35.503310657,1209.68
35.509115646,1186.2
35.514920634,1185.99
35.520725623,1186.03
35.526530612,1186.23
35.532335600,1186.2
35.538140589,1186.04
35.543945578,1076.68
35.549750566,1075.49
35.555555555,1074.27
35.561360544,1073.1
35.567165532,1071.76
35.572970521,1068.78
35.578775510,1066.37
35.584580498,948.023
35.590385487,947.53
35.596190476,946.787
35.601995464,945.883
35.607800453,945.674
35.613605442,944.939
35.619410430,942.491
35.625215419,893.022
35.631020408,892.147
35.636825396,891.142
35.642630385,889.761
35.648435374,888.132
35.654240362,886.652
35.660045351,886.434
35.665850340,885.5
35.671655328,885.183
35.874829931,799.637
35.880634920,799.116
35.886439909,798.987
35.892244897,799.357
35.898049886,799.579
35.903854875,799.471
35.909659863,799.16
35.915464852,799.066
35.921269841,799.278
35.927074829,800.078
35.932879818,802.862
35.938684807,899.872
35.944489795,902.16
35.950294784,901.678
35.956099773,899.997
35.961904761,899.719
35.967709750,901.044
35.973514739,897.31
35.979319727,895.891
35.985124716,965.239
35.990929705,965.737
35.996734693,965.987
36.002539682,966.115
36.008344671,966.241
36.014149659,966.158
36.019954648,965.446
36.025759637,1081.57
36.031564625,1080.96
36.037369614,1080.67
36.043174603,1080.58
36.048979591,1080.64
36.054784580,1080.83
36.083809523,1195.09
36.089614512,1195.09
36.095419501,1195.09
36.101224489,1195.09
36.107029478,1195.09
36.112834467,1195.09
36.118639455,1195.09
36.124444444,1195.09
36.130249433,1195.09
36.136054421,1195.09
36.141859410,1195.09
36.147664399,1197.65
36.286984126,1077.2
36.292789115,1076.99
36.298594104,1076.58
36.304399092,1075.97
36.310204081,1075.26
36.316009070,1073.25
36.321814058,958.691
36.327619047,957.393
36.333424036,955.757
36.339229024,953.886
36.345034013,951.466
36.350839002,949.694
36.356643990,948.743
36.362448979,948.08
36.368253968,947.312
36.374058956,894.425
36.379863945,894.513
36.385668934,894.7
36.391473922,894.691
36.397278911,894.454
36.403083900,894.227
36.408888888,892.946
36.414693877,891.068
36.420498866,890.25
36.426303854,890.477
36.432108843,890.679
36.437913832,890.858
36.443718820,891.149
36.449523809,891.419
36.455328798,890.462
36.461133786,795.46
36.466938775,795.437
36.472743764,795.422
36.478548752,795.279
36.484353741,795.069
36.490158730,794.698
36.495963718,794.173
36.501768707,793.562
36.507573696,704.244
36.513378684,703.363
36.519183673,701.641
36.524988662,702.139
36.530793650,702.918
36.536598639,703.615
36.704943310,1788.7
36.710748299,1786.77
36.716553287,1785.94
36.722358276,1785.58
36.728163265,1785.3
36.733968253,1785.04
36.739773242,1784.83
36.745578231,1784.78
36.751383219,1785.92
36.757188208,1334.65
36.762993197,1332.98
36.768798185,1331.87
36.774603174,1331.66
36.780408163,1331.41
36.786213151,1331.1
36.792018140,1329.76
36.797823129,1326.38
36.803628117,1325.09
36.809433106,1324.41
36.815238095,1305.15
36.821043083,1303.59
36.826848072,1303.96
36.948752834,1826.02
36.954557823,1825.64
36.960362811,1824.38
36.966167800,1822.97
36.971972789,1821.55
36.977777777,1820.16
36.983582766,1819.49
36.989387755,1819.58
36.995192743,1819.52
37.076462585,1775.58
37.082267573,1776.67
37.088072562,1777.53
37.093877551,1777.97
37.099682539,1777.71
37.105487528,1777
37.111292517,1776.33
37.117097505,1775.66
37.122902494,1775.02
37.128707482,1774.2
37.134512471,1770.75
37.140317460,1760.84
37.146122448,1340.98
37.151927437,1343.55
37.157732426,1343.95
37.163537414,1343.9
37.169342403,1343.63
37.175147392,1343.05
37.180952380,1342.18
37.186757369,1341
37.192562358,1339.22
37.198367346,1337.53
37.204172335,1333.36
37.209977324,1333.24
37.215782312,1333.58
37.221587301,1333.9
37.227392290,1334.04
37.233197278,1333.57
37.239002267,1337.19
37.569886621,958.228
37.575691609,966.561
37.581496598,967.877
37.587301587,967.917
37.593106575,968.063
37.598911564,968.188
37.604716553,968.216
37.610521541,1069.93
37.616326530,1069.97
37.622131519,1070.47
37.627936507,1071
37.633741496,1071.31
37.639546485,1071.33
37.645351473,1071.09
37.651156462,1070.18
37.656961451,1071.44
37.662766439,1074.47
37.668571428,1076.09
37.674376417,1074.54
37.680181405,1073.35
37.685986394,1204.72
37.691791383,1205.14
37.697596371,1205.12
37.703401360,1204.97
37.709206349,1204.52
37.715011337,1203.71
37.720816326,1203.78
37.726621315,1203.95
37.749841269,1363.26
37.755646258,1366.36
37.761451247,1346.57
37.767256235,1345.97
37.773061224,1344.79
37.778866213,1366.3
37.784671201,1364.97
37.790476190,1327.88
37.796281179,1324.62
37.802086167,1321.11
37.807891156,1317.72
37.813696145,1314.91
37.819501133,1423.64
37.825306122,1423.43
37.831111111,1422.89
37.836916099,1422.37
37.842721088,1422.05
37.848526077,1421.43
38.028480725,1339.52
38.034285714,1338.31
38.040090702,1337.42
38.045895691,1336.78
38.051700680,1337.15
38.057505668,1337.67
38.063310657,1337.97
38.069115646,1337.99
38.074920634,1337.54
38.080725623,1193.05
38.086530612,1192.17
38.092335600,1191.44
38.098140589,1191
38.103945578,1190.21
38.109750566,1188.63
38.115555555,1188.32
38.121360544,1188.69
38.127165532,1188.62
38.132970521,1188.33
38.138775510,1187.8
38.144580498,1187.57
38.150385487,1066.88
38.156190476,1067.42
38.161995464,1067.89
38.167800453,1068.37
38.173605442,1068.6
38.179410430,1068.26
38.185215419,1067.98
38.191020408,1067.66
38.196825396,1067.09
38.202630385,903.939
38.208435374,903.584
38.214240362,902.882
38.220045351,902.178
38.225850340,901.368
38.231655328,900.37
38.237460317,898.949
38.243265306,897.416
38.249070294,896.658
38.254875283,895.706
38.260680272,894.702
38.266485260,893.435
38.272290249,892.469
38.278095238,891.975
38.283900226,890.321
38.452244897,799.342
38.458049886,797.906
38.463854875,795.125
38.469659863,793.872
38.475464852,794.178
38.481269841,795.126
38.487074829,796.349
38.492879818,797.524
38.498684807,798.753
38.504489795,800.178
38.510294784,802.082
38.516099773,890.776
38.521904761,891.613
38.527709750,892.084
38.533514739,892.349
38.539319727,892.491
38.545124716,892.625
38.550929705,892.794
38.556734693,893.05
38.562539682,893.539
38.568344671,936.694
38.574149659,943.182
38.579954648,944.201
38.585759637,945.04
38.591564625,945.901
38.597369614,947.179
38.603174603,949.393
38.608979591,968.994
38.614784580,968.994
38.620589569,1077.17
38.626394557,1076.9
38.632199546,1076.47
38.638004535,1075.6
38.643809523,1074.32
38.649614512,1072.09
38.655419501,1069.55
38.661224489,1068.97
38.667029478,1069.39
38.672834467,1207.31
38.678639455,1207.49
38.684444444,1206.56
38.690249433,1205.79
38.696054421,1205.12
38.701859410,1204.42
38.707664399,1203.68
38.713469387,1202.88
38.922448979,1075.81
38.928253968,1075.93
38.934058956,1076.18
38.939863945,1075.53
38.945668934,1074.91
38.951473922,1075.13
38.957278911,1075.26
38.963083900,958.014
38.968888888,957.676
38.974693877,957.373
38.980498866,957.081
38.986303854,956.866
38.992108843,895.586
38.997913832,895.345
39.003718820,894.771
39.009523809,894.541
39.015328798,894.256
39.021133786,893.342
39.026938775,892.576
39.032743764,892.032
39.038548752,891.302
39.044353741,890.245
39.050158730,889.502
39.055963718,888.602
39.061768707,885.921
39.067573696,798.348
39.073378684,796.309
39.079183673,794.59
39.084988662,793.247
39.090793650,792.358
39.096598639,711.011
39.102403628,710.706
39.108208616,709.982
39.114013605,709.401
39.119818594,710.38
39.125623582,709.518
39.131428571,708.552
39.137233560,707.709
39.143038548,705.469
39.148843537,703.401
39.154648526,702.858
39.160453514,702.875
39.381043083,628.256
39.386848072,628.334
39.392653061,628.199
39.398458049,627.989
39.404263038,627.651
39.410068027,627.171
39.415873015,706.324
39.421678004,706.479
39.427482993,706.82
39.433287981,707.145
39.439092970,707.39
39.444897959,707.629
39.450702947,708.065
39.456507936,708.234
39.462312925,708.576
39.468117913,709.323
39.473922902,709.882
39.479727891,796.729
39.485532879,796.729
39.491337868,796.729
39.497142857,796.729
39.502947845,796.729
39.508752834,796.729
39.514557823,796.729
39.520362811,796.729
39.526167800,796.729
39.531972789,796.729
39.537777777,791.155
39.543582766,790.672
39.549387755,893.847
39.555192743,894.239
39.560997732,894.545
39.566802721,894.082
39.572607709,893.173
39.578412698,892.228
39.584217687,891.569
39.590022675,891.065
39.595827664,937.461
39.601632653,936.694
39.607437641,936.694
39.613242630,936.694
39.619047619,936.694
39.624852607,936.694
39.630657596,936.694
39.636462585,936.694
39.642267573,936.694
39.648072562,936.694
39.653877551,936.694
39.659682539,936.694
39.665487528,936.694
39.758367346,891.725
39.764172335,886.491
39.769977324,886.385
39.775782312,885.353
39.781587301,884.299
39.787392290,883.198
39.793197278,883.238
39.799002267,883.86
39.804807256,884.178
39.810612244,884.288
39.816417233,884.654
39.822222222,793.541
39.828027210,792.868
39.833832199,792.272
39.839637188,791.951
39.845442176,791.486
39.851247165,790.736
39.857052154,789.634
39.862857142,710.639
39.868662131,710.68
39.874467120,710.181
39.880272108,709.024
39.886077097,707.759
39.891882086,706.459
39.897687074,705.261
39.903492063,704.337
39.909297052,703.384
39.915102040,702.388
39.920907029,701.56
39.926712018,701.265
39.932517006,701.155
39.938321995,701.157
39.944126984,701.736
39.949931972,702.675
39.955736961,703.616
39.961541950,601.185
39.967346938,599.325
39.973151927,596.881
39.978956916,595.591
39.984761904,594.537
39.990566893,593.718
39.996371882,592.973
40.002176870,591.826
40.007981859,590.809
40.013786848,590.41
40.019591836,590.299
40.025396825,590.76
40.031201814,591.432
40.037006802,590.955
40.042811791,589.369
40.216961451,1349.3
40.222766439,1348.28
40.228571428,1346.93
40.234376417,891.76
40.240181405,891.632
40.245986394,891.874
40.251791383,892.459
40.257596371,891.132
40.263401360,889.778
40.269206349,888.052
40.437551020,1336.72
40.443356009,1354.35
40.449160997,1355.26
40.454965986,1355.39
40.460770975,1355.09
40.466575963,1354.28
40.472380952,1353.12
40.478185941,882.542
40.483990929,881.891
40.489795918,881.414
40.495600907,880.589
40.501405895,879.349
40.507210884,877.364
40.513015873,876.036
40.518820861,875.153
40.524625850,874.59
40.530430839,874.516
40.536235827,874.63
40.565260770,880.436
41.203809523,658.354
41.209614512,657.891
41.215419501,657.379
41.221224489,657.18
41.227029478,657.192
41.232834467,657.239
41.238639455,657.406
41.244444444,657.68
41.250249433,658.125
41.256054421,659.07
41.261859410,659.306
41.267664399,698.198
41.273469387,698.598
41.279274376,699.206
41.285079365,699.89
41.290884353,700.092
41.296689342,700.061
41.302494331,700.258
41.308299319,700.738
41.314104308,784.35
41.319909297,784.71
41.325714285,785.706
41.331519274,786.595
41.337324263,787.152
41.343129251,787.419
41.348934240,787.705
41.366349206,883.065
41.372154195,882.921
41.377959183,882.48
41.383764172,882.321
41.389569160,882.493
41.604353741,795.473
41.610158730,795.128
41.615963718,794.974
41.621768707,794.885
41.627573696,794.281
41.633378684,710.149
41.639183673,710.353
41.644988662,710.364
41.650793650,710.427
41.656598639,710.345
41.662403628,709.503
41.668208616,708.023
41.674013605,706.068
41.679818594,704.501
41.685623582,703.752
41.691428571,703.307
41.697233560,702.982
41.703038548,702.727
41.708843537,702.284
41.714648526,701.203
41.720453514,666.482
41.726258503,665.829
41.732063492,665.68
41.737868480,594.587
41.743673469,594.614
41.749478458,594.694
41.755283446,594.331
41.761088435,593.841
41.766893424,593.104
41.772698412,592.693
41.778503401,592.586
41.784308390,592.893
41.790113378,592.564
41.795918367,530.684
41.801723356,530.928
41.807528344,531.044
41.813333333,531.019
41.819138321,530.784
41.824943310,530.393
41.830748299,529.689
41.836553287,528.833
41.842358276,528.169
41.848163265,527.628
41.853968253,527.15
41.859773242,526.689
41.865578231,526.297
41.871383219,525.992
41.877188208,525.211
42.010702947,473.687
42.016507936,473.574
42.022312925,473.63
42.028117913,474.09
42.033922902,474.513
42.039727891,474.529
42.045532879,474.346
42.051337868,474.361
42.057142857,474.311
42.062947845,526.053
42.068752834,526.478
42.074557823,526.852
42.080362811,527.251
42.086167800,527.536
42.091972789,527.261
42.097777777,526.282
42.103582766,525.751
42.109387755,525.742
42.115192743,525.438
42.120997732,525.846
42.126802721,526.095
42.132607709,526.534
42.138412698,526.985
42.144217687,595.285
42.150022675,594.023
42.155827664,593.409
42.161632653,593.057
42.167437641,592.836
42.173242630,592.701
42.179047619,592.633
42.184852607,592.724
42.190657596,592.491
42.196462585,592.12
42.202267573,592.258
42.208072562,655.77
42.213877551,658.403
42.219682539,663.509
42.225487528,664.802
42.231292517,665.582
42.237097505,666.107
42.242902494,666.368
42.248707482,665.881
42.254512471,665.542
42.260317460,700.555
42.266122448,700.163
42.271927437,699.571
42.277732426,699.254
42.283537414,699.025
42.289342403,698.848
42.295147392,699.359
42.300952380,699.362
42.306757369,699.036
42.486712018,659.072
42.492517006,659.353
42.498321995,658.581
42.504126984,658.294
42.509931972,658.909
42.515736961,592.693
42.521541950,592.74
42.527346938,592.819
42.533151927,592.417
42.538956916,591.942
42.544761904,591.654
42.550566893,591.538
42.556371882,591.594
42.562176870,591.89
42.567981859,592.178
42.573786848,591.701
42.579591836,526.613
42.585396825,526.957
42.591201814,527.467
42.597006802,527.494
42.602811791,527.294
42.608616780,526.911
42.614421768,526.395
42.620226757,525.996
42.626031746,525.673
42.631836734,525.32
42.637641723,524.948
42.643446712,524.893
42.678276643,443.255
42.684081632,443.73
42.689886621,443.993
42.695691609,443.927
42.701496598,443.755
42.707301587,443.35
42.713106575,443.317
42.718911564,443.208
42.724716553,442.988
42.730521541,442.764
42.736326530,442.035
42.742131519,442.153
42.904671201,397.598
42.910476190,397.207
42.916281179,397.127
42.922086167,398.031
42.927891156,398.772
42.933696145,398.708
42.939501133,398.822
42.945306122,398.985
42.951111111,399.189
42.956916099,438.661
42.962721088,439.265
42.968526077,439.883
42.974331065,440.164
42.980136054,440.186
42.985941043,440.596
42.991746031,441.311
42.997551020,442.106
43.003356009,442.551
43.009160997,442.825
43.014965986,443.14
43.020770975,443.387
43.026575963,443.603
43.032380952,443.847
43.038185941,527.092
43.043990929,527.058
43.049795918,527.19
43.055600907,527.244
43.061405895,526.857
43.067210884,526.6
43.073015873,526.78
43.078820861,526.332
43.084625850,525.643
43.090430839,525.761
43.096235827,525.583
43.102040816,525.251
43.107845804,524.862
43.113650793,525.338
43.136870748,592.989
43.142675736,592.326
43.148480725,591.693
43.154285714,591.47
43.160090702,591.351
43.165895691,591.188
43.171700680,590.993
43.177505668,590.896
43.183310657,591.15
43.316825396,528.372
43.322630385,528.193
43.328435374,528.254
43.334240362,528.38
43.340045351,528.071
43.345850340,527.811
43.351655328,527.41
43.357460317,526.656
43.363265306,526.07
43.369070294,525.595
43.374875283,473.451
43.380680272,472.824
43.386485260,471.934
43.392290249,470.814
43.398095238,469.554
43.403900226,468.527
43.409705215,445.419
43.415510204,444.77
43.421315192,444.1
43.427120181,443.755
43.432925170,443.43
43.438730158,442.948
43.444535147,441.777
43.450340136,442.034
43.456145124,441.633
43.461950113,441.207
43.467755102,440.84
43.473560090,440.555
43.479365079,440.479
43.485170068,398.226
43.490975056,395.422
43.496780045,391.038
43.502585034,391.773
43.508390022,391.2
43.514195011,390.393
43.520000000,390.115
43.525804988,391.412
43.531609977,353.151
43.537414965,352.616
43.543219954,353.085
43.549024943,353.208
43.554829931,352.879
43.560634920,353.089
43.566439909,353.047
43.572244897,353.266
43.578049886,353.295
43.583854875,352.209
43.589659863,350.957
43.595464852,350.12
43.601269841,350.292
43.607074829,351.103
43.612879818,351.798
43.618684807,352.411
43.624489795,352.613
43.630294784,352.308
43.636099773,352.676
43.641904761,352.736
43.647709750,352.934
43.653514739,353.091
44.692607709,527.355
44.698412698,526.362
44.704217687,525.712
44.710022675,525.405
44.715827664,524.544
44.721632653,523.249
44.727437641,519.4
44.733242630,592.164
44.739047619,592.15
44.744852607,592.058
44.750657596,591.686
44.756462585,591.894
44.762267573,591.928
44.768072562,591.819
44.773877551,591.493
44.779682539,591.081
44.785487528,656.283
44.791292517,656.943
44.797097505,657.461
44.802902494,657.799
44.808707482,657.427
44.814512471,657.167
44.820317460,656.999
44.826122448,656.989
44.831927437,657.118
44.837732426,657.258
44.843537414,657.294
44.849342403,657.068
44.855147392,657.008
44.860952380,697.204
44.866757369,698.338
44.872562358,698.199
44.878367346,698.204
44.884172335,698.399
44.889977324,698.676
44.895782312,698.875
44.901587301,698.861
44.907392290,698.706
44.913197278,698.165
44.919002267,698.345
44.924807256,698.762
44.930612244,699.536
44.936417233,698.175
44.942222222,697.515
45.110566893,660.366
45.116371882,661.623
45.122176870,661.122
45.127981859,660.911
45.133786848,660.84
45.139591836,660.855
45.145396825,592.317
45.151201814,592.058
45.157006802,591.716
45.162811791,591.633
45.168616780,591.99
45.174421768,592.107
45.180226757,592.116
45.186031746,592.077
45.191836734,591.984
45.197641723,591.357
45.203446712,590.763
45.209251700,591.26
45.215056689,591.866
45.220861678,592.374
45.226666666,592.99
45.232471655,593.627
45.238276643,594.168
45.244081632,594.923
45.249886621,594.765
45.255691609,527.109
45.261496598,526.784
45.267301587,526.64
45.273106575,526.734
45.278911564,527.045
45.284716553,528.1
45.290521541,527.039
45.296326530,526.433
45.302131519,525.865
45.307936507,473.657
45.313741496,474.031
45.319546485,473.814
45.325351473,473.476
45.331156462,473.022
45.336961451,472.567
45.342766439,472.168
45.348571428,471.764
45.354376417,471.14
45.360181405,469.573
45.365986394,466.997
45.371791383,465.246
45.377596371,464.135
45.383401360,463.348
45.389206349,442.945
45.395011337,442.135
45.400816326,442.285
45.406621315,442.089
45.412426303,441.844
45.418231292,441.806
45.424036281,441.92
45.429841269,441.701
45.435646258,441.118
45.540136054,394.869
45.545941043,395.585
45.551746031,396.466
45.557551020,397.231
45.563356009,398.089
45.569160997,399.046
45.574965986,438.324
45.580770975,439.362
45.586575963,439.928
45.592380952,440.029
45.598185941,440.678
45.603990929,441.484
45.609795918,442.366
45.615600907,443.234
45.621405895,444.21
45.627210884,458.892
45.633015873,460.147
45.638820861,461.464
45.644625850,462.77
45.650430839,463.842
45.656235827,464.113
45.662040816,519.343
45.667845804,519.349
45.673650793,519.516
45.679455782,518.943
45.685260770,518.406
45.691065759,518.035
45.696870748,518.987
45.702675736,520.118
45.708480725,522.648
45.714285714,589.548
45.720090702,587.218
45.725895691,585.439
45.731700680,584.488
45.737505668,583.78
45.743310657,584.343
45.749115646,586.513
45.754920634,587.926
45.760725623,588.334
45.766530612,589.327
45.772335600,590.074
45.778140589,588.993
45.783945578,589.081
45.789750566,442.128
45.946485260,534.623
45.952290249,534.021
45.958095238,532.48
45.963900226,531.026
45.969705215,529.98
45.975510204,476.29
45.981315192,476.012
45.987120181,475.811
45.992925170,475.563
45.998730158,475.27
46.004535147,474.998
46.010340136,474.724
46.016145124,474.441
46.021950113,474.078
46.027755102,473.451
46.033560090,472.723
46.039365079,472.03
46.045170068,471.114
46.050975056,471.06
46.056780045,470.4
46.062585034,446.004
46.068390022,445.518
46.074195011,444.901
46.080000000,444.265
46.085804988,443.724
46.091609977,443.186
46.097414965,442.649
46.103219954,442.497
46.109024943,442.056
46.114829931,441.579
46.120634920,441.263
46.126439909,441.042
46.132244897,441.008
46.138049886,398.43
46.143854875,398.014
46.149659863,397.316
46.155464852,397.232
46.161269841,396.704
46.167074829,396.345
46.172879818,395.799
46.178684807,395.2
46.184489795,394.285
46.474739229,311.135
46.480544217,311.025
46.486349206,311.307
46.492154195,311.483
46.497959183,311.484
46.503764172,311.528
46.509569160,312.058
46.515374149,312.491
46.521179138,312.767
46.526984126,312.993
46.532789115,347.565
46.538594104,348.689
46.544399092,348.989
46.550204081,349.879
46.556009070,351.736
46.561814058,352.714
46.567619047,353.279
46.573424036,353.56
46.579229024,353.671
46.585034013,353.664
46.590839002,353.726
46.596643990,388.547
46.602448979,389.253
46.608253968,398.364
46.614058956,398.364
46.619863945,391.996
46.625668934,392.1
46.631473922,391.528
46.637278911,436.387
46.643083900,435.651
46.648888888,436.129
46.654693877,437.107
46.660498866,438.662
46.666303854,440.807
46.672108843,470.892
46.677913832,467.253
46.683718820,462.475
46.689523809,461.961
46.695328798,462.631
46.701133786,463.655
46.706938775,465.166
46.712743764,466.812
46.718548752,468.303
46.724353741,469.437
46.730158730,470.372
46.852063492,400.169
46.857868480,399.947
46.863673469,399.892
46.869478458,399.933
46.875283446,399.744
46.881088435,399.223
46.886893424,398.514
46.892698412,397.907
46.898503401,397.446
46.904308390,396.984
46.910113378,396.425
46.915918367,396.124
46.921723356,395.874
46.927528344,395.922
46.933333333,354.025
46.939138321,353.956
46.944943310,354.171
46.950748299,354.302
46.956553287,354.315
46.962358276,354.179
46.968163265,353.837
46.973968253,353.418
46.979773242,353.079
47.020408163,312.474
47.026213151,311.295
47.032018140,309.964
47.037823129,307.394
47.043628117,305.172
47.049433106,303.583
47.055238095,302.467
47.061043083,302.13
47.066848072,302.087
47.072653061,301.944
47.078458049,302.231
48.175600907,1188.17
48.181405895,1187.86
48.187210884,1187.67
48.193015873,1187.4
48.198820861,1187.29
48.204625850,1187.57
48.210430839,1187.07
48.216235827,1186.97
48.222040816,1059.13
48.227845804,1058.74
48.233650793,1058.52
48.239455782,1058.45
48.245260770,1058.11
48.251065759,1057.93
48.256870748,1057.06
48.262675736,1056.32
48.268480725,947.364
48.274285714,947.681
48.280090702,947.378
48.285895691,946.572
48.291700680,944.701
48.297505668,940.169
48.303310657,938.225
48.309115646,937.654
48.314920634,938.129
48.320725623,886.497
48.326530612,886.201
48.332335600,885.386
48.338140589,884.403
48.343945578,885.15
48.349750566,885.263
48.355555555,885.016
48.361360544,884.581
48.367165532,884.298
48.372970521,884.306
48.378775510,884.6
48.384580498,884.987
48.390385487,885.786
48.413605442,793.975
48.419410430,794.334
48.425215419,794.707
48.431020408,794.908
48.436825396,796.344
48.442630385,794.884
48.448435374,794.833
48.454240362,794.985
48.460045351,795.152
48.465850340,794.975
48.471655328,794.403
48.477460317,795.094
48.483265306,795.035
48.489070294,795.677
48.494875283,796.378
48.500680272,796.94
48.506485260,796.284
48.512290249,795.703
48.645804988,593.73
48.651609977,593.48
48.657414965,593.161
48.663219954,593.107
48.669024943,592.601
48.674829931,592.94
48.680634920,593.516
48.686439909,594.25
48.692244897,595.301
48.698049886,528.566
48.703854875,528.202
48.709659863,528.065
48.715464852,528.18
48.721269841,528.093
48.727074829,527.851
48.732879818,527.611
48.738684807,527.439
48.744489795,527.501
48.750294784,527.71
48.756099773,527.766
48.761904761,526.978
48.767709750,526.729
48.773514739,526.566
48.779319727,472.525
48.785124716,472.322
48.790929705,471.902
48.796734693,471.495
48.802539682,471.06
48.808344671,470.612
48.814149659,470.203
48.819954648,444.25
48.825759637,443.528
48.831564625,442.905
48.837369614,442.2
48.843174603,441.536
48.848979591,441.676
48.854784580,442.221
48.860589569,441.978
48.866394557,441.624
48.872199546,441.164
48.878004535,441.418
48.883809523,441.944
48.889614512,398.078
48.895419501,397.502
48.901224489,396.741
48.907029478,396.073
48.912834467,395.896
48.918639455,395.667
48.924444444,395.495
48.930249433,395.18
48.936054421,394.838
48.941859410,395.49
48.947664399,396.49
48.953469387,396.998
49.922902494,1217.97
49.928707482,1219.5
49.934512471,1219.15
49.940317460,1218.7
49.946122448,1218.41
49.951927437,1218.11
49.957732426,1217.77
49.963537414,1217.46
49.969342403,1217.22
49.975147392,1217
49.980952380,1216.76
49.986757369,1216.64
49.992562358,1216.96
49.998367346,1217.82
50.004172335,1079.56
50.009977324,1077.96
50.015782312,1076.56
50.021587301,1076.33
50.027392290,1075.46
50.033197278,1074.51
50.039002267,1073.6
50.044807256,946.045
50.050612244,944.061
50.056417233,943.248
50.062222222,942.792
50.068027210,942.912
50.073832199,943.634
50.079637188,944.965
50.085442176,894.544
50.091247165,894.417
50.097052154,893.707
50.102857142,893.005
50.108662131,892.24
50.114467120,891.684
50.120272108,890.986
50.126077097,890.046
50.131882086,889.298
50.137687074,888.244
50.143492063,886.553
50.149297052,793.944
50.155102040,793.458
50.160907029,792.423
50.166712018,785.962
50.172517006,785.962
50.178321995,785.962
50.184126984,785.962
50.189931972,802.93
50.195736961,785.962
50.201541950,785.962
50.207346938,785.962
50.213151927,792.133
50.218956916,793.732
50.224761904,794.738
50.230566893,795.8
50.236371882,798.013
50.381496598,593.958
50.387301587,593.274
50.393106575,592.848
50.398911564,593.487
50.404716553,593.546
50.410521541,593.433
50.416326530,593.348
50.422131519,593.419
50.427936507,593.768
50.433741496,535.816
50.439546485,535.105
50.445351473,534.497
50.451156462,533.668
50.456961451,532.522
50.462766439,531.605
50.468571428,530.697
50.474376417,529.957
50.480181405,529.482
50.485986394,528.583
50.491791383,527.481
50.497596371,527.221
50.503401360,527.273
50.509206349,527.221
50.515011337,527.377
50.520816326,527.929
50.526621315,463.246
50.532426303,461.999
50.538231292,461.042
50.544036281,460.469
50.549841269,460.492
50.555646258,460.3
50.561451247,443.231
50.567256235,442.673
50.573061224,442.352
50.578866213,442.11
50.584671201,441.888
50.590476190,441.731
50.596281179,441.489
50.602086167,440.618
50.607891156,438.83
50.613696145,437.779
50.619501133,400.97
50.625306122,400.978
50.631111111,400.77
50.636916099,400.734
50.642721088,399.791
50.648526077,398.334
50.654331065,397.574
50.660136054,397.16
50.665941043,396.833
51.339319727,527.563
51.345124716,527.563
51.350929705,527.563
51.356734693,527.563
51.362539682,527.563
51.368344671,527.563
51.374149659,527.563
51.379954648,527.563
51.385759637,527.563
51.391564625,527.563
51.397369614,520.479
51.403174603,520.182
51.408979591,520.196
51.414784580,520.304
51.420589569,463.656
51.426394557,444.888
51.432199546,444.278
51.438004535,443.696
51.443809523,443.141
51.449614512,442.58
51.455419501,441.888
51.461224489,440.969
51.467029478,439.682
51.472834467,439.75
51.478639455,439.852
51.484444444,440.113
51.490249433,400.483
51.496054421,400.403
51.501859410,400.354
51.507664399,400.599
51.513469387,400.848
51.519274376,400.56
52.152018140,599.814
52.157823129,598.146
52.163628117,596.633
52.169433106,595.538
52.175238095,594.745
52.181043083,594.202
52.186848072,593.773
52.192653061,593.424
52.198458049,593.156
52.204263038,592.933
52.210068027,592.656
52.215873015,591.815
52.221678004,593.045
52.227482993,528.769
52.233287981,528.565
52.239092970,528.35
52.244897959,528.052
52.250702947,527.759
52.256507936,527.631
52.262312925,527.172
52.268117913,526.044
52.273922902,525.301
52.279727891,524.937
52.285532879,524.469
52.291337868,523.974
52.297142857,523.911
52.302947845,445.354
52.308752834,444.931
52.314557823,444.651
52.320362811,444.297
52.326167800,443.828
52.331972789,443.392
52.337777777,442.838
52.343582766,442.544
52.349387755,442.336
52.355192743,441.971
52.360997732,441.204
52.366802721,441.294
52.372607709,441.357
52.378412698,441.726
52.384217687,442.428
52.390022675,399.887
52.395827664,399.871
52.401632653,399.81
52.407437641,399.537
52.413242630,399.898
52.419047619,401
52.424852607,402.228
52.430657596,401.143
52.436462585,399.371
52.442267573,398.525
52.993741496,596.497
52.999546485,595.788
53.005351473,595.445
53.011156462,594.635
53.016961451,594.289
53.022766439,594.305
53.028571428,594.8
53.034376417,529.006
53.040181405,528.608
53.045986394,528.444
53.051791383,528.534
53.057596371,528.201
53.063401360,528.042
53.069206349,527.48
53.075011337,527.316
53.080816326,527.226
53.086621315,526.948
53.092426303,526.423
53.098231292,525.873
53.104036281,525.712
53.109841269,525.499
53.115646258,525.437
53.121451247,444.734
53.127256235,444.55
53.133061224,444.322
53.138866213,444.013
53.144671201,443.651
53.150476190,443.273
53.156281179,442.502
53.162086167,441.853
53.167891156,441.088
53.173696145,440.1
53.179501133,439.919
53.185306122,439.734
53.191111111,398.572
53.196916099,398.292
53.202721088,398.52
53.208526077,397.895
53.214331065,396.748
53.220136054,395.813
53.225941043,395.658
53.887709750,595.201
53.893514739,592.917
53.899319727,593.919
53.905124716,593.954
53.910929705,593.885
53.916734693,593.898
53.922539682,594.034
53.928344671,594.013
53.934149659,529.476
53.939954648,529.468
53.945759637,529.363
53.951564625,529.049
53.957369614,528.722
53.963174603,528.385
53.968979591,528.046
53.974784580,527.305
53.980589569,526.201
53.986394557,525.564
53.992199546,525.341
53.998004535,525.127
54.003809523,524.805
54.009614512,524.495
54.032834467,441.431
54.038639455,441.431
54.044444444,441.431
54.050249433,443.102
54.056054421,442.656
54.061859410,441.924
54.067664399,441.061
54.073469387,440.526
54.079274376,440.205
54.085079365,440.314
54.090884353,441.001
54.096689342,442.166
54.102494331,399.134
54.108299319,398.625
54.114104308,397.942
54.119909297,397.046
54.125714285,397.456
54.131519274,397.842
54.137324263,398.249
54.143129251,399.056
54.148934240,398.611
54.154739229,397.826
64.423764172,1755.39
64.429569160,1755.13
64.435374149,1756.35
64.441179138,1755.31
64.446984126,1780.63
64.452789115,1779.11
64.458594104,1778.27
64.464399092,1207.55
64.470204081,1206.04
64.476009070,1204.14
64.481814058,1202.21
64.487619047,1200.47
64.493424036,1198.83
64.499229024,1197.33
64.505034013,1195.98
64.510839002,1194.67
64.516643990,1193.29
64.522448979,1191.73
64.545668934,1778.51
64.551473922,1756.99
64.557278911,1757.67
64.563083900,1777.38
64.568888888,1777.95
64.574693877,1777.28
64.580498866,1775.74
64.586303854,1774.27
64.592108843,1772.72
64.597913832,1770.46
64.603718820,1183.24
64.609523809,1182.07
64.615328798,1180.58
64.621133786,1178.8
64.626938775,1177.67
64.632743764,1176.69
64.638548752,1175.64
64.644353741,1174.39
64.650158730,1172.8
64.655963718,1172.15
64.661768707,1171.74
64.667573696,1172.14
64.673378684,1172.84
64.679183673,1173.32
64.684988662,1175.28
