26.911927437,1198.98
26.917732426,1193.42
26.923537414,1194.48
26.929342403,1196.81
26.935147392,1200.54
26.940952380,1197.06
26.946757369,1194
26.952562358,1192.84
26.958367346,1192.2
26.964172335,1191.81
26.969977324,1191.47
26.975782312,1191.15
26.981587301,1190.98
26.987392290,1191.07
26.993197278,1191.26
26.999002267,1191.54
27.004807256,1191.71
27.010612244,1191.52
27.016417233,1190.72
27.022222222,1189.08
27.028027210,1188.42
27.033832199,1188.17
27.039637188,1338.09
27.045442176,1339.2
27.051247165,1341.27
27.057052154,1424.4
27.062857142,1424.52
27.068662131,1425.17
27.074467120,1426.4
27.080272108,1427.88
27.086077097,1429.22
27.091882086,1430.45
27.097687074,1431.66
27.103492063,1432.76
27.109297052,1432.94
27.115102040,1433.26
27.120907029,1433.59
27.126712018,1434.09
27.132517006,1604.18
27.138321995,1604.66
27.144126984,1605.3
27.149931972,1605.98
27.155736961,1606.19
27.161541950,1606.51
27.167346938,1607.01
27.173151927,1788.98
27.178956916,1788.89
27.184761904,1788.74
27.190566893,1788.67
27.196371882,1788.26
27.202176870,1787.49
27.207981859,1786.85
27.213786848,1786.22
27.219591836,1785.61
27.225396825,1785.05
27.231201814,1783.95
27.237006802,1783.47
27.242811791,1784.03
27.248616780,1785.43
27.254421768,1785.78
27.260226757,1786.19
27.266031746,1786.99
27.271836734,1786.98
27.277641723,1786.11
27.283446712,1785.1
27.289251700,1782.4
27.295056689,1780.33
27.300861678,1779.86
27.306666666,1780.09
27.312471655,1780.12
27.318276643,1781.1
27.324081632,1789.51
27.329886621,1789.81
27.335691609,1789.73
27.405351473,2417.49
27.411156462,2416.67
27.416961451,2415.8
27.422766439,2414.61
27.428571428,2413.03
27.434376417,2410.96
27.440181405,2408.03
27.445986394,2397.09
27.451791383,2392.7
27.596916099,2409.51
27.602721088,2404.52
27.608526077,2402.38
27.614331065,2403.84
27.620136054,2404.04
27.625941043,2403.53
27.631746031,2402.23
27.637551020,2399.62
27.643356009,2394.15
27.800090702,1196.08
27.805895691,2281.24
27.811700680,2280.98
27.817505668,2280.59
27.823310657,2280.1
27.829115646,2279.55
27.834920634,2278.8
27.840725623,2277.14
27.846530612,2275.02
27.852335600,2277.97
27.997460317,2337.81
28.003265306,2337.6
28.009070294,2337.29
28.014875283,2336.96
28.020680272,2336.51
28.026485260,2335.92
28.032290249,2335.26
28.038095238,2334.55
28.043900226,2333.85
28.049705215,2333.44
28.055510204,2332.99
28.235464852,2154.21
28.241269841,2153.44
28.247074829,2152.62
28.252879818,2151.7
28.258684807,2150.61
28.264489795,2149.11
28.270294784,2145.78
28.276099773,2145.01
28.281904761,2144.64
28.287709750,2134.88
28.293514739,2150.06
28.299319727,2150.58
28.432834467,2166.86
28.438639455,2166.63
28.444444444,2166.37
28.450249433,2166.13
28.456054421,2164.99
28.461859410,2163.78
28.467664399,2162.56
28.473469387,2161.37
28.479274376,2160.16
28.485079365,2158.29
28.490884353,2155.04
28.496689342,2152.87
28.502494331,2151.58
28.508299319,2150.54
28.514104308,2151.6
28.519909297,2152.4
28.525714285,2152.7
28.659229024,2015.7
28.665034013,2015.53
28.670839002,2014.88
28.676643990,2015.58
28.682448979,2016.1
28.688253968,2016.16
28.694058956,2015.61
28.699863945,2014.89
28.705668934,2013.85
28.711473922,2012.47
28.717278911,2012.63
28.723083900,2010.9
28.728888888,2005.12
28.734693877,2004.58
28.740498866,2019.96
28.746303854,2017.98
28.752108843,2017.04
28.757913832,2019.36
28.891428571,2003.6
28.897233560,2003.5
28.903038548,2003.34
28.908843537,2002.94
28.914648526,2002.43
28.920453514,2001.81
28.926258503,2000.73
28.932063492,1998.81
28.937868480,1996.45
28.943673469,1995.62
28.949478458,1996.28
28.955283446,1997.85
28.961088435,1999.2
28.966893424,2000.27
28.972698412,2001.81
29.106213151,1896.94
29.112018140,1897.03
29.117823129,1896.28
29.123628117,1895.11
29.129433106,1894.03
29.135238095,1893.01
29.141043083,1891.96
29.146848072,1890.77
29.152653061,1889.09
29.158458049,1886.72
29.164263038,1884.29
29.170068027,1881.88
29.175873015,1878.47
29.181678004,1881.18
29.187482993,1882.13
29.326802721,1878.67
29.332607709,1878.16
29.338412698,1877.51
29.344217687,1876.98
29.350022675,1876.49
29.355827664,1876.19
29.361632653,1875.23
29.367437641,1874.36
29.373242630,1873.53
29.379047619,1872.69
29.384852607,1871.88
29.559002267,1791.44
29.564807256,1789.19
29.570612244,1788.09
29.576417233,1786.38
29.582222222,1784.9
29.588027210,1783.31
29.593832199,1781.68
29.599637188,1780.51
29.605442176,1779.23
29.611247165,1778.07
29.617052154,1777.24
29.622857142,1776.21
29.628662131,1775.6
29.634467120,1775.93
29.640272108,1775.66
29.797006802,1679.74
29.802811791,1679.48
29.808616780,1678.55
29.814421768,1676.95
29.820226757,1675.51
29.826031746,1674.02
29.831836734,1672.11
29.837641723,1670.5
29.843446712,1669.02
29.849251700,1667.7
29.855056689,1666.85
29.860861678,1666.65
29.866666666,1666.26
29.872471655,1665.29
29.878276643,1663.9
29.884081632,1662.38
29.889886621,1661.84
29.895691609,1666
29.901496598,1670.15
30.035011337,1666.17
30.040816326,1665.59
30.046621315,1664.53
30.052426303,1663.52
30.058231292,1662.84
30.064036281,1662.24
30.069841269,1661.2
30.075646258,1660.17
30.081451247,1659.62
30.087256235,1659.06
30.093061224,1658.11
30.098866213,1657.26
30.104671201,1656.39
30.110476190,1655.38
30.116281179,1654.04
30.122086167,1652.2
30.127891156,1650.42
30.133696145,1648.66
30.139501133,1648.55
30.145306122,1650.39
30.151111111,1655.71
30.452970521,1670.36
30.458775510,1676.56
30.464580498,1597.29
30.470385487,1597.21
30.476190476,1596.83
30.481995464,1596.37
30.487800453,1596.14
30.493605442,1596.1
30.499410430,1596.18
30.505215419,1786.24
30.511020408,1786.01
30.516825396,1786.04
30.522630385,1786.22
30.528435374,1786.25
30.534240362,1786.04
30.540045351,1786.04
30.545850340,1787.18
30.551655328,1787.81
30.557460317,1788.32
30.563265306,1788.68
30.569070294,1788.62
30.574875283,1787.73
30.580680272,1787.9
30.586485260,1914.18
30.592290249,1915.15
30.598095238,1916.03
30.603900226,1916.83
30.609705215,1917.55
30.615510204,1918.19
30.621315192,1918.45
30.627120181,2154.35
30.632925170,2156.34
30.638730158,2158.49
30.644535147,2160.1
30.650340136,2161.69
30.656145124,2163.03
30.661950113,2163.82
30.667755102,2164.21
30.673560090,2164.38
30.679365079,2164.55
30.685170068,2290.52
30.690975056,2291.44
30.696780045,2291.29
30.702585034,2436.58
30.708390022,2436.67
30.714195011,2437.09
30.720000000,2436.36
30.725804988,2435.91
30.731609977,2435.82
30.737414965,1624.07
30.923174603,3243.68
30.928979591,3248.57
30.934784580,3250.12
30.940589569,3250.23
30.946394557,3249.82
30.952199546,3249.92
30.958004535,3221.27
30.963809523,3222.8
30.969614512,3238.18
30.975419501,3239.18
30.981224489,3240.03
31.103129251,3208.13
31.108934240,3207.66
31.114739229,3206.94
31.120544217,3206.23
31.126349206,3206.59
31.132154195,3206.53
31.137959183,3206
31.143764172,3204.7
31.149569160,3190.21
31.317913832,3096.43
31.323718820,3096.16
31.329523809,3096.63
31.335328798,3097.22
31.341133786,3095.82
31.346938775,3094.86
31.352743764,3094.89
31.358548752,3094.94
31.364353741,3094.78
31.370158730,3094.04
31.515283446,3108.06
31.521088435,3107.51
31.526893424,3105.78
31.532698412,3104.3
31.538503401,3103.37
31.544308390,3103.04
31.550113378,3102.48
31.555918367,3101.23
31.561723356,3101.78
31.567528344,3102.03
31.573333333,3101.98
31.579138321,3101.65
31.584943310,3101.2
31.590748299,3101.16
31.596553287,3103.77
31.730068027,2872.78
31.735873015,2873.59
31.741678004,2873.84
31.747482993,2874.22
31.753287981,2874.43
31.759092970,2874.68
31.764897959,2874.86
31.770702947,2875.04
31.776507936,2875.21
31.782312925,2875.39
31.788117913,2875.81
31.793922902,2877.02
31.944852607,2862.05
31.950657596,2863.36
31.956462585,2864.25
31.962267573,2864.72
31.968072562,2865.69
31.973877551,2868.14
31.979682539,2872.17
31.985487528,2874.86
31.991292517,2874
31.997097505,2861.85
32.182857142,2711.35
32.188662131,2711.57
32.194467120,2711.76
32.200272108,2712.52
32.206077097,2720.38
32.211882086,2721.98
32.217687074,2720.89
32.223492063,2719.53
32.374421768,2736.16
32.380226757,2737.17
32.386031746,2737.93
32.391836734,2738.61
32.397641723,2739.31
32.403446712,2739.94
32.409251700,2740.16
32.415056689,2740.07
32.420861678,2739.26
32.426666666,2738.07
32.432471655,2736.39
32.438276643,2716.73
32.444081632,2716.88
32.606621315,2573.64
32.612426303,2574.58
32.618231292,2575.18
32.624036281,2575.27
32.629841269,2575.06
32.635646258,2574.72
32.641451247,2573.95
32.647256235,2572.36
32.653061224,2571.43
32.658866213,2571
32.664671201,2570.92
32.821405895,2589.01
32.827210884,2591.28
32.833015873,2591.73
32.838820861,2591.49
32.844625850,2590.6
32.850430839,2591.81
32.856235827,2591.77
32.862040816,2591.21
32.867845804,2590.34
32.873650793,2577.47
32.879455782,2578.2
32.885260770,2580.98
33.053605442,2420.87
33.059410430,2418.55
33.065215419,2418.28
33.071020408,2418.23
33.076825396,2417.72
33.082630385,2417.14
33.088435374,2405.04
33.094240362,2403.5
33.100045351,2402.65
33.105850340,2400.8
33.111655328,2401.76
33.117460317,2407.87
33.123265306,2409.29
33.129070294,2379.18
33.134875283,2381.84
33.256780045,2251.22
33.262585034,2250.9
33.268390022,2250.91
33.274195011,2251.18
33.280000000,2251.5
33.285804988,2251.74
33.291609977,2251.5
33.297414965,2250.76
33.303219954,2250
33.309024943,2249.07
33.314829931,2247.96
33.320634920,2246.94
33.326439909,2246.6
33.332244897,2247.21
33.338049886,2248.86
33.494784580,2303.31
33.500589569,2304.13
33.506394557,2304.96
33.512199546,2306
33.518004535,2307.51
33.523809523,2309.54
33.529614512,2311.4
33.535419501,2312.77
33.541224489,2313.94
33.547029478,2314.59
33.552834467,2314.32
33.558639455,2313.31
33.564444444,2312.6
33.570249433,2312.03
33.576054421,2311.4
34.086893424,2443.15
34.092698412,2444.1
34.098503401,2444.84
34.104308390,2445.39
34.110113378,2445.78
34.115918367,2470.9
34.121723356,2470.22
34.127528344,2469.68
34.133333333,2469.06
34.139138321,2818.39
34.144943310,2818.94
34.150748299,2819.39
34.156553287,2819.9
34.162358276,2820.21
34.168163265,2820.31
34.173968253,2820.24
34.179773242,2820.11
34.185578231,2820.01
34.191383219,2819.73
34.197188208,2820.23
34.202993197,2820.36
34.208798185,2820.3
34.214603174,2820.02
34.220408163,2819.45
34.226213151,3181.86
34.232018140,3195.54
34.237823129,3196.09
34.243628117,3196.12
34.249433106,3195.67
34.255238095,3196.33
34.261043083,3196.77
34.266848072,3196.99
34.272653061,3196.56
34.278458049,3196.62
34.284263038,3196.6
34.290068027,3196.23
34.295873015,3195.29
34.301678004,3287.68
34.307482993,3287.6
34.313287981,3287.5
34.319092970,3287.61
34.324897959,3286.47
34.330702947,3661.85
34.336507936,3660.21
34.342312925,3658.71
34.348117913,3657.85
34.353922902,3657.63
34.359727891,3656.95
34.365532879,3655.52
34.371337868,3651.67
34.377142857,3648.72
34.382947845,3648.47
34.388752834,3648.41
34.394557823,3647.74
34.400362811,3647.13
34.406167800,3645.58
34.411972789,3643.28
34.417777777,3641.12
34.423582766,3640.86
34.429387755,3640.92
34.435192743,3642.23
34.440997732,3642.25
34.539682539,3224.89
34.545487528,3227.04
34.551292517,3230.03
34.557097505,3232.69
34.562902494,3240.75
34.568707482,3240.75
34.574512471,3240.75
34.580317460,3240.75
34.586122448,3208.39
34.591927437,3207.79
34.597732426,3207.51
34.603537414,3206.97
34.609342403,3206.26
34.615147392,3206.42
34.620952380,3206.91
34.626757369,3206.03
34.632562358,3207.45
34.638367346,2938.98
34.644172335,2938.99
34.649977324,2939.11
34.655782312,2939.32
34.661587301,2939.62
34.667392290,2940.02
34.673197278,2940.55
34.679002267,2940.92
34.684807256,2940.81
34.690612244,2939.26
34.696417233,2940.05
34.702222222,2767.14
34.708027210,2767.06
34.713832199,2766.86
34.719637188,2766.55
34.725442176,2766.19
34.731247165,2765.91
34.737052154,2765.9
34.742857142,2766.14
34.748662131,2777.57
34.754467120,2779.29
34.760272108,2778.27
34.766077097,2777.86
34.771882086,2421.68
34.777687074,2422.92
34.783492063,2422.68
34.789297052,2421.68
34.795102040,2421.31
34.800907029,2421.09
34.806712018,2420.41
34.812517006,2400.95
34.818321995,2400.95
34.824126984,2423.42
34.829931972,2424.37
34.835736961,2423.74
34.841541950,2177.02
34.847346938,2175.26
34.853151927,2174.07
34.858956916,2173.14
34.864761904,2172.4
34.870566893,2172.09
34.876371882,2152.08
34.882176870,2150.36
34.887981859,2151.04
34.893786848,2153.74
34.899591836,2157.02
34.905396825,2157.61
34.911201814,2155.5
34.917006802,2150.52
34.922811791,2142.55
34.928616780,2142.55
34.934421768,2173.48
35.021496598,1938.21
35.027301587,1941.27
35.033106575,1943.9
35.038911564,1945.81
35.044716553,1947.47
35.050521541,1949.08
35.056326530,1950.75
35.062131519,1952.74
35.067936507,1955.12
35.073741496,1957.54
35.079546485,1957.73
35.085351473,1958.34
35.091156462,1958.63
35.096961451,2200.76
35.102766439,2200.48
35.108571428,2200.43
35.114376417,2200.65
35.120181405,2201.17
35.125986394,2202
35.131791383,2202.81
35.137596371,2320.82
35.143401360,2322.05
35.149206349,2323.42
35.155011337,2325
35.160816326,2474.1
35.166621315,2473.97
35.172426303,2473.85
35.178231292,2473.69
35.184036281,2785.56
35.189841269,2784.13
35.195646258,2782.43
35.201451247,2781.26
35.207256235,2780.51
35.213061224,2779.95
35.218866213,2779.33
35.224671201,2778.03
35.230476190,2777.37
35.236281179,2776.63
35.242086167,2775.09
35.247891156,2857.17
35.253696145,2863.92
35.259501133,2863.92
35.265306122,2863.92
35.271111111,2863.92
35.276916099,2863.92
35.282721088,2885.45
35.288526077,2885.45
35.294331065,2885.45
35.300136054,2885.45
35.305941043,2885.45
35.311746031,2885.45
35.317551020,2885.45
35.323356009,2885.45
35.329160997,2880.03
35.334965986,2863.92
35.340770975,2863.92
35.346575963,2863.92
35.352380952,2863.92
35.358185941,2863.92
35.363990929,2863.92
35.369795918,2856.47
35.462675736,2757.26
35.468480725,2758.05
35.474285714,2758.71
35.480090702,2759.28
35.485895691,2759.7
35.491700680,2759.55
35.497505668,2759.21
35.503310657,2758.6
35.509115646,2757.88
35.514920634,2757.73
35.520725623,2757
35.526530612,2757.58
35.532335600,2733.88
35.538140589,2734.18
35.543945578,2734.7
35.549750566,2734.89
35.555555555,1580.52
35.561360544,2187.01
35.567165532,2192.96
35.572970521,2194.61
35.578775510,2194.21
35.584580498,2191.88
35.590385487,2189.56
35.596190476,2188.67
35.601995464,2187.97
35.607800453,2186.62
35.613605442,2185.24
35.619410430,2184.05
35.625215419,2183.35
35.631020408,2182.37
35.636825396,2181.14
35.642630385,2178.98
35.648435374,2176.1
35.654240362,1928.85
35.660045351,1928.67
35.665850340,1928.08
35.671655328,1927.17
35.677460317,1926.25
35.683265306,1925.3
35.689070294,1924.85
35.694875283,1924.48
35.700680272,1924.12
35.706485260,1923.82
35.712290249,1923.63
35.718095238,1923.53
35.723900226,1808.05
35.729705215,1807.19
35.735510204,1806.51
35.741315192,1805.74
35.747120181,1804.72
35.752925170,1803
35.758730158,1800.28
35.764535147,1797.22
35.770340136,1787.26
35.776145124,1787.26
35.781950113,1794.56
35.787755102,1796.44
35.793560090,1799.92
35.799365079,1803.1
35.805170068,1805.1
35.810975056,1805.99
35.816780045,1802.34
35.822585034,1808.2
35.828390022,1808.4
35.834195011,1807
35.840000000,1805.96
35.845804988,1805.28
35.851609977,1805.77
35.857414965,1807.66
35.863219954,1808.97
35.869024943,1808.57
35.874829931,1808.32
35.880634920,1807.88
35.886439909,1807.14
35.892244897,1806.3
35.898049886,1592.18
35.903854875,1594.21
35.909659863,1595.2
35.915464852,1595.27
35.921269841,1594.98
35.927074829,1594.84
35.932879818,1594.99
35.938684807,1595.38
35.944489795,1785.06
35.950294784,1785.3
35.956099773,1785.55
35.961904761,1785.91
35.967709750,1786.29
35.973514739,1786.77
35.979319727,1787.34
35.985124716,1787.82
35.990929705,1787.85
35.996734693,1788.59
36.002539682,1789.38
36.008344671,1790.13
36.014149659,1791.05
36.019954648,1792.34
36.025759637,1923.94
36.031564625,1926.21
36.037369614,1928.45
36.043174603,1930.65
36.048979591,2174.67
36.054784580,2176.9
36.060589569,2179.42
36.066394557,2181.04
36.072199546,2182.11
36.078004535,2183.12
36.083809523,2184.16
36.089614512,2185.25
36.095419501,2186.36
36.101224489,2187.25
36.107029478,2187.38
36.112834467,2186.95
36.118639455,2425.85
36.124444444,2425
36.130249433,2424.23
36.136054421,2423.32
36.141859410,2422.18
36.147664399,2420.8
36.153469387,2419.29
36.159274376,2417.89
36.165079365,2416.39
36.170884353,2414.1
36.176689342,2412.49
36.182494331,2411.79
36.188299319,2415.65
36.194104308,2418.29
36.199909297,2400.95
36.205714285,2400.95
36.211519274,2400.95
36.217324263,2400.95
36.223129251,2400.95
36.228934240,2421.82
36.234739229,2413.14
36.240544217,2400.95
36.246349206,2400.95
36.252154195,2400.95
36.257959183,2400.95
36.263764172,2407.9
36.269569160,2408.82
36.275374149,2409.12
36.281179138,2408.79
36.316009070,1612.89
36.321814058,2150.25
36.327619047,2150.47
36.333424036,2150.67
36.339229024,2150.88
36.345034013,2151.1
36.350839002,1934.53
36.356643990,1934.29
36.362448979,1932.25
36.368253968,1934.88
36.374058956,1935.84
36.379863945,1936.81
36.385668934,1937.45
36.391473922,1937.73
36.397278911,1937.76
36.403083900,1937.48
36.408888888,1937.8
36.414693877,1938.56
36.420498866,1939.44
36.426303854,1826.41
36.432108843,1825.15
36.437913832,1823.62
36.443718820,1822.3
36.449523809,1820.99
36.455328798,1819.55
36.461133786,1817.97
36.466938775,1816.2
36.472743764,1814.21
36.478548752,1812.36
36.484353741,1618.43
36.490158730,1617.6
36.495963718,1617.31
36.501768707,1616.3
36.507573696,1614.97
36.513378684,1613.71
36.519183673,1612.48
36.524988662,1611.24
36.530793650,1609.74
36.536598639,1432.35
36.542403628,1431.75
36.548208616,1431.07
36.554013605,1430.25
36.559818594,1429.24
36.565623582,1428.08
36.571428571,1426.81
36.577233560,1425.26
36.583038548,1410.42
36.588843537,1410.42
36.594648526,1410.42
36.600453514,1410.42
36.606258503,1415.98
36.612063492,1417.22
36.617868480,1418.14
36.623673469,1418.72
36.757188208,2689.52
36.762993197,2688.06
36.768798185,2688.03
36.774603174,2688.2
36.780408163,2688.16
36.786213151,2688.65
36.792018140,2689.32
36.797823129,2688.43
36.971972789,2714.27
36.977777777,2715.6
36.983582766,2717.49
36.989387755,2718.14
36.995192743,2716.33
37.000997732,2724.7
37.006802721,2726.05
37.012607709,2727.12
37.018412698,2728.09
37.024217687,2729.19
37.030022675,2731.18
37.035827664,2732.42
37.041632653,2732.93
37.047437641,2732.81
37.053242630,2732.44
37.059047619,2731.89
37.064852607,2730.91
37.070657596,2728.74
37.076462585,2725.55
37.627936507,1905.43
37.633741496,1906.32
37.639546485,1907.4
37.645351473,1908.44
37.651156462,1909.33
37.656961451,1909.98
37.662766439,1910.37
37.668571428,1910.57
37.674376417,1910.2
37.680181405,2165.93
37.685986394,2165.89
37.691791383,2165.98
37.697596371,2166.35
37.703401360,2277.93
37.709206349,2279.59
37.715011337,2281.2
37.720816326,2282.73
37.726621315,2283.15
37.732426303,2284.07
37.738231292,2283.93
37.744036281,2444.72
37.749841269,2445.41
37.755646258,2445.22
37.761451247,2445.31
37.767256235,2445.49
37.773061224,2445.63
37.778866213,2445.57
37.784671201,2789.57
37.790476190,2790.02
37.796281179,2790.21
37.802086167,2790.38
37.807891156,2790.59
37.813696145,2790.82
37.819501133,2790.81
37.825306122,2791.45
37.831111111,2792.56
37.836916099,2793.5
37.842721088,2794.79
37.848526077,2875.25
37.854331065,2875.64
37.860136054,2876.11
37.865941043,2927.8
37.871746031,2926.98
37.877551020,2926.17
37.883356009,2925.58
37.889160997,2926.45
37.894965986,2928.7
38.069115646,2740.5
38.074920634,2742.66
38.080725623,2745.7
38.086530612,2748.7
38.092335600,2750.3
38.098140589,2751.7
38.103945578,2755.05
38.109750566,2763.31
38.115555555,2763.53
38.121360544,2453.78
38.127165532,2452.66
38.132970521,2451.28
38.138775510,2449.64
38.144580498,2448.39
38.150385487,2447.6
38.156190476,2447.3
38.161995464,2447.26
38.167800453,2447.44
38.173605442,2448.36
38.179410430,2216.71
38.185215419,2216.39
38.191020408,2216.13
38.196825396,2215.78
38.202630385,2215.25
38.208435374,2213.89
38.214240362,2211.68
38.220045351,2209.93
38.225850340,2208.41
38.231655328,2207.9
38.237460317,2208.45
38.243265306,2208.68
38.249070294,1961.43
38.254875283,1961.2
38.260680272,1961.07
38.266485260,1961.04
38.272290249,1960.55
38.278095238,1960.06
38.283900226,1959.59
38.289705215,1959.03
38.295510204,1958.09
38.301315192,1842.93
38.307120181,1842.49
38.312925170,1841.98
38.318730158,1841.12
38.324535147,1840.03
38.330340136,1839.1
38.336145124,1838.24
38.341950113,1837.38
38.347755102,1835.75
38.353560090,1832.75
38.359365079,1830.28
38.365170068,1828.58
38.370975056,1827.41
38.376780045,1826.68
38.382585034,1827.32
38.388390022,1827.68
38.394195011,1819.56
38.400000000,1819.56
38.405804988,1819.56
38.411609977,1839.18
38.417414965,1840.44
38.533514739,1604.8
38.539319727,1604.96
38.545124716,1605.04
38.550929705,1605.05
38.556734693,1605.02
38.562539682,1795.84
38.568344671,1795.76
38.574149659,1795.8
38.579954648,1796.03
38.585759637,1796.29
38.591564625,1796.51
38.597369614,1796.63
38.603174603,1796.76
38.608979591,1797.13
38.614784580,1797.16
38.620589569,1797.79
38.626394557,1797.58
38.632199546,1797.39
38.638004535,1797.31
38.643809523,1797.33
38.649614512,1797.48
38.655419501,1912.82
38.661224489,1914.5
38.667029478,1916.1
38.672834467,1917.77
38.678639455,1920.06
38.684444444,2149.41
38.690249433,2150.64
38.696054421,2151.77
38.701859410,2152.74
38.707664399,2153.43
38.713469387,2153.76
38.719274376,2154.09
38.725079365,2154.52
38.730884353,2155.03
38.736689342,2155.48
38.742494331,2155.39
38.748299319,2154.53
38.754104308,2153.38
38.759909297,2400.2
38.765714285,2399.41
38.771519274,2398.64
38.777324263,2398.01
38.783129251,2397.41
38.788934240,2396.8
38.794739229,2388.66
38.800544217,2388.91
38.806349206,2387.71
38.812154195,2386.89
38.817959183,2387.34
38.823764172,2388.66
38.829569160,2368.65
38.835374149,2368.65
38.841179138,2368.65
38.846984126,2392.57
38.852789115,2390.8
38.858594104,2391.2
38.864399092,2392.68
38.870204081,2400.7
38.876009070,2395.03
38.881814058,2401.72
38.887619047,2403.47
38.893424036,2403.59
38.899229024,2402.3
38.905034013,2400.75
38.910839002,2398.73
38.916643990,2395.47
38.974693877,2131.56
38.980498866,2131.42
38.986303854,2131.34
38.992108843,2131.28
38.997913832,2131.23
39.003718820,2131.23
39.009523809,1908.69
39.015328798,1908.23
39.021133786,1907.48
39.026938775,1906.71
39.032743764,1905.95
39.038548752,1905.09
39.044353741,1904.02
39.050158730,1903.34
39.055963718,1902.64
39.061768707,1901.93
39.067573696,1901.56
39.073378684,1901.35
39.079183673,1786.96
39.084988662,1787.06
39.090793650,1786.99
39.096598639,1786.71
39.102403628,1786.1
39.108208616,1785.34
39.114013605,1784.53
39.119818594,1783.56
39.125623582,1782.22
39.131428571,1595.5
39.137233560,1595.14
39.143038548,1594.79
39.148843537,1594.54
39.154648526,1594.31
39.160453514,1594.04
39.166258503,1593.94
39.172063492,1593.94
39.177868480,1594.11
39.183673469,1594.19
39.189478458,1593.99
39.195283446,1593.64
39.201088435,1593.86
39.206893424,1594.35
39.212698412,1424.35
39.218503401,1423.62
39.224308390,1423.06
39.230113378,1422.6
39.235918367,1422.12
39.241723356,1421.41
39.247528344,1420.87
39.253333333,1420.63
39.259138321,1420.37
39.264943310,1419.92
39.270748299,1419.72
39.276553287,1420.02
39.282358276,1420
39.288163265,1421.1
39.293968253,1415.88
39.433287981,1273.56
39.439092970,1275.94
39.444897959,1277.6
39.450702947,1278.67
39.456507936,1279.77
39.462312925,1280.6
39.468117913,1281.1
39.473922902,1281.51
39.479727891,1282.07
39.485532879,1282.6
39.491337868,1282.67
39.497142857,1435.92
39.502947845,1434.71
39.508752834,1434.17
39.514557823,1433.87
39.520362811,1433.65
39.526167800,1433.35
39.531972789,1432.88
39.537777777,1432.25
39.543582766,1431.53
39.549387755,1431.15
39.555192743,1430.64
39.560997732,1601.52
39.566802721,1601.97
39.572607709,1602.29
39.578412698,1602.61
39.584217687,1603.06
39.590022675,1603.58
39.595827664,1784.02
39.601632653,1784.83
39.607437641,1785.49
39.613242630,1786.02
39.619047619,1786.45
39.624852607,1786.76
39.630657596,1786.86
39.636462585,1786.76
39.642267573,1786.59
39.648072562,1786.68
39.653877551,1787.03
39.659682539,1787.54
39.665487528,1788.45
39.671292517,1788.4
39.677097505,1787.89
39.682902494,1890.31
39.688707482,1889.91
39.694512471,1890.25
39.700317460,1890.88
39.706122448,1889.77
39.711927437,1890.12
39.717732426,1890.79
39.799002267,1788.76
39.804807256,1788.53
39.810612244,1788.3
39.816417233,1788.26
39.822222222,1787.28
39.828027210,1785.63
39.833832199,1783.24
39.839637188,1780.52
39.845442176,1779.3
39.851247165,1778.29
39.857052154,1777.47
39.862857142,1776.84
39.868662131,1776.35
39.874467120,1775.97
39.880272108,1775.72
39.886077097,1775.62
39.891882086,1605.42
39.897687074,1605.31
39.903492063,1605.07
39.909297052,1604.84
39.915102040,1604.81
39.920907029,1604.77
39.926712018,1604.47
39.932517006,1604.04
39.938321995,1603.65
39.944126984,1603.12
39.949931972,1602.49
39.955736961,1601.84
39.961541950,1601.27
39.967346938,1423.67
39.973151927,1423.23
39.978956916,1422.98
39.984761904,1422.58
39.990566893,1421.7
39.996371882,1420.77
40.002176870,1420
40.007981859,1420.15
40.013786848,1420.51
40.019591836,1421.35
40.025396825,1422.57
40.031201814,1261.64
40.037006802,1261.21
40.042811791,1260.8
40.048616780,1260.18
40.054421768,1259.53
40.060226757,1259.28
40.066031746,1259.42
40.071836734,1259.54
40.077641723,1259.3
40.083446712,1258.49
40.089251700,1257.07
40.095056689,1255.48
40.100861678,1253.62
40.106666666,1251.92
40.112471655,1250.61
40.118276643,1250.79
40.124081632,1251.56
40.129886621,1251.84
40.135691609,1251.2
40.141496598,1251.3
40.147301587,1253.61
40.153106575,1602.44
40.158911564,1257.81
40.164716553,1258.05
40.170521541,1257.9
40.176326530,1257.35
40.182131519,1254.95
40.275011337,1777.76
40.280816326,1777.6
40.286621315,1777.52
40.292426303,1777.48
40.298231292,1777.44
40.304036281,1777.18
40.309841269,1776.75
40.315646258,1776.28
40.321451247,1775.98
40.327256235,1775.2
40.333061224,1773.64
40.338866213,1772.31
40.344671201,1771.42
40.350476190,1770.09
40.356281179,1767.43
40.362086167,1768.5
40.367891156,1773.09
40.373696145,1767.64
40.379501133,1766.82
40.385306122,1767.04
40.391111111,1768
40.396916099,1769.1
40.402721088,1769.35
40.408526077,1769.9
40.507210884,1774.68
40.513015873,1777.63
40.518820861,1783.23
40.524625850,1786.68
40.530430839,1784.88
40.536235827,1783.67
40.542040816,1781.44
40.547845804,1779.64
40.553650793,1778.27
40.559455782,1777.43
40.565260770,1775.54
40.571065759,1774.85
40.576870748,1773.67
40.582675736,1772.24
40.588480725,1770.64
40.594285714,1768.75
40.600090702,1766.6
40.605895691,1763.54
40.611700680,1759.83
40.617505668,1758.59
40.623310657,1758.06
40.629115646,1757.96
40.634920634,1758.2
40.640725623,1758.63
40.646530612,1759.12
40.652335600,1759.06
40.658140589,1772.29
40.663945578,1773.42
40.669750566,1775.74
40.675555555,1776.91
40.681360544,1777.22
40.687165532,1797.6
40.692970521,1799.71
40.698775510,1800.33
40.704580498,1802.52
40.710385487,1808.79
40.716190476,1802.9
40.721995464,1799.3
40.727800453,1780.77
40.733605442,1783.69
40.739410430,1783.76
40.745215419,1783.11
40.751020408,1770.14
40.756825396,1768.53
40.762630385,1767.28
40.768435374,1765.97
40.774240362,1764.34
40.780045351,1760.31
40.785850340,1759.89
40.791655328,1761.47
40.797460317,1763.07
40.803265306,1763.57
40.809070294,1764.18
40.814875283,1764.88
40.820680272,1765.71
40.826485260,1766.15
40.832290249,1766.5
40.838095238,1766.71
40.843900226,1766.44
40.849705215,1766.21
40.855510204,1765.94
40.861315192,1765.91
40.867120181,1766.06
40.872925170,1765.96
40.878730158,1765.51
40.884535147,1765.11
40.890340136,1764.58
40.896145124,1763.9
40.901950113,1763.55
40.907755102,1764.34
40.913560090,1764.93
40.919365079,1764.49
40.925170068,1765.01
40.930975056,1765
40.936780045,1764.82
40.942585034,1764.88
40.948390022,1765.68
40.954195011,1766.61
40.960000000,1767.41
40.965804988,1767.8
40.971609977,1767.56
40.977414965,1767.08
40.983219954,1766.47
40.989024943,1765.79
40.994829931,1765.83
41.000634920,1765.44
41.006439909,1764.8
41.012244897,1764.34
41.018049886,1763.96
41.023854875,1764.65
41.029659863,1765.12
41.035464852,1765.16
41.041269841,1764.09
41.047074829,1759.87
41.052879818,1759.35
41.058684807,1758.89
41.064489795,1757.79
41.070294784,1758.88
41.076099773,1760.14
41.081904761,1762.19
41.087709750,1763.45
41.093514739,1765.02
64.412154195,2386.8
64.417959183,2388.39
64.423764172,2388.97
64.429569160,2389.26
64.435374149,2389.5
64.441179138,2390.06
64.446984126,2389.19
64.452789115,2388.59
64.458594104,2388.08
64.464399092,2387.54
64.470204081,2386.91
64.476009070,2386.1
64.481814058,2385
64.487619047,2382.36
64.493424036,2379.81
64.551473922,2393.9
64.557278911,2393.02
64.563083900,2392.1
64.568888888,2391.3
64.574693877,2390.22
64.580498866,2388.22
64.586303854,2387.41
64.592108843,2386.62
64.597913832,2386.12
64.603718820,2372.81
64.609523809,2371.87
64.615328798,2370.72
64.621133786,2369.52
