128.197369615,161.459
128.203174603,161.74
128.208979592,161.528
128.214784580,161.307
128.220589569,161.511
128.226394558,162.076
128.232199546,161.3
128.238004535,161.387
128.243809524,162.471
128.249614512,162.299
128.255419501,162.17
128.261224490,161.851
128.267029478,161.807
128.272834467,163.445
128.278639456,161.785
128.284444444,161.823
128.290249433,159.672
128.406349206,163.135
128.412154195,162.642
128.417959184,162.243
128.423764172,162.486
128.429569161,162.817
128.435374150,162.709
128.441179138,162.515
128.446984127,162.873
128.452789116,163.893
128.458594104,163.14
128.464399093,163.518
128.470204082,162.409
128.476009070,162.671
128.481814059,162.419
128.487619048,161.547
128.493424036,160.946
128.499229025,161.309
128.505034014,163.027
128.510839002,163.624
128.516643991,164.159
128.522448980,164.074
128.528253968,163.847
128.534058957,163.479
128.539863946,164.102
128.621133787,162.494
128.626938776,162.62
128.632743764,161.209
128.638548753,162
128.644353741,161.274
128.650158730,164.826
128.655963719,164.58
128.661768707,164.539
128.667573696,164.85
128.673378685,161.87
128.679183673,161.887
128.684988662,162.18
128.690793651,163.516
128.696598639,161.097
128.702403628,159.529
128.708208617,159.077
128.714013605,161.621
128.719818594,162.704
128.725623583,158.981
128.731428571,155.176
128.737233560,156.131
128.743038549,159.199
128.748843537,151.771
128.754648526,151.193
128.760453515,150.897
128.766258503,150.854
128.772063492,150.206
128.777868481,151.132
128.783673469,144.819
128.789478458,152.95
128.795283447,153.225
128.801088435,154.638
128.806893424,156.559
128.812698413,158.341
128.818503401,162.654
128.824308390,161.516
128.830113379,161.422
128.835918367,162.407
128.922993197,161.646
128.928798186,159.38
128.934603175,158.6
128.940408163,158.73
128.946213152,157.661
128.952018141,158.486
128.957823129,159.672
128.963628118,159.472
128.969433107,161.389
128.975238095,160.516
128.981043084,159.964
128.986848073,165.989
128.992653061,167.855
128.998458050,167.678
129.004263039,167.675
129.010068027,168.012
129.015873016,168.852
129.021678005,168.699
129.027482993,168.423
129.033287982,168.167
129.039092971,168.867
129.044897959,168.765
129.050702948,168.217
129.056507937,168.952
129.062312925,169.628
129.068117914,170.29
129.073922902,170.859
129.079727891,170.122
129.085532880,168.752
129.091337868,169.205
129.097142857,169.125
129.102947846,168.978
129.108752834,165.766
129.114557823,166.037
129.120362812,168.558
129.126167800,168.596
129.131972789,166.789
129.787936508,95.2224
129.793741497,95.2471
129.799546485,95.4739
129.805351474,95.4039
129.811156463,95.4721
129.816961451,95.5157
129.822766440,95.3935
129.828571429,95.3856
129.834376417,95.3255
129.840181406,95.3546
129.845986395,95.3521
129.851791383,95.3418
129.857596372,95.3403
129.863401361,95.2956
129.869206349,95.2891
129.875011338,95.2596
129.880816327,95.2833
129.886621315,95.314
129.892426304,95.0819
129.898231293,95.057
129.904036281,94.8879
129.909841270,94.7848
129.915646259,95.0639
129.921451247,95.0771
129.927256236,95.459
129.933061224,95.0775
129.938866213,95.232
129.944671202,95.7841
129.950476190,95.7455
129.956281179,95.8802
129.962086168,96.0696
129.967891156,96.1229
129.973696145,96.1006
129.979501134,96.1861
129.985306122,96.3192
129.991111111,96.3177
129.996916100,96.319
130.002721088,96.3386
130.008526077,96.3123
130.014331066,96.4107
130.020136054,96.4243
130.025941043,97.0448
130.031746032,97.4008
130.037551020,97.0918
130.043356009,97.8665
130.049160998,98.0257
130.054965986,97.784
130.060770975,97.9457
130.066575964,98.6441
130.072380952,97.9615
130.078185941,97.3639
130.083990930,97.4004
130.089795918,97.9326
130.095600907,97.3703
130.101405896,97.2936
130.107210884,97.5831
130.113015873,98.3183
130.118820862,97.6433
130.124625850,97.033
130.130430839,97.0672
130.136235828,96.4916
130.142040816,96.7874
130.147845805,96.6132
130.153650794,96.3762
130.159455782,96.1294
130.165260771,96.3298
130.171065760,95.8906
130.176870748,95.7336
130.182675737,95.7426
130.188480726,95.836
130.194285714,95.709
130.200090703,95.8993
130.205895692,95.942
130.211700680,95.6716
130.223310658,105.112
130.229115646,105.451
130.234920635,105.109
130.240725624,105.376
130.246530612,105.597
130.252335601,105.851
130.258140590,105.777
130.263945578,105.617
130.269750567,105.557
130.275555556,105.44
130.281360544,105.47
130.287165533,105.68
130.292970522,105.979
130.298775510,106.313
130.304580499,106.201
130.310385488,106.341
130.316190476,106.398
130.321995465,106.391
130.327800454,107.041
130.333605442,106.915
130.339410431,106.969
130.438095238,83.6119
130.443900227,83.744
130.449705215,83.809
130.455510204,83.8461
130.461315193,83.832
130.467120181,84.2386
130.472925170,84.1351
130.478730159,83.933
130.484535147,83.9885
130.490340136,83.744
130.496145125,83.6284
130.501950113,83.6196
130.507755102,83.2116
130.513560091,83.1392
130.519365079,83.0694
130.525170068,83.2019
130.530975057,83.2496
130.536780045,83.0464
130.542585034,82.7086
130.548390023,82.8058
130.554195011,83.0854
130.560000000,82.889
130.565804989,82.7397
130.571609977,83.0866
130.577414966,83.1645
130.583219955,83.1496
130.589024943,83.0144
130.594829932,83.1955
130.600634921,83.4499
130.606439909,83.6182
130.612244898,83.5066
130.618049887,83.4836
130.774784580,83.6024
130.780589569,83.4902
130.786394558,83.2398
130.792199546,83.2305
130.798004535,83.1416
130.803809524,83.2111
130.809614512,83.0659
130.815419501,83.111
130.821224490,83.2718
130.827029478,83.4107
130.832834467,83.7115
130.838639456,84.0172
130.844444444,84.3377
130.850249433,84.3939
130.856054422,84.3303
130.861859410,84.3528
130.867664399,84.6584
130.873469388,88.1506
130.879274376,83.0433
130.885079365,81.682
130.890884354,79.5004
131.337868481,62.06
131.343673469,62.041
131.349478458,62.0403
131.355283447,62.0377
131.361088435,62.1392
131.366893424,62.165
131.372698413,62.1647
131.378503401,62.1509
131.384308390,62.1597
131.390113379,62.1216
131.395918367,62.147
131.401723356,62.1343
131.407528345,62.147
131.413333333,62.1045
131.419138322,62.0854
131.424943311,62.1597
131.430748299,62.276
131.436553288,62.3985
131.442358277,62.4059
131.448163265,62.56
131.453968254,62.2695
131.459773243,62.1734
131.465578231,62.1913
131.471383220,62.2769
131.477188209,62.3394
131.482993197,62.5111
131.488798186,62.6391
131.494603175,62.6887
131.500408163,62.6754
131.506213152,62.6602
131.512018141,62.7321
131.517823129,62.7647
131.523628118,62.7904
131.529433107,62.6875
131.535238095,62.6914
131.541043084,62.6658
131.546848073,62.6294
131.552653061,62.5063
131.558458050,62.4576
131.564263039,62.3198
131.570068027,62.2348
131.575873016,62.2139
131.581678005,62.1979
131.773242630,124.736
131.779047619,124.986
131.784852608,125.03
131.790657596,125.029
131.796462585,125.187
131.802267574,125.186
131.808072562,125.158
131.813877551,125.13
131.819682540,125.129
131.825487528,125.113
131.831292517,125.067
131.837097506,125.078
131.842902494,125.069
131.848707483,125.106
131.854512472,125.065
131.860317460,125.051
131.866122449,125.092
131.871927438,124.95
131.877732426,124.928
131.883537415,124.889
131.889342404,124.571
131.895147392,124.482
131.900952381,124.436
131.906757370,124.415
131.912562358,124.326
131.918367347,124.282
131.924172336,124.238
131.929977324,123.986
131.935782313,124
131.941587302,124.095
131.947392290,123.81
131.953197279,123.875
131.959002268,123.971
131.964807256,123.939
131.970612245,124.001
131.976417234,123.837
131.982222222,123.874
131.988027211,124.011
131.993832200,123.902
131.999637188,123.836
132.005442177,123.885
132.011247166,124.108
132.017052154,123.886
132.022857143,124.173
132.028662132,124.412
132.034467120,123.897
132.040272109,124.843
132.046077098,124.764
132.051882086,124.621
132.057687075,124.268
132.063492063,124.265
132.069297052,124.526
132.075102041,124.529
132.080907029,124.645
132.086712018,124.548
132.092517007,124.229
132.098321995,124.225
132.104126984,124.151
132.109931973,124.242
132.115736961,124.265
132.121541950,124.195
132.127346939,124.167
132.133151927,124.16
132.138956916,124.119
132.144761905,124.056
132.150566893,124.112
132.156371882,124.096
132.162176871,123.871
132.167981859,123.781
132.173786848,123.606
132.179591837,123.596
132.185396825,123.949
132.191201814,123.933
132.197006803,124.029
132.202811791,123.675
132.208616780,123.442
132.214421769,123.669
132.220226757,123.86
132.226031746,123.662
132.231836735,123.795
132.237641723,123.774
132.243446712,123.708
132.249251701,123.61
132.255056689,123.715
132.260861678,123.825
132.266666667,123.782
132.272471655,123.823
132.278276644,123.95
132.284081633,123.827
132.289886621,123.976
132.295691610,123.985
132.301496599,123.992
132.307301587,124.192
132.313106576,124.171
132.318911565,124.364
132.324716553,125.997
132.330521542,122.098
132.394376417,61.9749
132.400181406,61.9832
132.405986395,61.983
132.411791383,61.9816
132.417596372,61.9976
132.423401361,61.9916
132.429206349,62.0472
132.435011338,62.0819
132.440816327,62.0426
132.446621315,62.0369
132.452426304,62.0315
132.458231293,61.9665
132.464036281,62.0114
132.469841270,61.9546
132.475646259,62.0304
132.481451247,62.0826
132.487256236,62.1843
132.493061224,62.2317
132.498866213,62.2087
132.504671202,62.2045
132.510476190,62.1844
132.516281179,62.1485
132.522086168,62.2271
132.527891156,62.2719
132.533696145,62.2627
132.539501134,62.256
132.545306122,62.2404
132.551111111,62.2319
132.556916100,62.1982
132.562721088,62.1638
132.568526077,62.1079
132.603356009,60.7279
132.609160998,60.8407
132.614965986,61.5954
132.620770975,61.6044
132.626575964,61.837
132.632380952,61.9625
132.638185941,62.006
132.643990930,62.0195
132.649795918,61.9953
132.655600907,61.9931
132.661405896,61.9916
132.667210884,62.0042
132.673015873,62.0049
132.678820862,61.9966
132.684625850,61.9949
132.690430839,61.9955
132.696235828,62.0253
132.702040816,62.0608
132.707845805,62.1455
132.713650794,62.1885
132.719455782,62.1353
132.725260771,62.0601
133.317369615,99.9281
133.323174603,99.9834
133.328979592,99.7443
133.334784580,99.8393
133.340589569,99.7493
133.346394558,99.3743
133.352199546,99.6965
133.358004535,99.548
133.363809524,99.9048
133.369614512,100.445
133.375419501,100.449
133.381224490,100.565
133.387029478,100.264
133.392834467,100.298
133.398639456,100.21
133.404444444,100.584
133.410249433,100.699
133.416054422,100.573
133.421859410,100.823
133.427664399,100.678
133.433469388,101.085
133.439274376,101.232
133.445079365,100.732
133.450884354,100.502
133.456689342,97.1969
133.462494331,97.4937
133.741133787,92.508
133.746938776,92.6065
133.752743764,92.9373
133.758548753,96.9356
133.764353741,97.5525
133.770158730,97.2532
133.775963719,97.2706
133.781768707,97.3277
133.787573696,97.4941
133.793378685,97.5283
133.799183673,97.5106
133.804988662,97.5686
133.810793651,97.6127
133.816598639,97.6439
133.822403628,97.6475
133.828208617,97.663
133.834013605,97.71
133.839818594,97.7272
133.845623583,97.7108
133.851428571,97.7303
133.857233560,97.66
133.863038549,97.7416
133.868843537,97.7806
133.874648526,97.8132
133.880453515,97.7659
133.886258503,97.7428
133.892063492,97.8354
133.897868481,97.7907
133.903673469,97.6982
133.909478458,97.6012
133.915283447,97.5472
133.921088435,97.5978
133.926893424,97.5838
133.932698413,97.5242
133.938503401,97.3941
133.944308390,97.4038
133.950113379,97.3647
133.955918367,97.4141
133.961723356,97.5478
133.967528345,97.5223
133.973333333,97.5657
133.979138322,97.6357
133.984943311,97.6751
133.990748299,97.5445
133.996553288,97.6148
134.002358277,97.8979
134.008163265,98.2329
134.013968254,97.8615
134.019773243,98.1548
134.159092971,96.4192
134.164897959,96.889
134.170702948,97.0447
134.176507937,98.0039
134.182312925,98.6984
134.188117914,93.6498
134.193922902,98.3248
134.199727891,98.9017
134.205532880,98.9662
134.211337868,98.9242
134.217142857,98.827
134.222947846,98.9305
134.228752834,98.9443
134.234557823,98.8446
134.240362812,98.82
134.246167800,98.7415
134.251972789,98.7241
134.257777778,98.579
134.263582766,98.4658
134.269387755,98.4265
134.275192744,98.3429
134.280997732,98.3426
134.286802721,98.4399
134.292607710,98.078
134.298412698,98.0172
134.304217687,98.1254
134.310022676,98.1583
134.315827664,97.888
134.321632653,97.782
134.327437642,97.8363
134.333242630,97.8723
134.339047619,97.7783
134.344852608,97.699
134.350657596,97.7082
134.356462585,97.84
134.362267574,97.6455
134.368072562,97.531
134.373877551,97.5665
134.379682540,97.5783
134.385487528,97.5087
134.391292517,97.7682
134.397097506,97.5266
134.402902494,97.5553
134.408707483,97.4845
134.414512472,97.5278
134.420317460,97.382
134.426122449,97.1622
134.431927438,97.4522
134.437732426,97.3484
134.443537415,97.0056
134.449342404,96.2079
134.455147392,103.151
134.460952381,106.392
134.466757370,104.08
134.472562358,98.6944
134.478367347,98.0169
134.484172336,97.3901
134.489977324,97.9412
134.495782313,98.0529
134.501587302,97.9879
134.507392290,98.0841
134.513197279,98.0239
134.519002268,98.0049
134.524807256,97.9868
134.530612245,97.9717
134.536417234,97.9854
134.542222222,98.0035
134.548027211,97.9587
134.553832200,97.934
134.559637188,97.9508
134.565442177,97.8694
134.571247166,97.9508
134.577052154,98.116
134.582857143,97.9346
134.588662132,97.873
134.594467120,97.8642
134.600272109,97.7585
134.606077098,97.7229
134.611882086,97.8685
134.617687075,98.1553
134.623492063,98.0745
134.629297052,98.2285
134.635102041,98.264
134.640907029,98.2754
134.646712018,98.5694
134.652517007,98.4508
134.658321995,98.5131
134.664126984,98.4917
134.669931973,98.4343
134.675736961,98.4778
134.681541950,98.4603
134.687346939,98.4557
134.693151927,98.3837
134.698956916,98.4479
134.704761905,98.3877
134.710566893,98.2748
134.716371882,98.3571
134.722176871,98.3143
134.727981859,98.3062
134.733786848,98.3331
134.739591837,98.146
134.745396825,98.1936
134.751201814,98.0172
134.757006803,98.0382
134.762811791,98.232
134.768616780,97.9603
134.774421769,97.7925
134.780226757,98.0419
134.786031746,98.1972
134.791836735,98.11
134.797641723,97.97
134.803446712,97.9125
134.809251701,97.8283
134.815056689,97.7751
134.820861678,97.7977
134.826666667,97.8113
134.832471655,97.7953
134.838276644,97.6831
134.844081633,96.6556
134.849886621,96.1843
134.855691610,95.6927
135.668390023,124.172
135.674195011,124.615
135.680000000,124.73
135.685804989,125.416
135.691609977,124.532
135.697414966,124.791
135.703219955,124.134
135.709024943,124.741
135.714829932,125.044
135.720634921,124.052
135.726439909,125.574
135.732244898,126.061
135.738049887,125.984
135.743854875,125.093
135.749659864,125.797
135.755464853,126.351
135.761269841,125.843
135.767074830,126.681
135.772879819,128.029
135.778684807,128.295
135.784489796,127.976
135.790294785,128.252
135.796099773,128.247
135.801904762,128.299
135.807709751,128.52
135.813514739,128.842
135.819319728,128.805
135.825124717,128.724
135.830929705,129.495
135.836734694,129.78
135.842539683,127.777
135.848344671,127.155
135.854149660,127.025
135.859954649,126.709
135.865759637,126.476
135.871564626,126.429
135.877369615,126.621
135.883174603,126.461
136.074739229,98.4103
136.080544218,98.3784
136.086349206,98.4744
136.092154195,98.6464
136.097959184,98.7818
136.103764172,98.8545
136.109569161,98.8633
136.115374150,98.8609
136.121179138,98.6531
136.126984127,98.5634
136.132789116,98.5751
136.138594104,98.6086
136.144399093,98.8983
136.150204082,98.8872
136.156009070,98.961
136.161814059,98.8366
136.167619048,98.8879
136.173424036,98.7301
136.179229025,98.5465
136.185034014,98.4872
136.190839002,98.4924
136.196643991,98.6708
136.202448980,98.5615
136.208253968,98.6266
136.214058957,98.6897
136.219863946,98.8546
136.225668934,98.9225
136.231473923,98.9894
136.237278912,99.0156
136.243083900,98.9743
136.248888889,98.945
136.254693878,98.8332
136.260498866,98.8586
136.266303855,98.9204
136.272108844,98.9961
136.277913832,99.1264
136.283718821,99.2551
136.289523810,99.2641
136.295328798,99.393
136.301133787,99.3586
136.306938776,99.0939
136.312743764,98.9362
136.318548753,98.9377
136.324353741,98.9259
136.330158730,98.8207
136.335963719,98.9651
136.341768707,99.0052
136.347573696,98.7174
136.353378685,98.6229
136.359183673,98.5548
136.364988662,98.53
136.370793651,98.301
136.376598639,98.2479
136.382403628,98.1326
136.388208617,98.1141
136.394013605,98.1243
136.399818594,98.243
137.479546485,62.9457
137.485351474,62.9652
137.491156463,62.7984
137.496961451,62.7813
137.502766440,62.8452
137.508571429,62.7096
137.514376417,62.5335
137.520181406,62.4432
137.525986395,62.6637
137.531791383,62.6689
137.537596372,62.5444
137.543401361,62.5345
137.549206349,62.5659
137.555011338,62.3094
137.560816327,62.2587
137.624671202,82.1934
137.630476190,82.1781
137.636281179,82.1418
137.642086168,82.1336
137.647891156,82.1004
137.653696145,82.0593
137.659501134,82.0409
137.665306122,81.9886
137.671111111,81.917
137.676916100,81.8165
137.682721088,81.8274
137.688526077,81.747
137.694331066,81.7019
137.700136054,81.6535
137.705941043,81.446
137.711746032,81.3917
137.717551020,81.1975
137.723356009,81.1588
137.729160998,81.0201
137.734965986,81.0279
137.740770975,81.0283
137.746575964,81.0276
137.752380952,81.0418
137.758185941,81.0833
137.763990930,81.1117
137.769795918,81.1145
137.775600907,81.1196
137.781405896,81.1461
137.787210884,81.1141
137.793015873,81.0837
137.798820862,81.0738
137.804625850,81.1252
137.810430839,81.0961
137.816235828,81.0626
137.822040816,81.1112
137.827845805,81.0478
137.833650794,81.1333
137.839455782,81.1408
137.845260771,81.0695
137.851065760,81.2939
137.856870748,81.854
137.862675737,82.0106
140.509750567,81.963
140.515555556,81.8189
140.521360544,82.0029
140.527165533,82.1571
140.532970522,82.1527
140.538775510,82.1794
140.544580499,82.2576
140.550385488,82.1719
140.556190476,82.064
140.561995465,82.001
140.567800454,81.7482
140.573605442,81.5473
140.579410431,81.4241
140.585215420,81.468
140.591020408,81.4241
140.596825397,81.1144
140.602630385,81.2178
140.608435374,81.5008
140.614240363,81.3348
140.620045351,80.8641
140.625850340,80.7264
140.631655329,81.3198
140.637460317,81.4133
140.643265306,80.6642
140.649070295,79.9239
140.654875283,80.3405
140.858049887,82.0125
140.863854875,81.8615
140.869659864,81.8727
140.875464853,82.0217
140.881269841,82.0044
140.887074830,82.3062
140.892879819,82.5372
140.898684807,82.6916
140.904489796,82.7412
140.910294785,82.6577
140.916099773,82.98
140.921904762,83.1808
140.927709751,83.8437
140.933514739,85.0703
140.945124717,93.2076
140.950929705,94.4352
140.956734694,93.8116
140.962539683,94.1125
140.968344671,94.6455
140.974149660,94.3071
140.979954649,93.5769
140.985759637,93.8048
140.991564626,93.6997
140.997369615,93.9402
141.003174603,94.0824
141.008979592,94.0508
141.014784580,93.9582
141.020589569,93.9015
141.026394558,93.8693
141.032199546,93.9852
141.038004535,93.9886
141.043809524,93.9718
141.049614512,94.0345
141.055419501,94.0583
141.061224490,93.9246
141.067029478,94.1515
141.072834467,94.6605
141.078639456,94.7169
141.084444444,94.7391
141.090249433,94.9417
141.096054422,95.2283
141.101859410,95.6582
141.107664399,95.8025
141.113469388,95.8752
141.119274376,95.9715
141.125079365,95.9979
141.130884354,96.0665
141.136689342,96.1207
141.142494331,96.2389
141.148299320,96.3035
141.154104308,96.2888
141.159909297,96.3702
141.165714286,96.414
141.171519274,96.4563
141.177324263,96.5408
141.183129252,96.7285
141.188934240,96.8894
141.194739229,97.3443
141.200544218,98.8466
141.206349206,99.2344
141.212154195,99.0126
141.217959184,99.0852
141.223764172,98.9362
141.229569161,98.7237
141.235374150,99.0169
141.241179138,98.8176
141.246984127,98.588
141.252789116,98.2433
141.258594104,98.2442
141.264399093,98.2864
141.270204082,98.236
141.276009070,97.9883
141.281814059,97.474
141.287619048,97.3648
141.293424036,97.1842
141.299229025,97.2239
141.305034014,96.928
141.310839002,96.7968
141.316643991,96.6844
141.322448980,96.7568
141.328253968,96.5298
141.334058957,96.6486
141.339863946,96.7537
141.345668934,98.0194
141.351473923,97.9364
141.357278912,100.26
141.363083900,101.572
141.368888889,96.8384
141.374693878,100.97
141.380498866,106.481
141.386303855,106.644
141.392108844,110.154
141.397913832,109.945
141.403718821,106.997
141.409523810,109.265
141.415328798,109.372
141.421133787,109.085
141.426938776,109.215
141.432743764,109.086
141.438548753,109.369
141.444353741,109.339
141.450158730,109.462
141.455963719,109.64
141.461768707,109.699
141.467573696,109.662
141.473378685,109.613
141.479183673,109.632
141.484988662,108.954
141.490793651,108.973
141.496598639,109.637
141.502403628,109.891
141.537233560,83.7116
141.543038549,83.7796
141.548843537,83.7664
141.554648526,83.7928
141.560453515,83.8532
141.566258503,83.8623
141.572063492,83.8124
141.577868481,83.8365
141.583673469,83.8686
141.589478458,83.8819
141.595283447,83.8792
141.601088435,83.8458
141.606893424,83.8503
141.612698413,83.889
141.618503401,83.8512
141.624308390,83.872
141.630113379,83.9335
141.635918367,83.92
141.641723356,83.964
141.647528345,84.0005
141.653333333,83.8673
141.659138322,83.8915
141.664943311,84.1458
141.670748299,84.0908
141.676553288,83.8575
141.682358277,83.809
141.688163265,83.807
141.693968254,83.7399
141.699773243,83.6897
141.705578231,83.5127
141.711383220,83.3672
141.717188209,83.1351
141.722993197,83.4041
141.728798186,83.5118
141.734603175,83.0815
142.367346939,59.9261
142.373151927,60.0168
142.378956916,60.2503
142.384761905,60.0214
142.390566893,60.0438
142.396371882,60.0253
142.402176871,60.0587
142.407981859,59.9829
142.413786848,60.0083
142.419591837,59.9978
142.425396825,59.9937
142.431201814,59.9598
142.437006803,59.9514
142.442811791,59.9369
142.448616780,59.9422
142.454421769,59.9559
142.460226757,59.979
142.466031746,59.9549
142.471836735,59.8936
142.477641723,59.9212
142.483446712,59.9519
142.489251701,59.9334
142.495056689,59.8698
142.500861678,60.0026
142.506666667,60.3097
142.512471655,60.2172
142.959455782,59.9004
142.965260771,59.8786
142.971065760,59.3427
142.976870748,59.3716
142.982675737,59.3591
142.988480726,59.7837
142.994285714,59.4161
143.000090703,59.6145
143.005895692,59.7188
143.011700680,59.5881
143.017505669,59.5643
143.023310658,61.5056
143.029115646,61.4201
143.034920635,61.3542
143.040725624,61.5461
143.046530612,61.482
143.052335601,61.4285
143.058140590,61.5395
143.063945578,61.6983
143.069750567,61.6875
143.075555556,61.5791
143.081360544,61.5903
143.087165533,61.5304
143.092970522,61.4783
143.098775510,61.5299
143.104580499,61.5698
143.110385488,61.7099
143.116190476,62.0114
143.121995465,62.1046
143.127800454,62.1335
143.133605442,62.2018
143.139410431,62.1818
143.145215420,62.2846
143.151020408,62.5014
143.156825397,62.5485
143.162630385,62.5898
143.168435374,62.6183
143.238095238,122.161
143.243900227,122.171
143.249705215,122.326
143.255510204,122.423
143.261315193,122.535
143.267120181,122.618
143.272925170,122.641
143.278730159,122.623
143.284535147,122.722
143.290340136,122.765
143.296145125,122.83
143.301950113,122.919
143.307755102,123.108
143.313560091,123.099
143.319365079,122.998
143.325170068,123.195
143.330975057,123.195
143.336780045,123.25
143.342585034,123.12
143.348390023,123.005
143.354195011,122.678
143.360000000,122.44
143.365804989,122.309
143.371609977,122.325
143.377414966,122.034
143.383219955,122.055
143.389024943,122.055
143.394829932,122.32
143.400634921,122.128
143.406439909,122.153
143.412244898,122.527
143.418049887,122.187
143.423854875,122.406
143.429659864,122.49
143.435464853,122.209
143.441269841,122.159
143.447074830,122.268
143.452879819,122.447
143.458684807,122.448
143.464489796,121.586
143.470294785,121.605
143.476099773,121.254
143.481904762,121.578
143.487709751,121.585
143.493514739,121.717
143.499319728,121.754
143.505124717,121.72
143.510929705,121.663
143.516734694,121.714
143.522539683,121.785
143.528344671,121.814
143.534149660,121.79
143.539954649,121.787
143.545759637,121.809
143.551564626,121.823
143.557369615,121.872
143.563174603,121.898
143.615419501,122.155
143.621224490,122.008
143.627029478,122.28
143.632834467,122.427
143.638639456,122.128
143.644444444,121.73
143.650249433,121.616
143.656054422,121.839
143.661859410,121.289
143.667664399,121.519
143.673469388,121.922
143.679274376,121.83
143.685079365,121.769
143.690884354,121.758
143.696689342,121.723
143.702494331,121.713
143.708299320,121.644
143.714104308,121.527
143.719909297,121.639
143.725714286,121.747
143.731519274,121.633
143.737324263,121.767
143.743129252,122.33
143.748934240,123.267
143.818594104,62.0025
143.824399093,61.943
143.830204082,61.8901
143.836009070,61.8858
143.841814059,61.8685
143.847619048,61.8409
143.853424036,61.7973
143.859229025,61.7561
143.865034014,61.5839
143.870839002,61.4667
143.876643991,61.3219
143.882448980,61.1993
143.888253968,61.2642
143.923083900,61.7354
143.928888889,61.7732
143.934693878,61.8506
143.940498866,61.7761
143.946303855,61.7444
143.952108844,61.7524
143.957913832,61.7959
143.963718821,61.7444
143.969523810,61.7164
143.975328798,61.7386
143.981133787,61.7081
143.986938776,61.7204
143.992743764,61.6153
143.998548753,61.5885
144.004353741,61.643
144.010158730,61.4856
144.015963719,61.5999
144.021768707,61.559
144.027573696,61.4445
144.033378685,61.5907
144.039183673,61.6611
144.044988662,61.6142
144.050793651,61.5006
144.056598639,61.8145
144.062403628,61.9966
144.068208617,61.9847
144.074013605,62.0765
144.079818594,62.2198
144.085623583,62.2582
144.091428571,62.0843
144.097233560,62.0911
144.103038549,62.1484
144.108843537,62.0629
144.114648526,61.9983
144.120453515,62.0251
144.126258503,62.0618
144.132063492,62.1921
144.137868481,62.2325
144.143673469,61.9837
144.149478458,61.8804
144.457142857,61.4553
144.462947846,61.4012
144.468752834,61.5811
144.474557823,61.578
144.480362812,61.39
144.486167800,61.4388
144.491972789,61.3555
144.497777778,61.2733
144.503582766,61.2393
144.509387755,61.5002
144.515192744,61.5594
144.520997732,61.548
144.526802721,61.4599
144.532607710,61.4885
144.538412698,61.3744
144.544217687,61.2562
144.550022676,61.3791
144.555827664,61.5682
144.561632653,61.6255
144.567437642,61.621
144.573242630,61.7876
144.579047619,61.8372
144.584852608,61.8323
144.590657596,61.9892
144.596462585,61.9067
144.950566893,148.154
144.956371882,148.118
144.962176871,148.098
144.967981859,148.092
144.973786848,148.061
144.979591837,148.06
144.985396825,148.13
144.991201814,147.769
144.997006803,147.654
145.002811791,147.45
145.008616780,147.276
145.014421769,147.149
145.020226757,147.152
145.026031746,146.983
145.031836735,146.934
145.037641723,146.873
145.043446712,146.657
145.049251701,146.658
145.055056689,147.669
145.060861678,145.753
145.066666667,148.014
145.072471655,147.004
145.078276644,146.696
145.084081633,146.916
145.089886621,147.592
145.095691610,147.724
145.101496599,147.058
145.107301587,146.726
145.113106576,146.855
145.118911565,147.182
145.124716553,147.085
145.130521542,146.983
145.136326531,146.858
145.142131519,145.324
145.147936508,146.473
145.153741497,146.801
145.159546485,149.047
145.165351474,149.144
145.171156463,149.372
145.176961451,148.945
145.182766440,148.933
145.188571429,149.276
145.194376417,149.141
145.200181406,149.021
145.205986395,148.921
145.211791383,148.781
145.217596372,148.728
145.223401361,148.639
145.229206349,148.754
145.235011338,148.644
145.240816327,148.713
145.246621315,148.634
145.252426304,148.495
145.258231293,148.279
145.264036281,147.984
145.269841270,148.147
145.275646259,147.973
145.281451247,147.619
145.287256236,147.57
145.293061224,147.586
145.298866213,147.728
145.304671202,147.148
145.310476190,146.77
145.316281179,145.927
145.322086168,145.566
145.327891156,145.609
145.333696145,145.274
145.339501134,145.34
145.345306122,145.212
145.351111111,145.317
145.356916100,145.332
145.362721088,145.375
145.420770975,73.0493
145.426575964,73.1781
145.432380952,73.2935
145.438185941,73.3793
145.443990930,73.353
145.449795918,73.3208
145.455600907,73.3089
145.461405896,73.313
145.467210884,73.4011
145.473015873,73.261
145.478820862,73.0851
145.484625850,72.901
145.490430839,72.8134
145.496235828,72.8401
145.502040816,73.0901
145.507845805,72.9268
145.513650794,72.8872
145.519455782,73.0315
145.525260771,73.1603
145.531065760,73.1123
145.536870748,73.2536
145.542675737,73.2354
145.548480726,73.1814
145.554285714,73.3242
145.560090703,73.4004
145.565895692,73.5668
145.571700680,73.3419
145.577505669,72.3599
145.885170068,73.5207
145.890975057,73.5306
145.896780045,73.3419
145.902585034,73.1849
145.908390023,73.5013
145.914195011,73.5346
145.920000000,73.3541
145.925804989,73.4357
145.931609977,73.4601
145.937414966,73.568
145.943219955,73.5394
145.949024943,73.5076
145.954829932,73.5961
145.960634921,73.5961
145.966439909,73.4149
145.972244898,73.3741
145.978049887,73.4845
145.983854875,73.5193
145.989659864,73.4998
145.995464853,73.4422
146.001269841,73.4299
146.007074830,73.2934
146.012879819,73.334
146.018684807,73.1275
146.030294785,73.4192
146.036099773,73.5886
146.041904762,73.9159
146.047709751,73.9305
146.053514739,73.8954
146.059319728,73.9036
146.065124717,73.8548
146.070929705,73.7895
146.076734694,73.7886
146.082539683,73.7929
146.088344671,73.8044
146.094149660,73.7595
146.099954649,73.7423
146.105759637,73.7435
146.111564626,73.742
146.117369615,73.7287
146.123174603,73.7305
146.128979592,73.726
146.134784580,73.6087
146.140589569,73.5131
146.146394558,73.4104
146.152199546,73.2548
146.158004535,73.3344
146.163809524,73.3475
146.169614512,73.2003
146.175419501,73.0068
146.181224490,72.7629
146.187029478,72.9091
146.192834467,73.042
146.198639456,72.954
146.204444444,72.8862
146.210249433,72.9025
146.216054422,73.0309
146.221859410,73.0582
146.227664399,73.117
146.233469388,73.1437
146.239274376,73.1767
146.245079365,73.1896
146.250884354,73.1896
146.256689342,73.2079
146.262494331,73.2689
146.268299320,73.2973
146.274104308,73.3834
146.279909297,73.3163
146.285714286,73.3439
146.442448980,156.723
146.448253968,157.383
146.454058957,157.546
146.459863946,157.438
146.465668934,157.014
146.471473923,156.039
146.477278912,156.186
146.483083900,156.231
146.488888889,155.455
146.494693878,155.53
146.500498866,153.936
146.506303855,154.35
146.512108844,153.163
146.517913832,151.683
146.523718821,151.246
146.529523810,149.393
146.535328798,148.622
146.541133787,147.29
146.546938776,145.694
146.552743764,144.242
146.558548753,143.175
146.564353741,141.189
146.570158730,141.594
146.575963719,141.243
146.581768707,142.367
146.587573696,147.391
146.686258503,159.365
146.692063492,159.257
146.697868481,156.438
146.703673469,155.592
146.709478458,155.984
146.715283447,157.222
146.721088435,157.298
146.726893424,156.386
146.732698413,157.301
146.738503401,157.028
146.744308390,158.554
146.750113379,160.175
146.755918367,157.914
146.761723356,157.283
146.767528345,154.339
146.773333333,154.305
146.779138322,151.338
146.784943311,151.656
146.790748299,152.412
146.796553288,151.44
146.802358277,150.686
146.808163265,152.221
146.813968254,153.395
146.819773243,154.47
146.825578231,154.332
146.831383220,153.997
146.837188209,154.244
146.842993197,154.563
146.848798186,155.669
146.854603175,156.369
146.860408163,156.986
146.866213152,157.3
146.872018141,158.09
146.877823129,158.298
146.883628118,158.579
146.889433107,159.023
146.895238095,159.408
146.901043084,159.048
146.906848073,158.199
146.912653061,158.24
146.918458050,158.181
146.924263039,158.859
146.930068027,158.12
146.935873016,156.711
146.941678005,155.446
146.947482993,155.151
146.953287982,155.127
146.959092971,154.726
146.964897959,154.278
146.970702948,153.958
146.976507937,154.244
146.982312925,154.914
146.988117914,155.336
146.993922902,154.689
146.999727891,154.125
147.005532880,153.196
147.011337868,152.885
147.017142857,152.062
147.022947846,150.478
147.028752834,148.487
147.034557823,148.102
147.040362812,144.516
147.835646259,62.3938
147.841451247,62.3967
147.847256236,62.365
147.853061224,62.2476
147.858866213,62.3148
147.864671202,62.1698
147.870476190,62.2108
147.876281179,62.1424
147.882086168,62.1187
147.887891156,62.0493
147.893696145,61.9272
147.899501134,61.9478
147.905306122,61.8269
147.911111111,61.9127
147.916916100,61.8407
147.922721088,61.93
147.928526077,61.9097
147.934331066,61.8742
147.940136054,61.9262
147.945941043,61.8709
147.951746032,61.7886
147.957551020,61.6456
147.963356009,61.6431
147.969160998,61.7595
147.974965986,61.8444
147.980770975,62.2648
147.986575964,62.0367
148.195555556,124.174
148.201360544,124.367
148.207165533,124.24
148.212970522,124.392
148.218775510,124.298
148.224580499,124.304
148.230385488,124.42
148.236190476,124.367
148.241995465,124.437
148.247800454,124.422
148.253605442,124.398
148.259410431,124.399
148.265215420,124.444
148.271020408,124.47
148.276825397,124.488
148.282630385,124.459
148.288435374,124.491
148.294240363,124.387
148.300045351,124.505
148.305850340,124.367
148.311655329,124.526
148.317460317,124.53
148.323265306,124.287
148.329070295,124.476
148.334875283,124.348
148.340680272,124.314
148.346485261,124.295
148.352290249,124.397
148.358095238,124.395
148.363900227,124.349
148.369705215,124.555
148.375510204,124.595
148.381315193,124.429
148.387120181,124.548
148.392925170,124.709
148.398730159,124.745
148.404535147,124.586
148.410340136,124.69
148.416145125,124.358
148.421950113,123.26
148.427755102,122.907
148.433560091,123.088
148.439365079,122.817
148.445170068,123.035
148.450975057,123.44
148.456780045,123.612
148.462585034,123.622
148.468390023,123.819
148.474195011,123.871
148.480000000,123.975
148.485804989,123.963
148.491609977,124.052
148.497414966,124.027
148.503219955,124.023
148.509024943,124.062
148.514829932,124.096
148.520634921,124.201
148.526439909,124.257
148.532244898,124.369
148.538049887,124.475
148.543854875,124.34
148.549659864,124.308
148.555464853,124.292
148.561269841,124.145
148.567074830,124.097
148.572879819,123.942
148.578684807,123.777
148.584489796,123.483
148.654149660,62.3497
148.659954649,62.3805
148.665759637,62.4306
148.671564626,62.5338
148.677369615,62.5096
148.683174603,62.3982
148.688979592,62.3084
148.694784580,62.2889
148.700589569,62.2845
148.706394558,62.2689
148.712199546,62.2819
148.718004535,62.2585
148.723809524,62.29
148.729614512,62.3867
148.735419501,62.3936
148.741224490,62.3972
148.747029478,62.366
148.752834467,62.3453
148.758639456,62.2971
148.764444444,62.2932
148.770249433,62.2663
148.776054422,62.2939
148.781859410,62.2909
148.787664399,62.2439
148.793469388,62.2648
148.799274376,62.2791
148.805079365,62.2928
148.810884354,62.2851
148.816689342,62.2606
148.822494331,62.222
148.828299320,62.2386
148.834104308,62.2916
149.014058957,62.0932
149.019863946,62.0965
149.025668934,62.0687
149.031473923,62.0511
149.037278912,61.979
149.043083900,61.9924
149.048888889,61.9796
149.054693878,61.9924
149.060498866,61.9515
149.066303855,61.9545
149.072108844,61.9937
149.077913832,62.0494
149.083718821,62.0859
149.089523810,62.1145
149.095328798,62.1787
149.101133787,62.2688
149.106938776,62.3301
149.112743764,62.2994
149.118548753,62.3165
149.275283447,124.811
149.281088435,124.711
149.286893424,124.699
149.292698413,124.865
149.298503401,124.716
149.304308390,124.857
149.310113379,124.772
149.315918367,124.808
149.321723356,124.795
149.327528345,124.655
149.333333333,124.617
149.339138322,124.65
149.344943311,124.708
149.350748299,124.725
149.356553288,124.572
149.362358277,124.432
149.368163265,124.283
149.373968254,124.57
149.379773243,124.308
149.385578231,124.538
149.391383220,124.413
149.397188209,124.416
149.402993197,124.326
149.408798186,124.279
149.414603175,123.797
149.420408163,123.669
149.426213152,123.787
149.432018141,124.414
149.437823129,124.423
149.443628118,123.954
149.449433107,124.077
149.455238095,124.139
149.461043084,124.033
149.466848073,124.175
149.472653061,124.206
149.652607710,124.373
149.658412698,124.309
149.664217687,124.355
149.670022676,124.393
149.675827664,124.276
149.681632653,124.242
149.687437642,124.132
149.693242630,124.242
149.699047619,124.303
149.704852608,124.286
149.710657596,124.133
149.716462585,124.006
149.722267574,123.882
149.728072562,123.964
149.733877551,124.082
149.739682540,124.29
149.745487528,123.939
149.751292517,124.244
149.757097506,124.026
149.762902494,124.065
149.768707483,123.876
149.774512472,123.922
149.780317460,124.286
149.786122449,123.904
149.791927438,124.083
149.797732426,123.876
149.803537415,123.702
149.809342404,123.733
149.815147392,123.798
149.820952381,124.111
149.826757370,123.247
149.832562358,122.829
149.838367347,123.885
149.844172336,123.1
149.849977324,124.149
150.111201814,124.289
150.117006803,124.327
150.122811791,124.259
150.128616780,124.331
150.134421769,124.279
150.140226757,124.584
150.146031746,124.588
150.151836735,124.292
150.157641723,124.354
150.163446712,124.335
150.169251701,124.309
150.175056689,124.465
150.180861678,124.276
150.186666667,124.263
150.192471655,124.373
150.198276644,124.001
150.204081633,124.383
150.209886621,124.05
150.215691610,124.214
150.221496599,124.213
150.227301587,124.13
150.233106576,124.034
150.238911565,124.178
150.244716553,124.453
150.250521542,124.319
150.256326531,124.181
150.262131519,123.803
150.267936508,123.499
150.331791383,62.3015
150.337596372,62.2873
150.343401361,62.3031
150.349206349,62.3125
150.355011338,62.3116
150.360816327,62.2803
150.366621315,62.2771
150.372426304,62.2259
150.378231293,62.2187
150.384036281,62.1662
150.389841270,62.1577
150.395646259,62.1025
150.401451247,62.2078
150.407256236,62.1447
150.413061224,62.1484
150.418866213,62.0497
150.424671202,61.9511
150.430476190,61.9549
150.436281179,61.8819
150.442086168,61.8288
150.447891156,61.8263
150.453696145,61.8444
150.459501134,61.8581
150.465306122,61.8821
150.471111111,61.9363
150.476916100,61.975
150.482721088,61.9524
150.488526077,62.0314
150.494331066,62.1022
150.500136054,62.13
150.505941043,62.1756
153.838004535,61.6994
153.843809524,61.7691
153.849614512,61.8356
153.855419501,61.8216
153.861224490,61.8347
153.867029478,61.8411
153.872834467,61.8489
153.878639456,61.8413
153.884444444,61.8246
153.890249433,61.8429
153.896054422,61.8495
153.901859410,61.8769
153.907664399,61.8742
153.913469388,61.8948
153.919274376,61.843
153.925079365,61.8292
153.930884354,61.9158
153.936689342,61.8238
153.942494331,61.6809
153.948299320,61.7132
153.954104308,61.7032
153.959909297,61.7151
153.965714286,61.7047
153.971519274,61.7763
153.977324263,61.8182
153.983129252,61.9108
153.988934240,61.9158
153.994739229,61.9773
154.000544218,61.8702
154.006349206,61.8056
154.012154195,61.7405
154.017959184,61.8252
154.023764172,61.7692
154.029569161,61.7024
154.035374150,61.6421
154.041179138,61.5815
154.046984127,61.6049
154.052789116,61.4971
154.058594104,61.614
154.946757370,61.8671
154.952562358,61.8209
154.958367347,61.9434
154.964172336,61.9822
154.969977324,62.1064
154.975782313,62.2068
154.981587302,62.2314
154.987392290,62.078
154.993197279,62.0913
154.999002268,62.0719
155.213786848,106.757
155.219591837,106.974
155.225396825,106.885
155.231201814,106.636
155.237006803,106.733
155.242811791,106.909
155.248616780,106.897
155.254421769,106.84
155.260226757,106.937
155.266031746,107.394
155.271836735,107.332
155.277641723,107.236
155.283446712,107.379
155.289251701,107.196
155.295056689,107.169
155.300861678,107.949
155.306666667,107.317
155.312471655,105.686
155.318276644,106.724
155.324081633,108.021
155.329886621,107.59
155.335691610,106.731
155.341496599,106.751
155.347301587,107.297
155.353106576,107.277
155.358911565,107.161
155.364716553,107.684
155.370521542,108.154
155.376326531,108.659
155.382131519,109.55
155.387936508,109.659
155.393741497,109.416
155.399546485,109.668
155.405351474,109.724
155.411156463,109.097
155.416961451,109.286
155.422766440,109.719
155.428571429,109.844
155.434376417,109.92
155.440181406,109.791
155.445986395,109.431
155.451791383,109.845
155.457596372,109.956
155.463401361,109.508
155.469206349,104.724
155.765260771,97.9231
155.771065760,98.0841
155.776870748,98.3254
155.782675737,98.6209
155.788480726,98.6172
155.794285714,98.4146
155.800090703,98.571
155.805895692,98.3816
155.811700680,98.1723
155.817505669,98.3511
155.823310658,98.0446
155.829115646,97.8273
155.834920635,97.7294
155.840725624,97.8938
155.846530612,97.9129
155.852335601,97.781
155.858140590,97.7214
155.863945578,97.5746
155.869750567,97.5655
155.875555556,97.4288
155.881360544,97.2909
155.887165533,97.1016
155.892970522,95.1229
155.898775510,96.2242
155.991655329,153.635
155.997460317,153.662
156.003265306,154.378
156.009070295,155.243
156.014875283,155.48
156.020680272,160.171
156.026485261,159.08
156.032290249,156.922
156.038095238,156.737
156.043900227,157.007
156.049705215,157.866
156.055510204,158.921
156.061315193,158.982
156.067120181,160.409
156.072925170,161.02
156.078730159,161.923
156.084535147,161.994
156.090340136,161.81
156.096145125,161.243
156.101950113,161.176
156.107755102,160.77
156.113560091,161.111
156.119365079,161.406
156.125170068,162.38
156.130975057,163.29
156.136780045,163.015
156.142585034,163.511
156.148390023,163.461
156.154195011,163.342
156.160000000,163.859
156.165804989,164.006
156.171609977,160.817
156.177414966,162.805
156.345759637,97.4019
156.351564626,96.8329
156.357369615,96.4669
156.363174603,96.9908
156.368979592,96.8931
156.374784580,96.9221
156.380589569,97.2924
156.386394558,97.3266
156.392199546,97.1897
156.398004535,96.8469
156.403809524,96.9411
156.409614512,97.1308
156.415419501,97.3716
156.421224490,97.5672
156.427029478,97.8689
156.432834467,97.9796
156.438639456,98.3078
156.444444444,98.487
156.450249433,98.4198
156.456054422,98.944
156.514104308,97.4242
156.519909297,98.3007
156.525714286,98.4461
156.531519274,98.3634
156.537324263,98.2074
156.543129252,98.0723
156.548934240,98.1352
156.554739229,98.1621
156.560544218,98.0606
156.566349206,97.9913
156.572154195,97.7961
156.577959184,97.9554
156.583764172,98.1473
156.589569161,98.3898
156.595374150,98.3282
156.601179138,98.3466
156.606984127,98.08
156.612789116,97.4976
156.618594104,96.5077
156.624399093,96.1612
156.630204082,96.0284
156.636009070,95.9974
156.641814059,95.9916
156.647619048,96.0213
156.653424036,96.0165
156.659229025,96.0284
156.665034014,96.0897
156.670839002,96.1482
156.676643991,96.2171
156.682448980,96.2587
156.688253968,96.2638
156.694058957,96.2548
156.699863946,96.2378
156.705668934,96.2508
156.711473923,96.3867
156.717278912,96.5592
156.723083900,96.8017
156.728888889,97.175
156.734693878,97.653
156.740498866,97.4458
156.746303855,97.3278
156.752108844,97.3451
156.757913832,97.3337
156.763718821,97.3337
156.769523810,97.0688
156.775328798,97.1448
156.781133787,97.2746
156.786938776,97.0823
156.792743764,97.3237
156.798548753,97.2927
156.804353741,97.4141
156.810158730,97.2695
156.815963719,97.4134
156.821768707,97.0378
156.827573696,97.0119
156.833378685,97.1118
156.839183673,97.0244
156.844988662,97.061
156.850793651,96.8605
156.856598639,96.8798
156.862403628,96.9815
156.868208617,96.9249
156.874013605,97.1562
156.879818594,96.9503
156.885623583,97.1367
156.891428571,96.4474
156.897233560,95.7711
156.903038549,95.6589
156.908843537,95.1494
156.914648526,94.9702
156.920453515,95.3176
156.926258503,95.5016
156.932063492,96.0418
156.937868481,96.4391
156.943673469,96.5424
156.949478458,96.6681
156.955283447,96.826
156.961088435,96.7403
156.966893424,96.7592
156.972698413,96.8103
156.978503401,96.8197
156.984308390,96.8882
156.990113379,96.9413
156.995918367,96.9345
157.001723356,96.9752
157.007528345,97.1361
157.013333333,97.1691
157.019138322,97.4615
157.024943311,97.4219
157.030748299,97.2683
157.036553288,97.3426
157.042358277,97.4063
157.048163265,97.1638
157.053968254,97.2869
157.059773243,96.9812
157.065578231,96.5385
157.071383220,96.5497
157.077188209,96.0658
157.082993197,96.2485
157.088798186,96.0664
157.094603175,95.9662
157.100408163,95.9819
157.106213152,95.9629
157.112018141,95.9722
157.117823129,96.0988
157.123628118,96.1437
157.129433107,96.2351
157.158458050,96.6981
157.164263039,96.6624
157.170068027,96.9455
157.175873016,96.8648
157.181678005,97.1111
157.187482993,97.1228
157.193287982,97.0822
157.199092971,97.2215
157.204897959,97.2895
157.210702948,97.4499
157.216507937,97.7168
157.222312925,97.4429
157.228117914,97.3052
157.233922902,97.2445
157.239727891,96.9952
157.245532880,97.2319
157.251337868,97.1067
157.257142857,97.0032
157.262947846,97.1678
157.268752834,97.0707
157.274557823,97.1277
157.280362812,97.1363
157.286167800,97.2122
157.291972789,97.118
157.297777778,97.0972
157.303582766,96.9751
157.309387755,96.9495
157.315192744,96.9771
157.320997732,97.1282
157.326802721,97.0172
157.332607710,97.0283
157.338412698,97.123
157.344217687,97.2561
157.350022676,97.0197
157.355827664,95.9683
157.361632653,96.0038
157.367437642,95.3587
157.373242630,95.6286
157.379047619,95.5152
157.384852608,95.6922
157.390657596,95.7976
157.396462585,96.0609
157.402267574,103.916
157.408072562,103.656
157.413877551,103.602
157.419682540,103.527
157.425487528,103.48
157.431292517,103.616
157.437097506,103.702
157.442902494,103.819
157.448707483,103.86
157.454512472,103.655
157.460317460,102.86
157.466122449,102.54
157.471927438,102.212
157.477732426,101.962
157.483537415,102.097
157.489342404,101.927
157.495147392,101.906
157.500952381,101.533
157.506757370,101.684
157.512562358,100.004
157.518367347,100.289
157.524172336,100.279
157.529977324,100.247
157.535782313,100.174
157.541587302,99.9749
157.547392290,99.7598
157.553197279,99.6871
157.559002268,99.7708
157.564807256,99.6347
157.570612245,99.4988
157.576417234,99.4611
157.582222222,99.2761
157.588027211,99.359
157.593832200,99.6355
157.599637188,100.624
157.605442177,100.526
157.611247166,99.9373
157.617052154,100.758
157.622857143,100.98
157.628662132,101.574
157.634467120,105.785
157.640272109,106.468
157.646077098,106.052
157.651882086,105.428
157.750566893,99.1186
157.756371882,99.1806
157.762176871,99.1341
157.767981859,98.9702
157.773786848,99.1099
157.779591837,99.1408
157.785396825,99.2334
157.791201814,99.3789
157.797006803,99.4513
157.802811791,99.2445
157.808616780,99.1583
157.814421769,99.2323
157.820226757,99.3792
157.826031746,99.3566
157.831836735,99.379
157.837641723,99.4468
157.843446712,99.309
157.849251701,99.2701
157.855056689,99.3214
157.860861678,99.5016
157.866666667,99.4737
157.872471655,99.5439
157.878276644,99.5415
157.884081633,99.3927
157.889886621,99.4348
157.895691610,99.5601
157.901496599,99.748
157.907301587,99.5329
157.913106576,100.058
157.918911565,99.9548
157.924716553,104.01
157.930521542,104.294
157.936326531,104.459
157.942131519,104.657
158.017596372,98.4596
158.023401361,98.4845
158.029206349,98.6708
158.035011338,98.5014
158.040816327,98.6141
158.046621315,98.6238
158.052426304,98.6383
158.058231293,98.7009
158.064036281,98.8551
158.069841270,98.9609
158.075646259,99.075
158.081451247,96.5498
158.087256236,96.4189
158.197551020,98.9985
158.203356009,98.9799
158.209160998,99.1221
158.214965986,99.0369
158.220770975,98.8485
158.226575964,98.7958
158.232380952,98.8799
158.238185941,98.9223
158.243990930,98.7954
158.249795918,98.7695
158.255600907,98.8228
158.261405896,98.7014
158.267210884,98.6834
158.273015873,98.6648
158.278820862,98.6825
158.284625850,98.6993
158.290430839,98.6934
158.296235828,98.6939
158.302040816,98.6778
158.307845805,98.7057
158.313650794,98.6943
158.319455782,98.7005
158.325260771,98.6961
158.331065760,98.7145
158.336870748,98.7076
158.342675737,98.6724
158.348480726,98.6675
158.354285714,99.0713
158.545850340,98.8017
158.551655329,98.841
158.557460317,98.847
158.563265306,98.9074
158.569070295,98.6824
158.574875283,98.6944
158.580680272,98.7221
158.586485261,98.7256
158.592290249,98.717
158.598095238,98.609
158.603900227,98.6546
158.609705215,98.4993
158.615510204,98.4668
158.621315193,98.4693
158.627120181,98.4847
158.632925170,98.6146
158.638730159,98.5319
158.644535147,98.4981
158.650340136,98.5189
158.656145125,98.5738
158.661950113,98.5533
158.667755102,98.5262
158.673560091,98.5602
158.679365079,98.5114
158.685170068,98.4797
158.690975057,98.4925
158.696780045,98.549
158.702585034,98.5675
158.708390023,98.6101
158.714195011,98.5928
158.720000000,98.6396
158.725804989,98.6041
158.731609977,98.671
158.737414966,98.736
158.743219955,98.7565
158.749024943,98.808
158.754829932,98.9644
158.760634921,98.9886
158.766439909,98.9515
158.772244898,99.1404
158.911564626,151.685
158.917369615,151.058
158.923174603,150.839
158.928979592,150.99
158.934784580,151.804
158.940589569,152.942
158.946394558,153.413
158.952199546,152.891
158.958004535,152.831
158.963809524,152.644
158.969614512,152.475
158.975419501,160.698
158.981224490,161.743
159.166984127,161.024
159.172789116,161.88
159.178594104,162.979
159.184399093,162.72
159.190204082,162.355
159.196009070,162.6
159.201814059,163.024
159.207619048,163.887
159.213424036,163.332
159.219229025,163.703
159.225034014,164.284
159.230839002,164.517
159.236643991,164.121
159.242448980,163.895
159.248253968,163.907
159.254058957,164.089
159.259863946,164.605
159.265668934,164.132
159.271473923,163.353
159.277278912,163.32
159.283083900,163.496
159.288888889,163.209
159.294693878,162.81
159.300498866,162.292
159.306303855,162.553
159.312108844,162.045
159.317913832,161.621
159.323718821,161.4
159.329523810,161.449
159.335328798,161.469
159.341133787,160.929
159.346938776,160.534
159.352743764,159.344
159.358548753,159.389
159.364353741,159.653
159.370158730,159.397
159.375963719,158.42
159.381768707,158.304
159.387573696,158.514
159.393378685,158.217
159.399183673,157.226
159.404988662,157.503
159.410793651,158.637
159.416598639,157.734
159.422403628,158.031
159.428208617,157.791
159.434013605,158.24
159.439818594,158.946
159.445623583,160.188
159.451428571,160.118
159.457233560,159.409
159.463038549,159.329
159.468843537,160.35
159.474648526,161.427
159.480453515,160.974
159.486258503,161.024
159.492063492,161.297
159.497868481,162.099
159.503673469,161.67
159.509478458,160.751
159.515283447,161.535
159.521088435,162.202
159.526893424,162.449
159.532698413,161.433
159.538503401,161.293
159.544308390,161.642
159.550113379,162.734
159.555918367,162.204
159.561723356,161.605
159.567528345,161.133
159.573333333,162.535
159.579138322,162.278
159.584943311,161.583
159.590748299,161.332
159.596553288,162.425
159.602358277,162.951
159.608163265,162.189
159.613968254,161.874
159.619773243,162.168
159.625578231,163.382
159.631383220,162.964
159.637188209,162.717
159.642993197,162.464
159.648798186,163.58
159.654603175,163.828
159.660408163,163.773
159.666213152,163.358
159.672018141,164.087
159.677823129,164.716
159.683628118,164.495
159.689433107,164.155
159.695238095,164.375
159.701043084,165.048
159.706848073,165.414
159.712653061,164.939
159.718458050,164.612
159.724263039,165.379
159.730068027,165.921
159.735873016,165.804
159.741678005,164.712
159.747482993,165.093
159.753287982,165.488
159.759092971,165.391
159.764897959,163.945
159.770702948,163.935
159.776507937,164.609
159.782312925,164.41
159.788117914,163.895
159.793922902,163.853
159.799727891,163.973
159.805532880,164.695
159.811337868,164.085
159.817142857,164.114
159.822947846,164.387
159.828752834,164.697
159.834557823,164.893
159.840362812,164.682
159.846167800,164.93
159.851972789,164.836
159.857777778,165.131
159.863582766,165.002
159.869387755,165.037
159.875192744,165.05
159.880997732,165.243
159.886802721,165.031
159.892607710,164.943
159.898412698,164.827
159.904217687,164.91
159.910022676,164.677
159.915827664,164.512
159.921632653,164.324
159.927437642,164.312
159.933242630,164.211
159.939047619,164.228
159.944852608,164.12
159.950657596,164.064
159.956462585,163.901
159.962267574,163.983
159.968072562,163.736
159.973877551,163.766
159.979682540,163.601
159.985487528,163.752
159.991292517,163.766
159.997097506,163.734
160.002902494,164.014
160.008707483,164.078
160.014512472,164.234
160.020317460,164.045
160.026122449,164.366
160.031927438,164.276
160.037732426,164.54
160.043537415,164.387
160.049342404,164.867
160.055147392,164.854
160.060952381,165.401
160.066757370,165.075
160.072562358,165.706
160.078367347,165.369
160.084172336,165.631
160.089977324,165.223
160.095782313,164.427
160.101587302,164.225
160.107392290,164.075
160.113197279,164.208
160.119002268,163.493
160.124807256,163.747
160.130612245,163.759
160.136417234,164.086
160.142222222,163.693
160.148027211,163.853
160.153832200,163.798
160.159637188,164.438
160.165442177,164.334
160.171247166,164.697
160.177052154,164.634
160.182857143,165.113
160.188662132,165.198
160.194467120,165.374
160.200272109,165.499
160.206077098,165.501
160.211882086,165.863
160.217687075,165.629
160.223492063,165.585
160.229297052,165.453
160.235102041,165.673
160.240907029,165.441
160.246712018,165.464
160.252517007,165.009
160.258321995,165.142
160.264126984,164.728
160.269931973,164.715
160.275736961,164.375
160.281541950,164.237
160.287346939,164.03
160.293151927,163.915
160.298956916,163.977
160.304761905,163.778
160.310566893,163.941
160.316371882,163.798
160.322176871,164.021
160.327981859,164.011
160.333786848,164.114
160.339591837,164.342
160.345396825,164.483
160.351201814,164.647
160.357006803,164.835
160.362811791,164.839
160.368616780,164.892
160.374421769,165.108
160.380226757,165.2
160.386031746,165.244
160.391836735,165.238
160.397641723,165.157
160.403446712,165.239
160.409251701,165.277
160.415056689,165.153
160.420861678,164.993
160.426666667,165.096
160.432471655,164.85
160.438276644,164.881
160.444081633,164.457
160.449886621,164.523
160.455691610,164.406
160.461496599,164.428
160.467301587,164.201
160.473106576,164.168
160.478911565,164.315
160.484716553,164.432
160.490521542,164.623
160.496326531,164.601
160.502131519,164.902
160.507936508,165.03
160.513741497,165.281
160.519546485,165.291
160.525351474,165.658
160.531156463,165.861
160.536961451,166.206
160.542766440,166.333
160.548571429,166.577
160.554376417,166.55
160.560181406,166.581
160.565986395,166.495
160.571791383,166.397
160.577596372,166.342
160.583401361,166.343
160.589206349,166.322
160.595011338,165.887
160.600816327,166.216
160.606621315,165.746
160.612426304,166.169
160.618231293,165.582
160.624036281,165.99
160.629841270,165.401
160.635646259,165.745
160.641451247,165.253
160.647256236,165.398
160.653061224,165.307
160.658866213,165.431
160.664671202,165.454
160.670476190,165.473
160.676281179,165.275
160.682086168,165.448
160.687891156,165.166
160.693696145,165.225
160.699501134,165.15
160.705306122,164.907
160.711111111,164.795
160.716916100,164.457
160.722721088,164.595
160.728526077,164.288
160.734331066,164.174
160.740136054,164.04
160.745941043,163.901
160.751746032,164.214
160.757551020,163.724
160.763356009,164.057
160.769160998,163.861
160.774965986,164.06
160.780770975,163.828
160.786575964,163.989
160.792380952,163.662
160.798185941,164.02
160.803990930,163.954
160.809795918,164.213
160.815600907,163.903
160.821405896,164.068
160.827210884,164.16
160.833015873,164.291
160.838820862,164.138
160.844625850,163.789
160.850430839,163.962
160.856235828,163.959
160.862040816,164.346
160.867845805,164.045
160.873650794,164.147
160.879455782,164.092
160.885260771,164.687
160.891065760,164.354
160.896870748,164.375
160.902675737,164.057
160.908480726,164.47
160.914285714,164.618
160.920090703,164.485
160.925895692,163.897
160.931700680,164.288
160.937505669,164.281
160.943310658,164.576
160.949115646,164.063
160.954920635,163.914
160.960725624,163.958
160.966530612,164.463
160.972335601,163.992
160.978140590,164.044
160.983945578,163.744
160.989750567,164.07
160.995555556,164.12
161.001360544,163.75
161.007165533,163.468
161.012970522,163.435
161.018775510,164.009
161.024580499,163.25
161.030385488,163.028
161.036190476,162.703
161.041995465,162.766
161.047800454,162.984
161.053605442,162.491
161.059410431,162.247
161.065215420,162.427
161.071020408,162.593
161.076825397,162.47
161.082630385,162.262
161.088435374,161.793
161.094240363,162.508
161.100045351,162.112
161.105850340,162.344
161.111655329,162.044
161.117460317,162.64
161.123265306,162.692
161.129070295,162.779
161.134875283,162.702
161.140680272,162.868
161.146485261,163.321
161.152290249,163.3
161.158095238,162.972
161.163900227,162.981
161.169705215,163.233
161.175510204,163.415
161.181315193,163.482
161.187120181,163.127
161.192925170,163.2
161.198730159,163.395
161.204535147,163.613
161.210340136,162.743
161.216145125,162.999
161.221950113,162.623
161.227755102,162.917
161.233560091,162.317
161.239365079,162.13
161.245170068,162.104
161.250975057,162.544
161.256780045,162.039
161.262585034,162.121
161.268390023,161.579
161.274195011,162.376
161.280000000,161.555
161.285804989,161.776
161.291609977,161.144
161.297414966,161.317
161.303219955,161.563
161.309024943,161.225
161.314829932,161.333
161.320634921,161.565
161.326439909,161.587
161.332244898,161.737
161.338049887,161.561
161.343854875,161.717
161.407709751,81.1067
161.413514739,81.0674
161.419319728,81.1447
161.425124717,81.156
161.430929705,81.1574
161.436734694,81.1012
161.442539683,81.101
161.448344671,81.0939
161.454149660,81.0671
161.459954649,81.0102
161.465759637,80.9925
161.471564626,81.031
161.477369615,81.0883
161.483174603,81.0555
161.488979592,81.0111
161.494784580,81.0362
161.500589569,81.0361
161.506394558,80.986
161.512199546,80.9798
161.518004535,80.9787
161.523809524,80.9569
161.529614512,80.9797
161.535419501,80.9715
161.541224490,80.9959
161.547029478,81.0436
161.552834467,81.0369
161.558639456,81.1286
161.564444444,81.1089
161.570249433,81.0843
161.576054422,81.0874
161.581859410,81.0112
161.587664399,81.0333
161.593469388,81.1085
161.599274376,81.0836
161.605079365,81.0798
161.610884354,81.0631
161.616689342,81.0735
161.622494331,81.0218
161.628299320,81.0257
161.634104308,80.9335
161.639909297,80.924
161.645714286,80.9357
161.651519274,80.8604
161.657324263,80.7762
161.663129252,80.79
161.668934240,80.817
161.779229025,64.0007
161.785034014,64.0632
161.790839002,64.0387
161.796643991,64.1013
161.802448980,64.1074
161.808253968,64.1605
161.814058957,64.1752
161.819863946,64.1703
161.825668934,64.0998
161.831473923,64.1886
161.837278912,64.2486
161.843083900,64.2281
161.848888889,64.2994
