0.969433106,99.592,[1] 
0.975238095,99.5679,[1] 
0.981043083,102.243,[1] 
0.986848072,102.225,[1] 
0.992653061,102.158,[1] 
0.998458049,102.055,[1] 
1.004263038,101.709,[1] 
1.010068027,101.529,[1] 
1.015873015,100.516,[1] 
1.021678004,97.4562,[1] 
1.027482993,99.9871,[1] 
1.033287981,101.041,[1] 
1.039092970,102.956,[1] 
1.044897959,103.768,[1] 
1.050702947,104.44,[1] 
1.056507936,105.179,[1] 
1.062312925,105.766,[1] 
1.068117913,106.039,[1] 
1.073922902,106.518,[1] 
1.079727891,105.76,[1] 
1.085532879,106.556,[1] 
1.091337868,107.467,[1] 
1.097142857,108.851,[1] 
1.102947845,110.735,[1] 
1.108752834,110.992,[1] 
1.114557823,112.629,[1] 
1.120362811,114.414,[1] 
1.126167800,116.014,[1] 
1.131972789,118.979,[1] 
1.137777777,121.507,[1] 
1.143582766,123.208,[1] 
1.149387755,125.413,[1] 
1.155192743,126.588,[1] 
1.160997732,127.609,[1] 
1.166802721,128.419,[1] 
1.172607709,129.825,[1] 
1.178412698,131.323,[1] 
1.184217687,134.111,[1] 
1.190022675,137.415,[1] 
1.195827664,140.069,[1] 
1.201632653,142.996,[1] 
1.207437641,146.44,[1] 
1.213242630,151.533,[1] 
1.219047619,154.752,[1] 
1.224852607,158.096,[1] 
1.230657596,160.532,[1] 
1.236462585,163.104
1.242267573,165.802
1.248072562,168.283
1.253877551,170.663
1.259682539,172.674
1.265487528,173.94
1.271292517,174.747
1.277097505,175.266
1.282902494,174.624
1.288707482,174.558
1.294512471,174.887
1.300317460,174.918
1.306122448,175.9
1.311927437,176.101
1.317732426,175.664
1.323537414,175.44
1.329342403,174.699
1.335147392,173.942
1.340952380,173.456
1.346757369,172.723
1.352562358,172.015
1.358367346,171.539
1.364172335,170.586
1.369977324,170.545
1.375782312,170.569
1.381587301,170.453
1.387392290,170.892
1.393197278,170.853
1.399002267,171.315
1.404807256,172.427
1.410612244,173.361
1.416417233,174.416
1.422222222,175.015
1.428027210,175.618
1.433832199,176.094
1.439637188,176.062
1.445442176,175.634
1.451247165,174.764
1.457052154,170.926
1.544126984,192.527
1.549931972,195.408
1.555736961,197.879
1.561541950,199.184
1.567346938,198.978
1.573151927,198.551
1.578956916,198.02
1.584761904,197.603
1.590566893,197.728
1.596371882,198.283
1.602176870,198.938
1.607981859,198.983
1.613786848,199.064
1.619591836,199.089
1.625396825,198.355
1.631201814,197.691
1.637006802,196.769
1.642811791,196.034
1.648616780,195.482
1.654421768,194.835
1.660226757,194.744
1.666031746,194.92
1.671836734,195.011
1.677641723,195.618
1.683446712,196.437
1.689251700,197.992
1.695056689,201.161
1.700861678,203.067
1.706666666,205.002
1.712471655,205.623
1.718276643,205.613
1.724081632,205.801
1.729886621,205.639
1.735691609,205.794
1.741496598,205.92
1.747301587,205.968
1.753106575,205.603
1.758911564,205.18
1.764716553,204.553
1.770521541,204.026
1.776326530,203.347
1.782131519,202.587
1.787936507,201.562
1.793741496,200.633
1.799546485,200.142
1.805351473,199.508
1.811156462,199.055
1.816961451,198.842
1.822766439,198.239
1.828571428,197.945
1.834376417,197.825
1.840181405,197.564
1.845986394,197.156
1.851791383,196.823
1.857596371,196.42
1.863401360,196.411
1.869206349,196.461
1.875011337,196.904
1.880816326,197.111
1.886621315,197.312
1.892426303,197.655
1.898231292,197.545
1.904036281,198.031
1.909841269,198.407
1.915646258,198.614
1.921451247,199.196
1.927256235,199.643
1.933061224,200.013
1.938866213,200.46
1.944671201,200.674
1.950476190,200.86
1.956281179,200.951
1.962086167,200.866
1.967891156,199.999
2.031746031,195.874
2.037551020,196.84
2.043356009,197.485
2.049160997,197.91
2.054965986,198.405
2.060770975,199.105
2.066575963,200.147
2.072380952,201.309
2.078185941,201.75
2.083990929,202.016
2.089795918,201.794
2.095600907,201.683
2.101405895,201.589
2.107210884,201.074
2.113015873,200.573
2.118820861,199.872
2.124625850,199.205
2.130430839,198.851
2.136235827,198.19
2.142040816,197.468
2.147845804,196.431
2.153650793,194.005
2.159455782,191.639
2.165260770,188.349
2.171065759,187.833
2.176870748,187.787
2.182675736,187.888
2.188480725,187.967
2.194285714,187.943
2.200090702,188.792
2.205895691,190.289
2.211700680,192.087
2.217505668,194.37
2.223310657,196.931
2.229115646,199.146
2.234920634,202.56
2.240725623,207.293
2.246530612,211.469
2.252335600,213.122
2.258140589,214.636
2.263945578,215.111
2.269750566,216.805
2.275555555,217.804
2.281360544,218.196
2.287165532,218.663
2.292970521,218.619
2.298775510,218.236
2.304580498,217.749
2.310385487,217.411
2.316190476,217.377
2.321995464,217.638
2.327800453,218.482
2.333605442,220.048
2.339410430,221.718
2.345215419,223.794
2.351020408,226.821
2.356825396,229.937
2.362630385,232.311
2.368435374,234.895
2.374240362,237.06
2.380045351,239.774
2.385850340,241.704
2.391655328,243.91
2.397460317,246.096
2.403265306,246.928
2.409070294,247.806
2.414875283,248.35
2.420680272,248.432
2.426485260,248.722
2.432290249,248.591
2.438095238,248.261
2.443900226,248.197
2.449705215,247.621
2.455510204,247.369
2.461315192,247.006
2.467120181,246.894
2.472925170,246.935
2.478730158,247.302
2.484535147,247.967
2.490340136,248.328
2.496145124,249.072
2.501950113,249.685
2.507755102,249.987
2.513560090,250.025
2.519365079,249.734
2.525170068,249.667
2.530975056,249.599
2.536780045,249.849
2.542585034,249.801
2.548390022,250.062
2.554195011,250.168
2.560000000,250.412
2.565804988,250.694
2.571609977,250.622
2.577414965,250.48
2.583219954,250.308
2.589024943,249.619
2.594829931,249.164
2.600634920,248.426
2.606439909,247.751
2.612244897,247.281
2.618049886,246.691
2.623854875,246.242
2.629659863,245.966
2.635464852,245.75
2.641269841,245.165
2.647074829,244.596
2.652879818,243.558
2.658684807,242.572
2.664489795,242.137
2.670294784,241.941
2.676099773,242.064
2.681904761,242.458
2.687709750,242.802
2.693514739,243.558
2.699319727,244.553
2.705124716,245.484
2.710929705,246.727
2.716734693,247.582
2.722539682,248.191
2.728344671,248.785
2.734149659,248.712
2.739954648,248.311
2.745759637,247.718
2.751564625,246.381
2.757369614,245.3
2.763174603,243.525
2.768979591,241.474
2.838639455,215.227
2.844444444,215.462
2.850249433,215.565
2.856054421,216.563
2.861859410,217.623
2.867664399,219.058
2.873469387,221.649
2.879274376,223.712
2.885079365,225.451
2.890884353,227.224
2.896689342,229.018
2.902494331,230.294
2.908299319,232.223
2.914104308,233.959
2.919909297,235.308
2.925714285,236.422
2.931519274,237.791
2.937324263,238.941
2.943129251,240.143
2.948934240,241.464
2.954739229,242.263
2.960544217,242.806
2.966349206,242.801
2.972154195,242.642
2.977959183,242.483
2.983764172,242.367
2.989569160,242.65
2.995374149,243.097
3.001179138,243.541
3.006984126,244.026
3.012789115,244.13
3.018594104,244.231
3.024399092,244.221
3.030204081,244.366
3.036009070,244.478
3.041814058,244.713
3.047619047,244.97
3.053424036,244.975
3.059229024,245.327
3.065034013,245.447
3.070839002,245.512
3.076643990,245.594
3.082448979,245.448
3.088253968,245.302
3.094058956,245.206
3.099863945,245.191
3.105668934,245.006
3.111473922,244.931
3.117278911,244.685
3.123083900,244.361
3.128888888,244.103
3.134693877,243.7
3.140498866,243.298
3.146303854,242.882
3.152108843,242.782
3.157913832,242.818
3.163718820,243.435
3.169523809,243.752
3.175328798,243.812
3.181133786,244.092
3.186938775,243.848
3.192743764,243.681
3.198548752,243.287
3.204353741,242.607
3.210158730,242.309
3.215963718,241.878
3.221768707,241.596
3.227573696,241.417
3.233378684,240.873
3.239183673,240.198
3.244988662,239.633
3.250793650,239.134
3.256598639,238.617
3.262403628,238.021
3.268208616,237.298
3.274013605,236.262
3.285623582,233.806
3.291428571,232.329
3.297233560,230.803
3.303038548,229.036
3.308843537,226.795
3.314648526,224.308
3.320453514,221.567
3.326258503,219.692
3.332063492,219.378
3.337868480,220.737
3.343673469,218.817
3.349478458,218.438
3.355283446,217.995
3.361088435,217.758
3.366893424,217.751
3.372698412,218.128
3.384308390,221.507
3.390113378,223.185
3.395918367,224.34
3.401723356,225.28
3.407528344,227.02
3.413333333,228.524
3.419138321,230.223
3.424943310,232.3
3.430748299,233.763
3.436553287,234.883
3.442358276,235.762
3.448163265,238.359
3.453968253,239.999
3.459773242,240.832
3.465578231,240.886
3.471383219,240.508
3.477188208,239.873
3.482993197,239.077
3.488798185,238.405
3.494603174,237.792
3.500408163,236.683
3.506213151,235.553
3.512018140,234.132
3.517823129,232.476
3.523628117,231.342
3.529433106,230.189
3.535238095,229.573
3.541043083,228.805
3.546848072,227.393
3.552653061,227.083
3.558458049,226.407
3.564263038,225.626
3.570068027,225.116
3.575873015,224.854
3.581678004,224.484
3.587482993,223.67
3.593287981,223.147
3.599092970,222.51
3.604897959,221.697
3.610702947,221.667
3.616507936,221.588
3.622312925,220.512
3.628117913,219.638
3.633922902,218.814
3.639727891,217.427
3.645532879,214.79
3.651337868,212.795
3.657142857,210.434
3.662947845,207.121
3.668752834,201.56
3.674557823,196.03
3.680362811,192.866
3.686167800,188.569
3.691972789,185.806
3.697777777,184.318
3.703582766,184.129
3.709387755,185.294
3.715192743,186.38
3.720997732,187.268
3.726802721,188.025
3.732607709,189.112
3.738412698,190.038
3.744217687,191.156
3.750022675,192.4
3.755827664,193.175
3.761632653,193.839
3.767437641,194.333
3.773242630,194.787
3.779047619,194.843
3.784852607,195.091
3.790657596,195.064
3.796462585,194.701
3.802267573,194.351
3.808072562,193.828
3.813877551,193.371
3.819682539,192.517
3.825487528,191.963
3.831292517,191.193
3.837097505,190.353
3.842902494,189.566
3.848707482,188.371
3.854512471,187.494
3.860317460,186.759
3.866122448,186.608
3.871927437,186.825
3.877732426,187.226
3.883537414,187.782
3.889342403,188.307
3.895147392,189.061
3.900952380,190.195
3.906757369,191.743
3.912562358,193.169
3.918367346,194.338
3.924172335,195.089
3.929977324,195.958
3.935782312,196.356
3.941587301,196.838
3.947392290,197.36
3.953197278,197.496
3.959002267,197.533
3.964807256,197.134
3.970612244,196.839
3.976417233,196.728
3.982222222,196.766
3.988027210,196.846
3.993832199,196.561
3.999637188,196.355
4.005442176,196.149
4.011247165,195.846
4.017052154,195.659
4.022857142,195.255
4.028662131,194.882
4.034467120,194.207
4.040272108,193.842
4.046077097,193.705
4.051882086,193.269
4.057687074,193.136
4.063492063,193.06
4.069297052,192.836
4.075102040,192.978
4.080907029,192.865
4.086712018,192.417
4.092517006,192.163
4.098321995,191.596
4.104126984,191.323
4.109931972,191.022
4.115736961,191.209
4.121541950,191.797
4.127346938,192.172
4.133151927,192.745
4.138956916,193.056
4.144761904,193.635
4.150566893,194.162
4.156371882,194.627
4.162176870,195.687
4.167981859,197.114
4.173786848,198.788
4.179591836,199.403
4.185396825,200.299
4.191201814,200.481
4.197006802,200.98
4.202811791,201.847
4.208616780,202.236
4.214421768,203.022
4.220226757,203.084
4.226031746,202.752
4.231836734,202.657
4.237641723,201.893
4.243446712,200.374
4.249251700,198.923
4.255056689,197.37
4.260861678,195.809
4.266666666,193.699
4.951655328,141.302
4.957460317,140.937
4.963265306,140.724
4.969070294,140.728
4.974875283,141.863
4.980680272,143.409
4.986485260,145.444
4.992290249,146.592
4.998095238,148.051
5.003900226,149.582
5.009705215,151.185
5.015510204,152.764
5.021315192,154.7
5.027120181,157.104
5.032925170,159.484
5.038730158,161.811
5.044535147,163.862
5.050340136,165.986
5.056145124,168.44
5.061950113,170.821
5.067755102,173.256
5.073560090,175.769
5.079365079,178.177
5.085170068,179.837
5.090975056,181.323
5.096780045,182.584
5.102585034,183.788
5.108390022,184.972
5.114195011,186.814
5.120000000,188.207
5.125804988,189.229
5.131609977,190.231
5.137414965,191.493
5.143219954,192.656
5.149024943,193.73
5.154829931,194.446
5.160634920,194.97
5.166439909,195.909
5.172244897,196.136
5.178049886,196.933
5.183854875,196.992
5.189659863,196.812
5.195464852,197.279
5.201269841,197.214
5.207074829,197.552
5.212879818,198.295
5.218684807,198.177
5.224489795,197.697
5.230294784,198.339
5.236099773,198.091
5.241904761,198.432
5.247709750,198.261
5.253514739,197.777
5.259319727,196.89
5.265124716,196.013
5.270929705,195.286
5.276734693,193.705
5.282539682,193.353
5.288344671,193.352
5.294149659,192.893
5.299954648,193.495
5.305759637,193.987
5.311564625,194.073
5.317369614,194.97
5.323174603,195.064
5.328979591,195.592
5.334784580,196.856
5.340589569,195.085
5.346394557,194.065
5.352199546,191.815
5.358004535,191.717
5.363809523,192.36
5.514739229,191.851
5.520544217,194.054
5.526349206,197.562
5.532154195,198.523
5.537959183,198.803
5.543764172,198.745
5.549569160,197.818
5.555374149,196.361
5.561179138,194.907
5.566984126,193.427
5.572789115,192.061
5.578594104,190.951
5.584399092,190.241
5.590204081,189.541
5.596009070,189.155
5.601814058,188.831
5.607619047,188.321
5.613424036,187.512
5.619229024,186.532
5.625034013,185.758
5.630839002,185.136
5.636643990,184.506
5.642448979,184.448
5.648253968,184.475
5.654058956,184.558
5.659863945,185.59
5.665668934,186.55
5.671473922,187.622
5.677278911,189.299
5.683083900,190.484,[1] 
5.688888888,191.422,[1] 
5.694693877,192.314,[1] 
5.700498866,193.05,[1] 
5.706303854,193.85,[1] 
5.712108843,194.245,[1] 
5.717913832,194.185,[1] 
5.723718820,194.443,[1] 
5.729523809,194.378,[1] 
5.735328798,194.437,[1] 
5.741133786,194.805,[1] 
5.746938775,194.851,[1] 
5.752743764,195.036,[1] 
5.758548752,195.204,[1] 
5.764353741,195.645,[1] 
5.770158730,196.003,[1] 
5.775963718,196.132,[1] 
5.781768707,196.07,[1] 
5.787573696,196.089,[1] 
5.793378684,196.237,[1] 
5.799183673,196.629,[1] 
5.804988662,197.205,[1] 
5.810793650,197.293,[1] 
5.816598639,197.484,[1] 
5.822403628,197.773,[1] 
5.828208616,198.144
5.834013605,198.606
5.839818594,199.269
5.845623582,199.897
5.851428571,200.584
5.857233560,201.306
5.863038548,201.462
5.868843537,201.137
5.874648526,200.449
5.880453514,199.926
5.886258503,199.723
5.892063492,199.699
5.897868480,199.43
5.903673469,198.811
5.909478458,197.901
5.915283446,196.854
5.921088435,196.556
5.926893424,196.344
5.932698412,196.218
5.938503401,196.358
5.944308390,196.334
5.950113378,196.191
5.955918367,195.992
5.961723356,195.575
5.967528344,195.246
5.973333333,195.017
5.979138321,194.681
5.984943310,194.335
5.990748299,193.988
5.996553287,193.627
6.002358276,193.363
6.008163265,193.283
6.013968253,193.292
6.019773242,193.304
6.025578231,193.255
6.031383219,193.279
6.037188208,193.388
6.042993197,193.575
6.048798185,194.002
6.054603174,194.194
6.060408163,194.28
6.066213151,194.428
6.072018140,194.612
6.077823129,195.038
6.083628117,195.51
6.089433106,195.865
6.095238095,195.986
6.101043083,196.115
6.106848072,196.143
6.112653061,196.25
6.118458049,196.53
6.124263038,196.558
6.130068027,196.647
6.135873015,196.51
6.141678004,196.352
6.147482993,196.259
6.153287981,196.065
6.159092970,195.95
6.164897959,195.68
6.170702947,195.447
6.176507936,195.195
6.182312925,194.783
6.188117913,194.505
6.193922902,194.321
6.199727891,194.289
6.205532879,194.546
6.211337868,195.098
6.217142857,195.421
6.222947845,195.596
6.228752834,195.567
6.234557823,195.148
6.240362811,194.9
6.246167800,194.571
6.251972789,194.283
6.257777777,194.273
6.263582766,194.328
6.269387755,194.35
6.275192743,194.355
6.280997732,194.315
6.286802721,194.357
6.292607709,194.801
6.298412698,195.396
6.304217687,196.329
6.310022675,196.973
6.315827664,197.306
6.321632653,197.441
6.327437641,197.452
6.333242630,197.632
6.339047619,197.855
6.344852607,198.218
6.350657596,198.828
6.356462585,199.552
6.362267573,200.311
6.368072562,201.152
6.373877551,201.903
6.379682539,202.251
6.385487528,202.238
6.391292517,202.152
6.397097505,202.063
6.402902494,202.195
6.408707482,202.423
6.414512471,202.47
6.420317460,202.103
6.426122448,201.67
6.431927437,201.189
6.437732426,200.535
6.443537414,198.895
6.449342403,198.387
6.455147392,198.545
6.460952380,199.107
6.466757369,200.407
6.472562358,199.89
6.478367346,199.593
6.484172335,198.066
6.489977324,197.173
6.495782312,198.318
6.501587301,199.565
6.507392290,198.995
6.513197278,198.337
6.519002267,200.858
6.524807256,202.262
6.530612244,203.106
6.536417233,203.011
6.542222222,203.76
6.548027210,204.664
6.553832199,205.705
6.559637188,207.261
6.565442176,209.004
6.571247165,211.009
6.577052154,213.621
6.582857142,218.604
6.588662131,221.977
6.594467120,224.057
6.600272108,225.279
6.606077097,225.687
6.611882086,226.712
6.617687074,227.868
6.623492063,228.938
6.629297052,229.611
6.635102040,229.004
6.640907029,228.222
6.646712018,227.393
6.652517006,226.375
6.658321995,225.645
6.664126984,225.501
6.669931972,226.273
6.675736961,228.31
6.681541950,232.499
6.687346938,238.227
6.693151927,245.376
6.698956916,254.09
6.704761904,261.302
6.710566893,266.732
6.716371882,272.618
6.722176870,275.378
6.727981859,276.406
6.733786848,278.63
6.739591836,277.82
6.745396825,275.827
6.751201814,275.003
6.757006802,272.821
6.762811791,270.377
6.768616780,268.826
6.774421768,267.329
6.780226757,265.243
6.786031746,264.582
6.791836734,263.457
6.797641723,262.56
6.803446712,262.158
6.809251700,261.226
6.815056689,260.435
6.820861678,260.206
6.826666666,259.777
6.832471655,259.108
6.838276643,258.456
6.844081632,256.207
6.849886621,250.883
6.855691609,250.476
6.861496598,249.873
6.960181405,257.539
6.965986394,255.943
6.971791383,260.676
6.977596371,262.778
6.983401360,262.848
6.989206349,262.676
6.995011337,262.584
7.000816326,261.358
7.006621315,260.137
7.012426303,260.097
7.018231292,259.688
7.024036281,259.413
7.029841269,259.004
7.035646258,258.41
7.041451247,257.246
7.047256235,256.4
7.053061224,255.144
7.058866213,254.499
7.064671201,254.036
7.070476190,253.795
7.076281179,253.789
7.082086167,253.887
7.087891156,254.234
7.093696145,254.813
7.099501133,255.558
7.105306122,256.129
7.111111111,257.05
7.116916099,257.492
7.122721088,258.083
7.128526077,258.371
7.134331065,258.363
7.140136054,258.372
7.145941043,258.398
7.151746031,258.267
7.157551020,258.235
7.163356009,258.162
7.169160997,257.864
7.174965986,257.758
7.180770975,257.182
7.186575963,257.136
7.192380952,256.801
7.198185941,256.534
7.203990929,256.344
7.209795918,255.676
7.215600907,255.502
7.221405895,254.995
7.227210884,254.346
7.233015873,253.846
7.238820861,252.959
7.244625850,252.545
7.250430839,252.479
7.256235827,252.697
7.262040816,252.977
7.267845804,253.304
7.273650793,253.708
7.279455782,254.177
7.285260770,254.618
7.291065759,255.223
7.296870748,255.753
7.302675736,256.455
7.308480725,256.827
7.314285714,257.866
7.320090702,258.476
7.325895691,259.892
7.331700680,260.594
7.337505668,261.928
7.343310657,262.814
7.349115646,264.074
7.354920634,265.301
7.360725623,266.345
7.366530612,267.399
7.372335600,267.758
7.378140589,267.935
7.383945578,268.152
7.389750566,267.437
7.453605442,300.141
7.459410430,302.954
7.465215419,304.501
7.471020408,306.756
7.476825396,308.688
7.482630385,309.839
7.488435374,311.274
7.494240362,311.331
7.500045351,311.282
7.505850340,311.091
7.511655328,310.017
7.517460317,308.115
7.523265306,306.378
7.529070294,304.354
7.534875283,302.049
7.540680272,300.48
7.546485260,297.254
7.552290249,296.027
7.558095238,295.991
7.563900226,295.251
7.569705215,296.215
7.575510204,297.447
7.581315192,296.535
7.587120181,296.043
7.592925170,295.242
7.598730158,293.768
7.604535147,293.092
7.610340136,291.4
7.697414965,180.719
7.703219954,181.974
7.709024943,182.765
7.714829931,183.579
7.720634920,185.453
7.726439909,186.806
7.732244897,188.273
7.738049886,190.077
7.743854875,192.326
7.749659863,194.327
7.755464852,194.913
7.761269841,196.336
7.767074829,197.276
7.772879818,197.212
7.778684807,197.445
7.784489795,197.068
7.790294784,196.805
7.796099773,196.057
7.801904761,195.582
7.807709750,194.649
7.813514739,194.01
7.819319727,193.898
7.825124716,194.133
7.830929705,194.441
7.836734693,194.748
7.842539682,195.371
7.848344671,195.24
7.854149659,196.347
7.859954648,197.362
7.865759637,198.259
7.871564625,199.39
7.877369614,200.698
7.883174603,201.731
7.888979591,202.348
7.894784580,202.489
7.900589569,201.858
7.906394557,200.545
7.912199546,198.536
7.918004535,196.334
7.923809523,195.254
7.929614512,194.85
7.935419501,195.035
7.941224489,195.764
7.947029478,196.579
7.952834467,198.271
7.958639455,199.343
7.964444444,200.084
7.970249433,200.472
7.976054421,200.579
7.981859410,200.165
7.987664399,199.141
7.993469387,198.031
7.999274376,197.169
8.086349206,194.605
8.092154195,194.287
8.097959183,194.254
8.103764172,195.779
8.109569160,196.616
8.115374149,196.786
8.121179138,197.601
8.126984126,197.425
8.132789115,196.311
8.138594104,196.91
8.144399092,196.991
8.150204081,196.64
8.156009070,197.882
8.161814058,197.338
8.167619047,197.388
8.173424036,198.247
8.179229024,198.128
8.231473922,203.455
8.237278911,204.239
8.243083900,204.458
8.248888888,204.567
8.254693877,204.367
8.260498866,203.953
8.266303854,203.419
8.272108843,202.772
8.277913832,202.056
8.283718820,200.991
8.289523809,199.963
8.295328798,199.079
8.301133786,198.154
8.306938775,197.919
8.312743764,197.812
8.318548752,198.146
8.324353741,198.697
8.330158730,199.034
8.335963718,198.952
8.341768707,198.51
8.347573696,198.128
8.353378684,197.553
8.359183673,197.115
8.364988662,196.705
8.370793650,196.697
8.376598639,196.57
8.382403628,196.317
8.388208616,196.523
8.394013605,196.505
8.399818594,196.914
8.405623582,197.64
8.411428571,197.896
8.417233560,198.895
8.423038548,199.927
8.428843537,200.905
8.434648526,201.967
8.440453514,202.458
8.446258503,202.564
8.452063492,201.914
8.568163265,200.596
8.573968253,202.062
8.579773242,202.331
8.585578231,202.299
8.591383219,202.879
8.597188208,202.58
8.602993197,202.284
8.608798185,202.237
8.614603174,202.546
8.620408163,204.238
8.626213151,205.123
8.800362811,214.397
8.806167800,215.579
8.811972789,218.639
8.817777777,220.219
8.823582766,220.387
8.829387755,220.399
8.835192743,220.378
8.840997732,218.979
8.846802721,217.439
8.852607709,216.162
8.858412698,215.368
8.864217687,215.104
8.870022675,215.455
8.875827664,216.715
8.881632653,218.575
8.887437641,224.26
8.893242630,227.528
8.899047619,230.14
8.904852607,233.068
8.910657596,235.328
8.916462585,237.301
8.922267573,238.396
8.928072562,240.409
8.933877551,242.364
8.939682539,244.697
8.945487528,247.794
8.951292517,248.821
8.957097505,249.941
8.962902494,249.884
8.968707482,250.175
8.974512471,250.186
8.980317460,249.756
8.986122448,250.538
8.991927437,249.643
8.997732426,248.88
9.003537414,247.628
9.009342403,246.31
9.015147392,244.816
9.020952380,243.487
9.026757369,242.474
9.032562358,241.762
9.038367346,242.933
9.142857142,251.659
9.148662131,252.359
9.154467120,252.979
9.160272108,253.237
9.166077097,253.393
9.171882086,253.113
9.177687074,252.413
9.183492063,251.9
9.189297052,250.885
9.195102040,250.025
9.200907029,249.558
9.206712018,249.373
9.212517006,249.119
9.218321995,248.891
9.224126984,248.179
9.229931972,247.181
9.235736961,246.188
9.241541950,245.075
9.247346938,244.382
9.253151927,243.899
9.258956916,243.785
9.264761904,243.795
9.270566893,244.065
9.276371882,244.461
9.282176870,244.894
9.287981859,245.371
9.293786848,246.025
9.299591836,246.533
9.305396825,247.212
9.311201814,247.798
9.317006802,248.135
9.322811791,248.436
9.328616780,248.585
9.334421768,248.456
9.340226757,247.792
9.346031746,247.037
9.351836734,245.701
9.357641723,243.646
9.363446712,241.961
9.369251700,240.705
9.636281179,0,[1] 
9.642086167,0,[1] 
9.647891156,0,[1] 
9.653696145,213.615,[1] 
9.659501133,213.72,[1] 
9.665306122,214.764,[1] 
9.671111111,215.16,[1] 
9.676916099,215.637,[1] 
9.885895691,208.8
9.891700680,208.753
9.897505668,209.56
9.903310657,212.719
9.909115646,215.273
9.914920634,216.522
9.920725623,216.934
9.926530612,216.888
9.932335600,216.572
9.938140589,216.318
9.943945578,215.941
9.949750566,215.924
9.955555555,216.317
9.961360544,216
9.967165532,216.528
9.972970521,217.066
9.978775510,217.504
9.984580498,218.555
9.990385487,220.396
9.996190476,223.654
10.001995464,226.411
10.007800453,229.65
10.013605442,232.81
10.019410430,235.524
10.025215419,238.924
10.031020408,242.379
10.036825396,245.569
10.042630385,247.335
10.048435374,249.01
10.054240362,249.458
10.060045351,249.873
10.065850340,249.797
10.071655328,249.608
10.077460317,248.861
10.158730158,237.821
10.164535147,236.216
10.170340136,235.154
10.176145124,234.963
10.181950113,234.508
10.187755102,233.846
10.193560090,233.046
10.199365079,231.405
10.205170068,230.27
10.210975056,228.986
10.216780045,226.988
10.222585034,225.534
10.228390022,223.666
10.234195011,222.583
10.240000000,222.204
10.245804988,222.478
10.251609977,222.205
10.257414965,221.97
10.263219954,221.678
10.269024943,220.836
10.274829931,220.831
10.280634920,220.504
10.286439909,220.818
10.292244897,221.053
10.298049886,221.165
10.303854875,221.2
10.309659863,221.274
10.315464852,221.424
10.321269841,221.528
10.327074829,221.837
10.332879818,221.801
10.338684807,222.03
10.344489795,222.191
10.350294784,222.309
10.356099773,222.365
10.361904761,222.448
10.367709750,222.477
10.373514739,222.553
10.379319727,222.409
10.385124716,222.041
10.390929705,221.803
10.396734693,221.245
10.402539682,220.66
10.408344671,220.159
10.414149659,219.412
10.419954648,218.094
10.425759637,216.492
10.431564625,216.447
10.437369614,216.633
10.443174603,215.519
10.448979591,216.003
10.454784580,218.126
10.768253968,129.199
10.774058956,129.199
10.779863945,129.199
10.785668934,129.199
10.791473922,129.199
10.797278911,129.199
10.803083900,129.199
10.808888888,129.199
10.814693877,129.199
10.820498866,129.199
10.826303854,129.199
10.954013605,199.388
10.959818594,199.478
10.965623582,199.621
10.971428571,200.579
10.977233560,200.367
10.983038548,200.4
10.988843537,198.902
10.994648526,197.162
11.000453514,195.187
11.006258503,193.143
11.012063492,191.035
11.017868480,190.277
11.023673469,191.098
11.029478458,192.504
11.035283446,195.306
11.041088435,198.739
11.046893424,201.3
11.052698412,204.183
11.058503401,207.26
11.064308390,212.231
11.070113378,216.451
11.075918367,218.947
11.081723356,222.455
11.087528344,225.309
11.093333333,226.087
11.099138321,227.122
11.104943310,227.207
11.110748299,227.226
11.116553287,226.782
11.122358276,226.411
11.128163265,225.903
11.133968253,225.397
11.139773242,224.995
11.145578231,224.234
11.151383219,223.814
11.157188208,223.233
11.162993197,222.918
11.168798185,222.783
11.174603174,222.664
11.180408163,222.645
11.186213151,222.206
11.192018140,222.068
11.197823129,221.622
11.203628117,221.818
11.209433106,222.276
11.215238095,222.838
11.221043083,223.66
11.226848072,224.156
11.232653061,224.183
11.238458049,224.235
11.244263038,224.099
11.250068027,223.731
11.255873015,223.618
11.261678004,223.13
11.267482993,222.829
11.273287981,222.333
11.279092970,221.248
11.284897959,220.321
11.290702947,220.022
11.296507936,219.625
11.302312925,219.447
11.308117913,219.334
11.313922902,218.74
11.319727891,218.372
11.325532879,217.701
11.331337868,218.237
11.337142857,218.58
11.342947845,219.503
11.348752834,220.989
11.354557823,220.531
11.493877551,249.786
11.499682539,247.918
11.505487528,243.985
11.511292517,243.294
11.517097505,243.574
11.522902494,243.954
11.528707482,244.473
11.534512471,245.094
11.540317460,245.685
11.546122448,246.278
11.551927437,246.852
11.557732426,247.402
11.563537414,247.528
11.569342403,247.711
11.575147392,247.595
11.580952380,247.14
11.586757369,246.967
11.592562358,246.477
11.598367346,245.871
11.604172335,245.896
11.609977324,245.712
11.615782312,245.615
11.621587301,245.654
11.627392290,245.213
11.633197278,244.716
11.639002267,243.848
11.644807256,242.827
11.650612244,239.988
11.656417233,235.645
11.662222222,232.822
11.668027210,235.509
11.673832199,237.485
11.853786848,208.151
11.859591836,213.671
11.865396825,216.655
11.871201814,219.255
11.877006802,220.736
11.882811791,221.95
11.888616780,222.463
11.894421768,223.304
11.900226757,224.961
11.906031746,227.47
11.911836734,229.622
11.917641723,232.425
11.923446712,235.881
11.929251700,237.511
11.935056689,239.477
11.940861678,240.85
11.946666666,241.56
11.952471655,242.183
11.958276643,241.994
11.964081632,241.846
11.969886621,241.187
11.975691609,240.589
11.981496598,240.92
11.987301587,240.543
11.993106575,241.009
11.998911564,241.802
12.004716553,241.152
12.010521541,241.044
12.016326530,240.439
12.022131519,239.462
12.027936507,238.447
12.033741496,237.595
12.039546485,236.586
12.045351473,235.694
12.051156462,234.424
12.056961451,232.834
12.062766439,231.699
12.068571428,230.74
12.074376417,229.57
12.080181405,228.696
12.085986394,227.487
12.091791383,225.896
12.097596371,225.813
12.103401360,225.151
12.109206349,224.853
12.115011337,225.169
12.120816326,225.042
12.126621315,224.989
12.132426303,224.883
12.138231292,224.773
12.144036281,224.995
12.149841269,225.168
12.155646258,225.506
12.161451247,225.5
12.167256235,225.016
12.173061224,225.094
12.178866213,224.558
12.184671201,223.672
12.190476190,223.969
12.196281179,223.199
12.202086167,223.036
12.207891156,223.367
12.213696145,222.992
12.219501133,223.326
12.225306122,223.492
12.231111111,223.468
12.236916099,223.667
12.242721088,224.191
12.248526077,224.257
12.254331065,224.397
12.260136054,224.355
12.265941043,224.299
12.271746031,224.189
12.277551020,224.217
12.283356009,224.256
12.289160997,223.868
12.294965986,224
12.300770975,223.702
12.306575963,223.595
12.312380952,223.802
12.318185941,223.536
12.323990929,223.198
12.329795918,222.604
12.335600907,221.839
12.341405895,221.279
12.347210884,221.209
12.353015873,220.833
12.358820861,221.044
12.364625850,220.987
12.370430839,221.415
12.376235827,222.321
12.382040816,223.225
12.387845804,224.317
12.393650793,225.385
12.399455782,226.839
12.405260770,228.089
12.411065759,229.872
12.416870748,230.881
12.422675736,231.543
12.428480725,232.193
12.434285714,232.357
12.440090702,233.006
12.445895691,232.33
12.451700680,230.344
12.457505668,228.328
12.463310657,226.077
12.469115646,224.234
12.474920634,224.411
12.480725623,223.137
12.486530612,221.167
12.550385487,178.658
12.556190476,179.934
12.561995464,181.178
12.567800453,184.51
12.573605442,187.478
12.579410430,190.929
12.585215419,193.407
12.591020408,194.211
12.596825396,195.917
12.602630385,197.404
12.608435374,198.894
12.614240362,199.761
12.620045351,200.183
12.625850340,200.775
12.631655328,200.68
12.637460317,200.529
12.643265306,200.174
12.649070294,199.296
12.654875283,198.433
12.660680272,197.445
12.666485260,196.216
12.672290249,193.561
12.678095238,191.687
12.683900226,191.203
12.689705215,195.131
12.695510204,198.261
12.701315192,199.596
12.707120181,200.253
12.712925170,200.533
12.718730158,200.658
12.724535147,200.501
12.730340136,199.43
12.736145124,199.288
12.741950113,199.122
12.747755102,198.752
12.753560090,197.833
12.875464852,214.046
12.881269841,215.61
12.887074829,222.646
12.892879818,224.156
12.898684807,224.868
12.904489795,226.034
12.910294784,226.508
12.916099773,226.752
12.921904761,227.094
12.927709750,227.139
12.933514739,227.565
12.939319727,228.132
12.945124716,228.456
12.950929705,228.678
12.956734693,227.884
12.962539682,226.942
12.968344671,226.027
12.974149659,225.216
12.979954648,224.352
12.985759637,223.325
12.991564625,222.852
12.997369614,222.338
13.003174603,222.231
13.008979591,222.6
13.014784580,222.886
13.020589569,223.319
13.026394557,223.643
13.032199546,223.981
13.038004535,224.731
13.043809523,225.259
13.049614512,225.624
13.055419501,225.891
13.061224489,225.934
13.067029478,225.899
13.072834467,225.801
13.078639455,225.533
13.084444444,225.456
13.090249433,225.299
13.096054421,225.059
13.101859410,224.922
13.107664399,224.651
13.113469387,224.471
13.119274376,224.415
13.125079365,224.343
13.130884353,224.616
13.136689342,224.874
13.142494331,225.086
13.148299319,225.695
13.154104308,226.186
13.159909297,226.677
13.165714285,227.098
13.171519274,227.61
13.177324263,228.136
13.183129251,228.543
13.188934240,229.102
13.194739229,229.332
13.200544217,229.285
13.206349206,228.966
13.212154195,228.594
13.217959183,228.016
13.223764172,227.045
13.229569160,226.571
13.235374149,225.687
13.241179138,224.615
13.246984126,223.175
13.252789115,221.916
13.258594104,221.163
13.264399092,219.801
13.270204081,219.446
13.276009070,218.929
13.281814058,218.446
13.287619047,218.409
13.293424036,218.497
13.299229024,218.822
13.305034013,219.261
13.310839002,219.919
13.316643990,220.51
13.322448979,220.952
13.328253968,221.871
13.334058956,222.269
13.339863945,222.784
13.345668934,223.348
13.351473922,224.114
13.357278911,224.798
13.363083900,225.626
13.368888888,226.45
13.374693877,227.027
13.380498866,227.472
13.386303854,227.748
13.392108843,227.883
13.397913832,227.617
13.403718820,227.273
13.409523809,226.852
13.415328798,226.362
13.421133786,225.664
13.426938775,225.006
13.432743764,224.287
13.438548752,223.783
13.444353741,223.323
13.450158730,222.995
13.455963718,223.15
13.461768707,223.739
13.467573696,224.162
13.473378684,224.926
13.479183673,225.369
13.484988662,225.904
13.490793650,226.252
13.496598639,226.321
13.502403628,226.581
13.508208616,226.427
13.514013605,226.328
13.519818594,226.409
13.525623582,226.327
13.531428571,226.486
13.537233560,226.727
13.543038548,226.87
13.548843537,227.435
13.554648526,227.564
13.560453514,227.713
13.566258503,227.691
13.572063492,226.989
13.577868480,226.625
13.583673469,225.611
13.589478458,224.442
13.595283446,223.766
13.601088435,222.526
13.606893424,221.775
13.612698412,221.127
13.618503401,220.531
13.624308390,220.4
13.630113378,220.698
13.635918367,221.634
13.641723356,222.073
13.647528344,222.641
13.653333333,223.238
13.659138321,223.334
13.664943310,223.856
13.670748299,224.143
13.676553287,225.002
13.682358276,226.493
13.688163265,227.335
18.430839002,99.5256
18.436643990,100.224
18.442448979,101.511
18.448253968,102.481
18.454058956,102.961
18.459863945,103.268
18.465668934,103.685
18.471473922,103.904
18.477278911,103.651
18.483083900,103.222
18.488888888,102.762
18.494693877,102.103
18.500498866,101.892
18.506303854,101.74
18.512108843,101.635
18.517913832,101.705
18.523718820,101.672
18.529523809,101.364
18.535328798,101.154
18.541133786,100.833
18.546938775,100.595
18.552743764,100.624
18.558548752,100.411
18.564353741,100.143
18.570158730,99.3952
18.622403628,126.642
18.628208616,127.129
18.634013605,128.197
18.639818594,129.468
18.645623582,130.84
18.651428571,132.045
18.657233560,132.889
18.663038548,133.407
18.668843537,134.789
18.674648526,136.595
18.680453514,139.097
18.686258503,141.265
18.692063492,144.227
18.697868480,146.455
18.703673469,148.572
18.709478458,150.952
18.715283446,153.04
18.721088435,155.276
18.726893424,158.103
18.732698412,160.214
18.738503401,162.201
18.744308390,164.21
18.750113378,165.565
18.755918367,166.704
18.761723356,167.19
18.767528344,166.8
18.773333333,167.463
18.779138321,167.018
18.784943310,166.832
18.790748299,167.803
18.796553287,167.849
18.802358276,168.381
18.808163265,169.515
18.813968253,170.745
18.819773242,172.181
18.825578231,174.497
18.831383219,177.994
18.837188208,180.518
18.842993197,182.707
18.848798185,185.828
18.854603174,188.011
18.860408163,191.54
18.866213151,190.375
18.872018140,189.338
18.906848072,172.813
18.912653061,172.351
18.918458049,172.602
18.924263038,172.275
18.930068027,175.028
18.935873015,178.629
18.941678004,183.828
18.947482993,186.145
18.953287981,187.106
18.959092970,190.243
18.964897959,193.964
18.970702947,195.051
18.976507936,195.787
18.982312925,196.63
18.988117913,198.004
18.993922902,198.954
18.999727891,199.323
19.005532879,199.486
19.011337868,198.42
19.127437641,169.067
19.133242630,168.701
19.139047619,172.172
19.144852607,174.916
19.150657596,178.916
19.156462585,183.56
19.162267573,184.505
19.168072562,185.574
19.173877551,189.259
19.179682539,192.815
19.185487528,193.997
19.191292517,194.979
19.197097505,196.845
19.202902494,197.962
19.208707482,198.581
19.214512471,198.909
19.220317460,199.04
19.226122448,198.555
19.231927437,197.531
19.237732426,195.917
19.243537414,194.287,[1] 
19.249342403,192.34,[1] 
19.255147392,190.24,[1] 
19.260952380,188.781,[1] 
19.266757369,188.12,[1] 
19.272562358,188.177,[1] 
19.278367346,188.724,[1] 
19.284172335,189.335,[1] 
19.289977324,190.216,[1] 
19.295782312,191.489,[1] 
19.301587301,192.97,[1] 
19.307392290,195.045,[1] 
19.313197278,196.571,[1] 
19.319002267,198.818,[1] 
19.324807256,201.307,[1] 
19.330612244,203.836,[1] 
19.336417233,205.201,[1] 
19.342222222,205.525,[1] 
19.348027210,205.215,[1] 
19.353832199,204.153,[1] 
19.359637188,199.36,[1] 
19.365442176,196.055,[1] 
19.371247165,198.83,[1] 
19.377052154,199.872,[1] 
19.382857142,199.823,[1] 
19.388662131,199.298,[1] 
19.394467120,197.594,[1] 
19.400272108,195.839,[1] 
19.406077097,194.213
19.411882086,191.955
19.417687074,191.26
19.423492063,191.412
19.429297052,191.854
19.435102040,192.875
19.440907029,193.811
19.446712018,194.584
19.452517006,195.788
19.458321995,198.248
19.464126984,200.089
19.469931972,202.231
19.475736961,203.541
19.481541950,204.702
19.487346938,206.179
19.493151927,207.517
19.498956916,208.937
19.504761904,210.171
19.510566893,211.312
19.516371882,211.979
19.522176870,212.549
19.527981859,212.862
19.533786848,213.375
19.539591836,213.278
19.545396825,212.95
19.551201814,212.138
19.557006802,210.228
19.562811791,207.197
19.568616780,204.267
19.574421768,200.501
19.580226757,196.488
19.586031746,190.803
19.591836734,186.069
19.597641723,181.133
19.603446712,174.949
19.609251700,169.546
19.615056689,164.712
19.620861678,156.453
19.626666666,152.663
19.632471655,152.822
19.638276643,146.43
19.644081632,147.245
19.649886621,147.54
19.655691609,147.388
19.661496598,152.356
19.667301587,155.372
19.673106575,163.156
19.678911564,171.178
19.684716553,178.941
19.690521541,184.494
19.696326530,189.568
19.702131519,194.177
19.707936507,197.608
19.713741496,200.324
19.719546485,202.925
19.725351473,206.073
19.731156462,208.594
19.736961451,210.542
19.742766439,212.408
19.748571428,215.655
19.754376417,218.195
19.760181405,220.452
19.765986394,222.62
19.771791383,225.574
19.777596371,227.759
19.783401360,229.729
19.789206349,231.522
19.795011337,233.391
19.800816326,235.326
19.806621315,236.406
19.812426303,238.278
19.818231292,240.316
19.824036281,242.655
19.829841269,245.35
19.835646258,246.882
19.841451247,248.216
19.847256235,248.97
19.853061224,249.225
19.858866213,248.952
19.864671201,248.702
19.870476190,248.249
19.876281179,248.22
19.882086167,248.219
19.887891156,248.69
19.893696145,249.294
19.899501133,249.739
19.905306122,250.639
19.911111111,250.5
19.916916099,249.599
19.922721088,249.333
19.928526077,249.265
19.934331065,248.644
19.940136054,246.755
19.945941043,245.53
19.951746031,245.282
19.957551020,245.497
19.963356009,248.962
19.969160997,247.778
19.974965986,248.95
19.980770975,247.819
19.986575963,246.553
19.992380952,246.753
20.102675736,209.65
20.108480725,215.202
20.114285714,217.433
20.120090702,220.314
20.125895691,225.237
20.131700680,228.16
20.137505668,230.289
20.143310657,231.495
20.149115646,232.499
20.154920634,232.704
20.160725623,232.669
20.166530612,231.999
20.172335600,230.825
20.178140589,230.069
20.183945578,228.92
20.189750566,228.039
20.195555555,227.349
20.201360544,226.727
20.207165532,226.563
20.212970521,226.413
20.218775510,226.76
20.224580498,227.905
20.230385487,229.968
20.236190476,232.798
20.241995464,235.177
20.247800453,237.692
20.253605442,241.252
20.259410430,245.949
20.265215419,250.436
20.271020408,252.613
20.276825396,254.522
20.282630385,256.018
20.288435374,257.686
20.294240362,259.193
20.300045351,260.24
20.305850340,260.356
20.311655328,259.901
20.317460317,259.336
20.323265306,258.124
20.329070294,257.192
20.334875283,255.63
20.340680272,254.862
20.346485260,254.172
20.352290249,253.489
20.358095238,253.421
20.363900226,253.268
20.369705215,253.436
20.375510204,253.832
20.381315192,253.819
20.387120181,254.11
20.392925170,254.104
20.398730158,253.947
20.404535147,253.87
20.410340136,253.767
20.416145124,253.696
20.421950113,253.398
20.427755102,253.201
20.433560090,252.66
20.439365079,252.222
20.445170068,251.815
20.450975056,251.431
20.456780045,251.015
20.462585034,250.6
20.468390022,250.03
20.474195011,249.236
20.480000000,248.189
20.485804988,246.926
20.491609977,245.637
20.497414965,243.876
20.503219954,241.74
20.509024943,239.128
20.514829931,235.423
20.567074829,224.997
20.572879818,230.084
20.578684807,235.648
20.584489795,238.746
20.590294784,242.008
20.596099773,245.47
20.601904761,247.637
20.607709750,248.445
20.613514739,249.183
20.619319727,249.139
20.625124716,248.916
20.630929705,248.626
20.636734693,248.222
20.642539682,247.609
20.648344671,246.896
20.654149659,245.865
20.659954648,244.732
20.665759637,243.696
20.671564625,242.781
20.677369614,241.987
20.683174603,241.493
20.688979591,240.986
20.694784580,240.558
20.700589569,240.713
20.706394557,240.881
20.712199546,241.212
20.718004535,241.331
20.723809523,241.193
20.729614512,241.02
20.735419501,240.58
20.741224489,240.013,[1] 
20.747029478,239.535,[1] 
20.752834467,238.141,[1] 
20.758639455,235.311,[1] 
20.764444444,231.871,[1] 
20.770249433,227.858,[1] 
20.776054421,224.734,[1] 
20.781859410,218.199,[1] 
20.787664399,210.753,[1] 
20.793469387,205.154,[1] 
20.799274376,205.385,[1] 
20.805079365,205.675,[1] 
20.810884353,207.402,[1] 
20.816689342,210,[1] 
20.822494331,212.486,[1] 
20.828299319,214.731,[1] 
20.834104308,217.001,[1] 
20.839909297,219.84,[1] 
20.845714285,224.427,[1] 
20.851519274,228.79,[1] 
20.857324263,233.406,[1] 
20.863129251,236.039,[1] 
20.868934240,239.048,[1] 
20.874739229,241.862,[1] 
20.880544217,244.836,[1] 
20.886349206,246.721,[1] 
20.892154195,248.361,[1] 
20.897959183,248.998,[1] 
20.903764172,249.085,[1] 
20.909569160,248.234,[1] 
20.915374149,247.334,[1] 
20.921179138,245.767,[1] 
20.926984126,244.64
20.932789115,243.264
20.938594104,241.901
20.944399092,240.874
20.950204081,239.896
20.956009070,239.275
20.961814058,238.589
20.967619047,237.839
20.973424036,237.049
20.979229024,236.401
20.985034013,235.671
20.990839002,235.112
20.996643990,234.348
21.002448979,233.542
21.008253968,232.726
21.014058956,231.651
21.019863945,230.447
21.025668934,229.49
21.031473922,228.625
21.037278911,227.446
21.043083900,226.464
21.048888888,225.77
21.054693877,224.831
21.060498866,223.556
21.066303854,222.104
21.072108843,220.018
21.077913832,218.073
21.083718820,216.087
21.089523809,214.535
21.095328798,212.741
21.101133786,211.022
21.106938775,206.38
21.112743764,202.643
21.153378684,188.874
21.159183673,189.964
21.164988662,193.919
21.170793650,196.339
21.176598639,198.411
21.182403628,200.019
21.188208616,201.689
21.194013605,202.758
21.199818594,203.463
21.205623582,204.193
21.211428571,204.873
21.217233560,205.2
21.223038548,205.17
21.228843537,205.016
21.234648526,204.726
21.240453514,204.556
21.246258503,204.467
21.252063492,203.978
21.257868480,203.472
21.263673469,202.769
21.269478458,202.001
21.275283446,201.154
21.281088435,200.302
21.286893424,199.5
21.292698412,198.951
21.298503401,198.695
21.304308390,198.566
21.310113378,198.723
21.315918367,199.149
21.321723356,199.369
21.327528344,199.796
21.333333333,200.275
21.339138321,200.524
21.344943310,200.829
21.350748299,200.934
21.356553287,200.923
21.362358276,200.797
21.368163265,200.607
21.373968253,200.429
21.379773242,200.26
21.385578231,200.177
21.391383219,200.348
21.397188208,200.594
21.402993197,200.458
21.408798185,200.005
21.414603174,199.423
21.420408163,198.319
21.426213151,197.238
21.432018140,196.275
21.437823129,195.577
21.443628117,195.003
21.449433106,194.283
21.455238095,193.683
21.461043083,192.826
21.466848072,192.633
21.472653061,192.484
21.478458049,192.853
21.484263038,193.565
21.490068027,194.134
21.495873015,195.108
21.501678004,195.891
21.507482993,196.789
21.513287981,198.006
21.519092970,198.928
21.524897959,200.223
21.530702947,201.307
21.536507936,202.846
21.542312925,205.235
21.548117913,207.326
21.553922902,208.643
21.559727891,209.16
21.565532879,209.263
21.571337868,208.871
21.577142857,208.148
21.582947845,206.141
21.588752834,203.236
21.594557823,199.967
21.600362811,196.424
21.606167800,192.517
21.611972789,187.715
21.617777777,182.056
21.623582766,176.071
21.629387755,169.106
21.635192743,165.837
21.640997732,163.705
21.646802721,163.956
21.652607709,165.977
21.658412698,167.36
21.664217687,170.291
21.670022675,172.506
21.675827664,175.533
21.681632653,177.003
21.687437641,178.289
21.693242630,180.145
21.699047619,181.609
21.704852607,184.755
21.710657596,189.844
21.716462585,194.983
21.722267573,199.97
21.728072562,204.634
21.733877551,207.326
21.739682539,208.627
21.745487528,209.583
21.751292517,208.533
21.757097505,204.673
21.762902494,199.341
21.768707482,194.401
21.774512471,189.033
21.780317460,186.378
21.786122448,183.067
22.151836734,171.124
22.157641723,170.563
22.163446712,172.246
22.169251700,173.359
22.175056689,172.636
22.180861678,171.58
22.413061224,149.108
22.418866213,149.974
22.424671201,151.65
22.430476190,152.122
22.436281179,153.202
22.442086167,154.05
22.447891156,155.829
22.453696145,157.974
22.459501133,160.148
22.465306122,161.957
22.471111111,163.461
22.476916099,164.841
22.482721088,166.069
22.488526077,167.113
22.494331065,168.203
22.500136054,169.714
22.505941043,171.57
22.511746031,174.059
22.517551020,176.479
22.523356009,179.26
22.529160997,181.753
22.534965986,184.166
22.540770975,187.08
22.546575963,188.979
22.552380952,189.836
22.558185941,191.49
22.563990929,192.199
22.569795918,192.874,[1] 
22.575600907,194.064,[1] 
22.581405895,194.171,[1] 
22.587210884,194.648,[1] 
22.593015873,194.929,[1] 
22.598820861,195.479,[1] 
22.604625850,195.938,[1] 
22.610430839,196.298,[1] 
22.616235827,197.033,[1] 
22.622040816,197.045,[1] 
22.627845804,196.783,[1] 
22.633650793,196.421,[1] 
22.639455782,195.847,[1] 
22.645260770,195.343,[1] 
22.651065759,195.218,[1] 
22.656870748,195.306,[1] 
22.662675736,195.428,[1] 
22.668480725,195.648,[1] 
22.674285714,196.05,[1] 
22.680090702,196.782,[1] 
22.685895691,197.687,[1] 
22.691700680,198.311,[1] 
22.697505668,198.072,[1] 
22.703310657,197.61,[1] 
22.709115646,196.297,[1] 
22.714920634,194.742,[1] 
22.720725623,193.095
22.726530612,191.144
22.732335600,189.111
22.738140589,187.638
22.743945578,185.341
22.749750566,184.531
22.755555555,184.284
22.761360544,185.541
22.767165532,187.925
22.772970521,189.98
22.987755102,204.725
22.993560090,205.923
22.999365079,205.922
23.005170068,205.693
23.010975056,205.092
23.016780045,203.567
23.022585034,202.008
23.028390022,200.903
23.034195011,199.926
23.040000000,199.027
23.045804988,198.326
23.051609977,197.924
23.057414965,197.94
23.063219954,198.082
23.069024943,198.434
23.074829931,198.728
23.080634920,198.829
23.086439909,198.675
23.092244897,198.361
23.098049886,198.027
23.103854875,197.948
23.109659863,198.105
23.115464852,198.245
23.121269841,198.476
23.127074829,198.65
23.132879818,198.515
23.138684807,198.406
23.144489795,198.024
23.150294784,197.517
23.156099773,197.032
23.161904761,196.921
23.167709750,197.505
23.173514739,198.263
23.179319727,198.688
23.185124716,198.944
23.190929705,199.052
23.196734693,199.193
23.202539682,199.548
23.208344671,200.096
23.214149659,200.81
23.219954648,201.406
23.225759637,202.013
23.231564625,202.635
23.237369614,202.923
23.248979591,202.552
23.254784580,201.794
23.260589569,201.153
23.266394557,200.274
23.272199546,199.167
23.278004535,197.761
23.283809523,196.217
23.289614512,194.254
23.295419501,191.935
23.301224489,189.609
23.307029478,188.363
23.312834467,187.828
23.318639455,190.581
23.324444444,191.868
23.330249433,192.634
23.336054421,193.543
23.341859410,193.698
23.347664399,194.033
23.353469387,194.144
23.359274376,193.847
23.365079365,193.898
23.370884353,194.078
23.376689342,194.262
23.382494331,194.412
23.388299319,194.348
23.394104308,194.039
23.399909297,193.688
23.405714285,193.366
23.411519274,192.802
23.417324263,192.384
23.423129251,191.885
23.428934240,191.285
23.434739229,190.852,[1] 
23.440544217,190.567,[1] 
23.446349206,190.54,[1] 
23.452154195,191.187,[1] 
23.457959183,191.676,[1] 
23.463764172,192.635,[1] 
23.469569160,193.465,[1] 
23.475374149,194.334,[1] 
23.481179138,194.966,[1] 
23.486984126,195.605,[1] 
23.492789115,196.734,[1] 
23.498594104,197.807,[1] 
23.504399092,198.969,[1] 
23.510204081,199.957,[1] 
23.516009070,201.247,[1] 
23.521814058,203.147,[1] 
23.527619047,204.302,[1] 
23.533424036,205.226,[1] 
23.539229024,205.748,[1] 
23.545034013,205.897,[1] 
23.550839002,205.153,[1] 
23.556643990,203.828
23.562448979,202.364
23.568253968,200.685
23.574058956,198.034
23.579863945,195.611
23.585668934,193.569
23.591473922,191.542
23.597278911,190.283
23.603083900,189.254
23.608888888,188.736
23.614693877,188.564
23.620498866,188.847
23.626303854,189.745
23.632108843,191.004
23.637913832,192.73
23.643718820,195.409
23.649523809,197.861
23.655328798,200.265
23.661133786,202.615
23.666938775,204.927
23.672743764,207.694
23.678548752,209.642
23.852698412,196.043
23.858503401,193.63
23.864308390,194.294
23.870113378,195.711
23.875918367,198.336
23.881723356,200.643
23.887528344,201.8
23.893333333,202.156
23.899138321,201.797
23.904943310,200.77
23.910748299,199.308
23.916553287,198.037
23.922358276,196.965
23.928163265,196.389
23.933968253,195.899
23.939773242,195.043
23.945578231,193.856
23.951383219,193.235
23.957188208,192.749
23.962993197,192.256
23.968798185,192.227
23.974603174,192.089
23.980408163,192.031
23.986213151,192.077
23.992018140,191.172
23.997823129,189.672
24.003628117,186.729
24.102312925,207.152
24.108117913,212.014
24.113922902,214.873
24.119727891,218.582
24.125532879,222.913
24.131337868,225.649
24.137142857,228.053
24.142947845,229.839
24.148752834,230.349
24.154557823,230.652
24.160362811,231.342
24.166167800,231.965
24.171972789,232.974
24.177777777,234.376
24.183582766,236.841
24.189387755,239.499
24.195192743,245.029
24.200997732,250.678
24.206802721,255.585
24.212607709,257.949
24.218412698,260.597
24.224217687,264.965
24.230022675,267.233
24.235827664,269.126
24.241632653,269.948
24.247437641,270.352
24.253242630,271.193
24.259047619,270.494
24.264852607,268.95
24.270657596,264.314
24.276462585,260.163
24.282267573,255.317
24.288072562,254.728
24.293877551,249.494
24.299682539,249.619
24.444807256,250.733
24.450612244,248.901
24.456417233,248.99
24.462222222,243.65
24.468027210,244.158
24.473832199,250.19
24.479637188,250.335
24.485442176,251.769
24.491247165,255.061
24.497052154,258.011
24.502857142,260.671
24.508662131,262.657
24.514467120,264.885
24.520272108,266.105
24.526077097,267.479
24.531882086,268.178
24.537687074,268.799
24.543492063,269.072
24.549297052,269.416
24.555102040,269.685
24.560907029,269.911
24.566712018,269.6
24.572517006,269.048
24.578321995,268.116
24.584126984,267.502
24.589931972,266.894
24.595736961,266.223
24.601541950,265.605
24.607346938,264.877
24.613151927,264.121
24.618956916,263.618
24.624761904,263.031
24.630566893,262.581
24.636371882,262.48
24.642176870,262.349
24.647981859,262.306
24.653786848,262.403
24.659591836,262.343
24.665396825,262.291
24.671201814,262.21
24.677006802,262.148
24.682811791,262.138
24.688616780,262.042
24.694421768,262.071
24.700226757,261.88
24.706031746,261.647
24.711836734,261.383
24.717641723,261.084
24.723446712,261.063
24.729251700,261.119
24.735056689,261.277
24.740861678,261.467
24.746666666,261.521
24.752471655,261.592
24.758276643,261.448
24.764081632,261.402
24.769886621,261.317
24.775691609,261.187
24.781496598,261.211
24.787301587,261.338
24.793106575,261.62
24.798911564,261.994
24.804716553,262.302
24.810521541,262.796
24.816326530,262.952
24.822131519,263.133
24.827936507,263.086
24.833741496,263.005
24.839546485,262.996
24.845351473,263.254
24.851156462,263.643
24.856961451,263.645
24.862766439,263.688
24.868571428,263.617
24.874376417,263.301,[2] 
24.880181405,263.483,[2] 
24.885986394,264.044,[2] 
24.891791383,264.544,[2] 
24.897596371,265.818,[2] 
24.903401360,266.387,[2] 
24.909206349,266.42,[2] 
24.915011337,265.931,[2] 
24.920816326,261.307,[2] 
24.926621315,259.817,[2] 
24.967256235,298.203
24.973061224,299.961
24.978866213,300.922
24.984671201,301.2
24.990476190,301.6
24.996281179,301.266
25.002086167,300.918
25.007891156,300.252
25.013696145,299.432
25.019501133,298.877
25.025306122,298.393
25.031111111,298.565
25.036916099,298.257
25.042721088,298.351
25.048526077,298.593
25.054331065,299.169
25.060136054,300.472
25.065941043,301.317
25.071746031,301.755
25.077551020,301.833
25.083356009,300.928
25.089160997,299.141
25.094965986,296.98
25.100770975,292.883
25.106575963,287.642
25.112380952,282.9
25.118185941,275.142
25.123990929,266.031
25.129795918,252.281
25.135600907,246.668
25.141405895,237.351
25.147210884,223.447
25.193650793,156.255,[1] 
25.199455782,159.115,[1] 
25.205260770,162.727,[1] 
25.211065759,163.545,[1] 
25.216870748,163.419,[1] 
25.222675736,166.869,[1] 
25.228480725,169.889,[1] 
25.234285714,171.537,[1] 
25.240090702,180.767,[1] 
25.245895691,186.215,[1] 
25.251700680,189.105,[1] 
25.257505668,190.089,[1] 
25.263310657,190.783,[1] 
25.269115646,191.491,[1] 
25.274920634,191.848,[1] 
25.280725623,192.525,[1] 
25.286530612,192.621,[1] 
25.292335600,192.698,[1] 
25.298140589,192.836,[1] 
25.303945578,192.527,[1] 
25.309750566,192.339,[1] 
25.315555555,192.224,[1] 
25.321360544,192.221,[1] 
25.327165532,192.581,[1] 
25.332970521,192.873
25.338775510,193.174
25.344580498,193.467
25.350385487,193.849
25.356190476,194.362
25.361995464,195.088
25.367800453,196.174
25.373605442,197.257
25.379410430,198.348
25.385215419,199.282
25.391020408,200.133
25.396825396,200.985
25.402630385,201.61
25.408435374,201.964
25.414240362,202.326
25.420045351,202.037
25.425850340,200.015
25.431655328,197.221
25.437460317,192.995
25.541950113,193.185
25.547755102,194.321
25.553560090,195.051
25.559365079,195.823
25.565170068,196.752
25.570975056,197.798
25.576780045,198.854
25.582585034,199.813
25.588390022,200.605
25.594195011,200.484
25.600000000,200.765
25.605804988,201.09
25.611609977,200.308
25.750929705,203.886
25.756734693,207.323
25.762539682,208.216
25.768344671,208.153
25.774149659,207.609
25.779954648,206.619
25.785759637,205.164
25.791564625,203.147
25.797369614,200.979
25.803174603,199.039
25.808979591,197.319
25.814784580,194.826
25.820589569,192.067
25.826394557,188.843
25.832199546,186.096
25.838004535,182.838
25.843809523,181.368
25.849614512,180.848
25.855419501,180.817
25.861224489,181.546
25.867029478,182.652
25.872834467,183.83
25.878639455,185.581
25.884444444,187.326
25.890249433,189.639
25.896054421,192.267
25.901859410,194.578
25.907664399,197.087
25.913469387,199.462
25.919274376,201.729
25.925079365,204.057
25.930884353,206.112
25.936689342,207.691
25.942494331,208.862
25.948299319,209.383
25.954104308,209.348
25.959909297,208.822
25.965714285,207.95
25.971519274,205.042
25.977324263,201.193
25.983129251,198.828
25.988934240,197.551
25.994739229,197.294
26.000544217,197.38
26.006349206,197.821
26.012154195,198.861
26.017959183,199.585
26.023764172,200.061
26.029569160,199.938
26.035374149,200.516
26.041179138,198.965
26.046984126,198.199
26.052789115,198.351
26.058594104,198.434
26.064399092,198.692
26.070204081,199.272
26.076009070,199.82
26.081814058,200.287
26.087619047,200.674
26.093424036,200.956
26.099229024,201.031
26.105034013,201.128
26.110839002,202.006
26.116643990,203.365
26.122448979,203.497
26.128253968,203.429
26.134058956,203.219
26.139863945,202.79
26.145668934,202.599
26.151473922,202.293
26.157278911,202.193
26.163083900,202.245
26.168888888,202.214
26.174693877,201.827
26.180498866,201.321
26.186303854,200.908
26.192108843,200.25
26.197913832,199.744
26.203718820,199.353
26.209523809,198.876
26.215328798,198.596
26.221133786,198.44
26.226938775,198.542
26.232743764,198.725
26.238548752,199.232
26.244353741,200.092
26.250158730,201.032
26.255963718,202.025
26.261768707,207.558
26.267573696,210.202
26.273378684,212.045
26.279183673,213.417
26.284988662,213.903
26.290793650,214.831
26.296598639,216.915
26.302403628,218.364
26.308208616,219.346
26.314013605,220.06
26.319818594,220.564
26.325623582,220.973
26.331428571,221.357
26.337233560,222.097
26.343038548,223.108
26.348843537,223.832
26.354648526,224.753
26.360453514,225.879
26.366258503,227.226
26.372063492,229.372
26.377868480,232.053
26.383673469,234.792
26.389478458,238.195
26.395283446,240.587
26.401088435,243.291
26.406893424,245.159
26.412698412,247.554
26.418503401,248.934
26.424308390,249.798
26.430113378,250.314
26.435918367,250.562
26.441723356,250.929
26.447528344,251.038
26.453333333,250.97
26.459138321,250.596
26.464943310,249.927
26.470748299,249.264
26.476553287,248.621
26.482358276,248.49,[2] 
26.488163265,248.284,[2] 
26.493968253,248.334,[2] 
26.499773242,248.565,[2] 
26.505578231,248.772,[2] 
26.511383219,249.023,[2] 
26.517188208,249.469,[2] 
26.522993197,249.731,[2] 
26.528798185,250.126,[2] 
26.534603174,250.119,[2] 
26.540408163,250.302,[2] 
26.546213151,250.336,[2] 
26.552018140,250.473,[2] 
26.557823129,250.84,[2] 
26.563628117,250.499,[2] 
26.569433106,250.616,[2] 
26.575238095,251.072,[2] 
26.581043083,251.626,[2] 
26.586848072,251.654,[2] 
26.592653061,251.295,[2] 
26.598458049,250.906,[2] 
26.604263038,250.319,[2] 
26.610068027,249.745,[2] 
26.615873015,249.533,[2] 
26.621678004,249.2,[2] 
26.627482993,249.121,[2] 
26.633287981,249.03,[2] 
26.639092970,249.021
26.644897959,249.173
26.650702947,249.268
26.656507936,249.313
26.662312925,249.47
26.668117913,249.429
26.673922902,249.234
26.679727891,248.941
26.685532879,248.123
26.691337868,247.651
26.697142857,247.186
26.702947845,246.835
26.708752834,246.433
26.714557823,245.853
26.720362811,245.356
26.726167800,245.006
26.731972789,244.892
26.737777777,244.966
26.743582766,245.132
26.749387755,245.223
26.755192743,245.431
26.760997732,245.56
26.766802721,246.029
26.772607709,246.583
26.778412698,247.654
26.784217687,248.584
26.790022675,249.146
26.795827664,249.048
26.801632653,247.688
26.929342403,247.834,[2] 
26.935147392,248.395,[2] 
26.940952380,248.956,[2] 
26.946757369,249.506,[2] 
26.952562358,249.875,[2] 
26.958367346,250.008
26.964172335,250.07
26.969977324,249.913
26.975782312,250.002
26.981587301,250.052
26.987392290,249.969
26.993197278,250.033
26.999002267,249.969
27.004807256,249.879
27.010612244,249.843
27.016417233,249.832
27.022222222,249.613
27.028027210,249.368
27.033832199,249.214
27.039637188,248.84
27.045442176,248.684
27.051247165,248.536
27.057052154,248.831
27.062857142,247.638
27.068662131,248.289
27.074467120,248.149
27.080272108,247.626
27.086077097,247.534
27.091882086,246.705
27.097687074,246.143
27.103492063,245.738
27.109297052,245.52
27.115102040,245.545
27.120907029,245.924
27.126712018,246.239
27.132517006,246.972
27.138321995,247.264
27.144126984,247.696
27.149931972,247.994
27.155736961,247.944
27.161541950,247.882
27.167346938,247.46
27.173151927,246.758
27.178956916,245.971
27.184761904,245.036
27.190566893,244.377
27.196371882,243.61
27.202176870,243.202
27.207981859,242.896
27.213786848,242.696
27.219591836,242.708
27.225396825,242.72
27.231201814,242.898
27.237006802,242.635
27.242811791,243.22
27.248616780,243.93
27.254421768,244.955
27.260226757,245.448
27.266031746,244.766
27.271836734,243.269
27.277641723,241.851
27.283446712,240.296
27.289251700,237.709
27.295056689,235.98
27.300861678,234.289
27.306666666,231.688
27.312471655,229.4
27.318276643,225.809
27.324081632,221.009
27.329886621,218.433
27.335691609,216.063
27.341496598,213.61
27.347301587,211.455
27.353106575,210.861
27.358911564,210.109
27.364716553,210.378
27.370521541,210.884
27.376326530,211.982
27.382131519,214.82
27.387936507,217.274
27.393741496,220.197
27.399546485,224.124
27.405351473,226.721
27.411156462,229.279
27.416961451,232.367
27.422766439,235.385
27.428571428,239.139
27.434376417,241.298
27.440181405,246.023
27.445986394,249.134
27.451791383,251.819
27.457596371,253.612
27.463401360,253.984
27.469206349,254.544
27.475011337,253.973
27.480816326,254.106
27.486621315,254.367
27.492426303,253.525
27.498231292,253.44
27.504036281,253.507
27.509841269,253.13
27.515646258,253.668
27.521451247,253.742
27.527256235,253.509
27.533061224,253.349
27.538866213,253.034
27.544671201,252.925
27.550476190,252.614
27.556281179,252.244
27.562086167,251.822
27.567891156,251.352
27.573696145,250.932
27.579501133,250.517
27.637551020,217.472
27.643356009,217.347
27.649160997,218.233
27.654965986,218.126
27.660770975,219.265
27.666575963,223.285
27.672380952,224.965
27.678185941,226.156
27.683990929,227.124
27.689795918,227.615
27.695600907,227.953
27.701405895,227.436
27.707210884,227.313
27.713015873,227.12
27.718820861,223.999
27.892970521,187.113
27.898775510,187.913
27.904580498,192.608
27.910385487,195.078
27.916190476,195.85
27.921995464,197.028
27.927800453,197.461
27.933605442,197.309
27.939410430,197.07
27.945215419,196.811
27.951020408,196.918
27.956825396,197.187
27.962630385,197.287
27.968435374,196.884
27.974240362,196.143
27.980045351,195.443
27.985850340,195.039
27.991655328,194.53
27.997460317,194.156
28.003265306,193.925
28.009070294,193.573
28.014875283,193.742
28.020680272,193.95
28.026485260,194.316
28.032290249,194.66
28.038095238,195.08
28.043900226,195.586
28.049705215,196.013
28.055510204,196.759
28.061315192,197.233
28.067120181,197.673
28.072925170,197.913
28.078730158,197.771
28.084535147,197.309
28.090340136,196.307
28.096145124,195.022
28.101950113,193.411
28.107755102,192.255
28.113560090,191.697
28.119365079,191.533
28.125170068,191.863
28.130975056,191.691
28.136780045,191.605,[1] 
28.142585034,191.484,[1] 
28.148390022,190.546,[1] 
28.154195011,190.042,[1] 
28.160000000,189.921,[1] 
28.165804988,191.499,[1] 
28.171609977,193.303,[1] 
28.177414965,195.611,[1] 
28.183219954,197.657,[1] 
28.189024943,200.912,[1] 
28.194829931,203.851,[1] 
28.200634920,205.653,[1] 
28.206439909,207.653,[1] 
28.212244897,209.717
28.218049886,210.71
28.223854875,211.521
28.229659863,212.729
28.235464852,213.61
28.241269841,214.416
28.467664399,198.269
28.473469387,199.336
28.479274376,199.888
28.485079365,202.613
28.490884353,204.627
28.496689342,206.596
28.502494331,207.755
28.508299319,208.345
28.514104308,208.782
28.519909297,208.662
28.525714285,208.649
28.531519274,208.443
28.537324263,208.441
28.543129251,208.684
28.548934240,208.833
28.554739229,209.989
28.560544217,210.899
28.566349206,211.846
28.572154195,213.15
28.577959183,214.668
28.583764172,215.664
28.589569160,216.584
28.595374149,217.172
28.601179138,217.184
28.606984126,217.194
28.612789115,217.562
28.618594104,218.152
28.624399092,219.515
28.630204081,220.357
28.636009070,220.838
28.641814058,221.086
28.647619047,221.294
28.653424036,221.789
28.659229024,222.058
28.665034013,222.389
28.670839002,222.506
28.676643990,222.429
28.682448979,222.671
28.688253968,222.68
28.694058956,222.568
28.699863945,222.154
28.705668934,221.527
28.711473922,221.26
28.717278911,220.795
28.723083900,220.204
28.728888888,219.414
28.734693877,218.423
28.740498866,218.673
28.746303854,217.716
28.752108843,217.129
28.757913832,216.821
28.763718820,216.437
28.769523809,216.183
28.775328798,216.097
28.781133786,215.866
28.786938775,215.546
28.792743764,214.864
28.798548752,214.327
28.804353741,214.252
28.810158730,214.013
28.815963718,214.334
28.821768707,214.635
28.827573696,214.653
28.833378684,215.106
28.839183673,215.253
28.844988662,215.449
28.850793650,215.98
28.856598639,216.314
28.862403628,217.484
28.868208616,218.7
28.874013605,219.765
28.879818594,220.716
28.885623582,221.553
28.891428571,221.948
28.897233560,221.95
28.903038548,222.602
28.908843537,223.369
28.914648526,223.968
28.920453514,224.754
28.926258503,225.257
28.932063492,225.165
28.937868480,223.821
28.943673469,220.879
28.949478458,218.985
29.245532879,272.55
29.251337868,272.427
29.257142857,271.151
29.262947845,270.653
29.268752834,270.232
29.274557823,269.245
29.280362811,268.041
29.286167800,266.655
29.291972789,265.194
29.297777777,263.778
29.303582766,262.389
29.309387755,261.305
29.315192743,260.476
29.320997732,259.622
29.326802721,258.418
29.332607709,257.157
29.338412698,255.675
29.344217687,253.718
29.350022675,252.028
29.355827664,251.067
29.361632653,250.402
29.367437641,249.806
29.373242630,249.144
29.379047619,248.443
29.384852607,247.902
29.390657596,248.137
29.396462585,251.837
29.402267573,255.613
29.408072562,256.625
29.413877551,256.524
29.419682539,256.303
29.425487528,257.627
29.518367346,232.22
29.524172335,233.735
29.529977324,234.621
29.535782312,235.153
29.541587301,235.547
29.547392290,235.994
29.553197278,236.652
29.559002267,236.671
29.564807256,236.667
29.570612244,236.756
29.576417233,236.826
29.582222222,236.904
29.588027210,237.161
29.593832199,237.56
29.599637188,237.866
29.605442176,238.069
29.611247165,238.199
29.617052154,238.169
29.622857142,237.779
29.628662131,237.468
29.634467120,237.131
29.640272108,236.719
29.646077097,236.757
29.651882086,236.736
29.657687074,235.99
29.663492063,235.761
29.669297052,235.392
29.675102040,235.122
29.680907029,234.657
29.686712018,233.643
29.692517006,232.438
29.698321995,230.403
29.704126984,228.907
29.709931972,228.02
29.715736961,228.447
29.721541950,228.593
29.727346938,228.383
29.733151927,228.023
29.738956916,227.766
29.744761904,227.557
29.750566893,227.445
29.756371882,227.458
29.762176870,227.29
29.767981859,227.018
29.773786848,226.784
29.779591836,226.285
29.785396825,226.28
29.791201814,226.485
29.797006802,226.489
29.802811791,226.45
29.808616780,226.696
29.814421768,226.886
29.820226757,226.532
29.826031746,226.437
29.831836734,226.665
29.837641723,227.129
29.843446712,227.785
29.849251700,228.497
29.855056689,229.053
29.860861678,229.506
29.866666666,230.171
29.872471655,231.273
29.878276643,231.323
30.058231292,164.285
30.064036281,166.088
30.069841269,167.903
30.075646258,169.374
30.081451247,171.093
30.087256235,172.497
30.093061224,174.048
30.098866213,175.309
30.104671201,177.729
30.110476190,179.353
30.116281179,180.336
30.122086167,181.733
30.127891156,183.368
30.133696145,185.077
30.139501133,187.195
30.145306122,188.986
30.151111111,190.334
30.156916099,191.333
30.162721088,192.556
30.168526077,193.276
30.174331065,194.189
30.180136054,194.906
30.185941043,195.38
30.191746031,195.902
30.197551020,196.647
30.203356009,197.174
30.209160997,198.248
30.214965986,199.643
30.220770975,200.664
30.226575963,200.996
30.232380952,200.958
30.238185941,200.613
30.243990929,200.235
30.249795918,199.149
30.255600907,198.396
30.261405895,195.869
30.325260770,192.179
30.331065759,190.948
30.336870748,190.275
30.342675736,189.522
30.348480725,188.806
30.354285714,188.962
30.360090702,189.412
30.365895691,190.129
30.371700680,190.963
30.377505668,192.288
30.383310657,195.38
30.389115646,197.466
30.394920634,198.977
30.400725623,199.562
30.406530612,199.527
30.412335600,199.094
30.418140589,198.614
30.423945578,197.957
30.429750566,197.298
30.435555555,196.405
30.441360544,195.528
30.447165532,194.848
30.452970521,193.869
30.458775510,193.285
30.464580498,192.828
30.470385487,192.254
30.476190476,191.881
30.481995464,191.497
30.487800453,190.568
30.493605442,190.37
30.499410430,190.539
30.505215419,191.149
30.511020408,192.132
30.516825396,193.092
30.522630385,194.337
30.528435374,195.727
30.534240362,197.142
30.540045351,197.734
30.545850340,198.159
30.551655328,198.236
30.557460317,198.175
30.563265306,198.124
30.569070294,198.036
30.574875283,197.768
30.580680272,197.512
30.586485260,197.313
30.592290249,196.571
30.598095238,195.55
30.603900226,194.58
30.609705215,193.709
30.615510204,192.706
30.621315192,191.989
30.627120181,190.87
30.632925170,190.236
30.638730158,189.868
30.644535147,189.57
30.650340136,189.707
30.656145124,190.009
30.661950113,190.836
30.667755102,191.817
30.673560090,192.816
30.679365079,194.191
30.685170068,195.18
30.690975056,195.885
30.696780045,197.115
30.702585034,198.857
30.708390022,200.145
30.714195011,201.764
30.720000000,203.289
30.725804988,204.371
30.731609977,204.842
30.737414965,204.79
30.743219954,203.949
30.749024943,202.891
30.754829931,200.95
30.760634920,197.584
30.766439909,195.262
30.772244897,191.982
30.778049886,188.806
30.783854875,186.998
