2.339410430,1173.49
2.345215419,1174.38
2.351020408,1202
2.356825396,1178.27
2.362630385,1178.1
2.368435374,1178.25
2.374240362,1178.55
2.380045351,1192.21
2.385850340,1193.38
2.391655328,1194.62
2.397460317,1196.89
2.403265306,1196.64
2.409070294,1195.32
2.414875283,1193.91
2.420680272,1191.57
2.426485260,1188.76
2.432290249,1182.17
2.438095238,1192.57
2.443900226,1188.04
2.449705215,1190.19
2.455510204,1189.43
2.461315192,1187.52
2.467120181,1186.5
2.472925170,1184.34
2.478730158,1185.08
2.484535147,1186.14
2.490340136,1187.94
2.496145124,1185.67
2.501950113,1202.39
2.507755102,1201.63
2.513560090,1187.95
2.519365079,1188.58
2.525170068,1188.66
2.530975056,1187.17
2.536780045,1185.5
2.542585034,1185.94
2.548390022,1186.06
2.554195011,1186.49
3.407528344,1188.68
3.413333333,1190.4
3.419138321,1190.97
3.424943310,1175.6
3.430748299,1173.83
3.436553287,1173.26
3.442358276,1174.29
3.448163265,1175.29
3.453968253,1175.94
3.459773242,1176.49
3.465578231,1177.02
3.471383219,1177.54
3.477188208,1178.06
3.482993197,1178.47
3.488798185,1178.53
3.494603174,1192.75
3.500408163,1194.38
3.506213151,1193.72
3.512018140,1194.49
3.517823129,1193.13
3.523628117,1190.31
3.529433106,1189.43
3.535238095,1190.09
3.541043083,1188.32
3.546848072,1184.79
3.552653061,1187.11
3.558458049,1193.48
3.564263038,1191.24
3.570068027,1194.82
3.575873015,1200.71
3.581678004,1187.86
3.587482993,1187.92
3.593287981,1186.65
3.599092970,1185.8
3.604897959,1187.45
3.610702947,1191.16
3.616507936,1190.96
3.622312925,1189.08
3.628117913,1194.65
3.633922902,1190.07
3.639727891,1187.16
3.645532879,1192.08
3.651337868,1186.5
3.657142857,1183.98
3.662947845,1186.36
3.668752834,1186.56
3.674557823,1188.49
3.680362811,1189.36
3.686167800,1184.87
3.691972789,1184.52
3.697777777,1183.71
3.703582766,1190.29
3.709387755,1192.59
3.715192743,1189.18
3.720997732,1188.69
3.726802721,1190.66
3.732607709,1192.24
3.738412698,1191.8
3.744217687,1191.26
3.750022675,1190.77
3.755827664,1190.88
3.761632653,1190.35
3.767437641,1189.91
3.773242630,1190.5
3.779047619,1192.7
3.784852607,1193.34
3.790657596,1192.14
3.796462585,1192.26
3.802267573,1192.05
3.808072562,1191.52
3.813877551,1189.71
3.819682539,1189.55
3.825487528,1185.61
3.831292517,1185.92
3.837097505,1187.45
3.842902494,1185.49
3.848707482,1187.09
3.854512471,1188.72
3.860317460,1188.83
3.866122448,1187.65
3.871927437,1186.22
3.877732426,1178.61
3.883537414,1184.79
3.889342403,1183.47
3.895147392,1182.29
3.900952380,1182.08
3.906757369,1182.61
3.912562358,1183.8
3.918367346,1183.92
3.924172335,1184.02
3.929977324,1182.61
3.935782312,1183.14
3.941587301,1181.6
3.947392290,1181.51
3.953197278,1182.12
3.959002267,1181.08
3.964807256,1182.71
3.970612244,1184.15
3.976417233,1184.88
3.982222222,1185.74
3.988027210,1185.79
3.993832199,1185.01
3.999637188,1184.24
4.005442176,1182.56
4.011247165,1183.05
4.017052154,1182.77
4.022857142,1182.1
4.028662131,1181.68
4.034467120,1181.75
4.040272108,1181.41
4.046077097,1179.29
4.051882086,1178.64
4.057687074,1179.38
4.063492063,1181.29
4.069297052,1182.35
4.075102040,1183.84
4.080907029,1185.05
4.086712018,1185.64
4.092517006,1185.22
4.098321995,1184.49
4.104126984,1183.72
4.109931972,1183.17
4.115736961,1183.36
4.121541950,1184.16
4.127346938,1183.36
4.133151927,1185.79
4.138956916,1191.29
4.144761904,1189.54
4.150566893,1186.7
4.156371882,1186.05
4.162176870,1185.75
4.167981859,1186.31
4.173786848,1189.6
4.179591836,1187.53
4.185396825,1183.98
4.318911564,1185.01
4.324716553,1185.73
4.330521541,1188.67
4.336326530,1185.93
4.342131519,1176.99
4.347936507,1177.18
4.353741496,1177.7
4.359546485,1176.42
4.365351473,1175.94
4.371156462,1175.7
4.376961451,1175.51
4.382766439,1175.3
4.388571428,1175.16
4.394376417,1175.6
4.400181405,1196.18
4.405986394,1196.42
4.411791383,1196.79
4.417596371,1196.67
4.423401360,1185.28
4.429206349,1189.29
4.435011337,1190.3
4.440816326,1189.93
4.446621315,1191.85
4.452426303,1192.74
4.458231292,1194.67
4.464036281,1195.31
4.469841269,1200.92
4.475646258,1186.17
4.481451247,1203.91
4.487256235,1203.09
4.493061224,1203.37
4.498866213,1185.39
4.969070294,1176.61
4.974875283,1177.88
4.980680272,1178.49
4.986485260,1179.87
4.992290249,1179.8
4.998095238,1180.24
5.003900226,1179.86
5.009705215,1179.29
5.015510204,1180.06
5.021315192,1180.31
5.027120181,1180.88
5.032925170,1181.18
5.038730158,1181.1
5.044535147,1181.32
5.050340136,1181.78
5.056145124,1182.12
5.061950113,1182.44
5.067755102,1181.63
5.073560090,1180.21
5.079365079,1179.85
5.085170068,1179.91
5.090975056,1181.4
5.096780045,1182.47
5.102585034,1182.85
5.108390022,1182.44
5.114195011,1183.87
5.120000000,1183.58
5.125804988,1183.42
5.131609977,1181.91
5.137414965,1178.22
5.143219954,1175.99
5.149024943,1176.5
5.154829931,1177.1
5.160634920,1177.86
5.172244897,1333.26
5.178049886,1333.68
5.183854875,1334.58
5.189659863,1336.1
5.195464852,1337.02
5.201269841,1336.22
5.207074829,1338.08
5.212879818,1336.69
5.218684807,1337.13
5.224489795,1338.39
5.230294784,1338.66
5.236099773,1339.43
5.241904761,1339.04
5.247709750,1338.84
5.253514739,1339.21
5.259319727,1339.99
5.265124716,1340.31
5.270929705,1340.93
5.276734693,1341.11
5.282539682,1341.09
5.288344671,1341.67
5.294149659,1341.36
5.299954648,1341.67
5.305759637,1341.97
5.311564625,1341.58
5.317369614,1341.93
5.323174603,1341.38
5.328979591,1341.25
5.334784580,1342.09
5.340589569,1341.7
5.346394557,1342.01
5.352199546,1341.25
5.358004535,1340.32
5.363809523,1340.33
5.369614512,1339.9
5.375419501,1340.51
5.381224489,1340.3
5.387029478,1339.35
5.392834467,1338.86
5.398639455,1337.99
5.404444444,1337.8
5.410249433,1337.82
5.416054421,1337.76
5.421859410,1337.83
5.427664399,1337.43
5.433469387,1337.34
5.439274376,1336.93
5.445079365,1337.66
5.450884353,1179.37,[2] 
5.456689342,1178.5,[2] 
5.462494331,1178.64,[2] 
5.468299319,1177,[2] 
5.474104308,1178.07,[2] 
5.479909297,1178.43,[2] 
5.485714285,1179.01,[2] 
5.491519274,1180.26,[2] 
5.497324263,1179.92,[2] 
5.503129251,1180.38,[2] 
5.508934240,1179.82,[2] 
5.514739229,1179.43,[2] 
5.520544217,1181.02,[2] 
5.526349206,1180.59,[2] 
5.532154195,1180.46,[2] 
5.537959183,1180.26,[2] 
5.543764172,1177.99,[2] 
5.549569160,1179.11,[2] 
5.555374149,1180.89,[2] 
5.561179138,1183.52,[2] 
5.566984126,1186.6,[2] 
5.572789115,1183.08,[2] 
5.578594104,1183.69,[2] 
5.584399092,1178.25,[2] 
5.590204081,1179.4,[2] 
5.596009070,1189.36,[2] 
5.601814058,1190.26,[2] 
5.607619047,1193.64,[2] 
5.613424036,1208.41,[2] 
5.654058956,1574.77
5.659863945,1574.54
5.665668934,1574.21
5.671473922,1573.97
5.677278911,1573.85
5.683083900,1570.86
5.688888888,1567.44
5.694693877,1565.43
5.700498866,1566.31
5.706303854,1568.34
5.712108843,1568.02
5.717913832,1569.7
5.723718820,1570.7
5.729523809,1571.87
5.735328798,1572.03
5.741133786,1572.5
5.746938775,1573.72
5.752743764,1573.6
5.758548752,1573.96
5.764353741,1573.32
5.770158730,1572.73
5.775963718,1572.31
5.781768707,1571.98
5.787573696,1572.89
5.793378684,1572.61
5.799183673,1572.85
5.804988662,1572.82
5.810793650,1572.72
5.816598639,1572.54
5.822403628,1572.69
5.828208616,1572.9
5.834013605,1573.02
5.839818594,1573.76
5.845623582,1574.15
5.851428571,1574.27
5.857233560,1574.3
5.863038548,1573.58
5.868843537,1573.7
5.874648526,1572.98
5.880453514,1573.47
5.886258503,1573.51
5.892063492,1573.55
5.897868480,1574.43
5.903673469,1574.09
5.909478458,1574.75
5.915283446,1574.7
5.921088435,1574.87
5.926893424,1575.12
5.932698412,1575.62
5.938503401,1576.26
5.944308390,1577.24
5.950113378,1577.8
6.205532879,1772.86
6.211337868,1769.44
6.217142857,1768.89
6.222947845,1770.83
6.228752834,1768.77
6.234557823,1769.85
6.240362811,1768.47
6.246167800,1768.57
6.251972789,1768.39
6.257777777,1769.27
6.263582766,1769.84
6.269387755,1769.83
6.275192743,1769.25
6.280997732,1770.22
6.286802721,1770.08
6.292607709,1769.5
6.298412698,1769.84
6.304217687,1769.44
6.310022675,1769.56
6.315827664,1769.21
6.321632653,1769.15
6.327437641,1768.73
6.333242630,1768.34
6.339047619,1768.28
6.344852607,1768.77
6.350657596,1768.73
6.356462585,1768.94
6.362267573,1768.66
6.368072562,1767.92
6.373877551,1768.45
6.379682539,1767.96
6.385487528,1769.23
6.391292517,1769.85
6.397097505,1769.93
6.402902494,1769.99
6.408707482,1769.76
6.414512471,1769.67
6.420317460,1769.54
6.426122448,1770.47
6.431927437,1770.5
6.437732426,1770.9
6.443537414,1770.58
6.449342403,1770.39
6.455147392,1770.12
6.460952380,1770.12
6.466757369,1770.52
6.472562358,1770.48
6.478367346,1770.75
6.484172335,1770.05
6.489977324,1769.95
6.495782312,1769.49
6.501587301,1769.64
6.507392290,1769.74
6.513197278,1769.92
6.519002267,1769.6
6.524807256,1768.67
6.530612244,1768.6
6.536417233,1769.17
6.542222222,1777.01
6.577052154,1883.51
6.582857142,1883.02
6.588662131,1877.81
6.594467120,1878.07
6.600272108,1882.08
6.606077097,1887.64
6.611882086,1886.16
6.617687074,1878.51
6.623492063,1874.49
6.629297052,1875.29
6.635102040,1877.76
6.640907029,1881.2
6.646712018,1877.02
6.652517006,1874.39
6.658321995,1877.01
6.664126984,1875.86
6.669931972,1876.67
6.675736961,1874.08
6.681541950,1871.51
6.687346938,1876.19
6.693151927,1874.49
6.698956916,1867.29
6.704761904,1858.7
6.745396825,1982.79
6.751201814,1984.08
6.757006802,1985.5
6.762811791,1986.87
6.768616780,1986.81
6.774421768,1986.75
6.780226757,1984.41
6.786031746,1984.28
6.791836734,1983.71
6.797641723,1981.77
6.803446712,1983.18
6.809251700,1979.85
6.815056689,1980.75
6.820861678,1983.09
6.826666666,1984.02
6.832471655,1985.39
6.838276643,1985.38
6.844081632,1985.01
6.849886621,1985.36
6.855691609,1986.27
6.861496598,1986.35
6.867301587,1987.19
6.873106575,1987.53
6.878911564,1986.87
6.884716553,1987.05
6.890521541,1986.38
6.896326530,1985.21
6.902131519,1985.34
6.907936507,1984.11
6.913741496,1984.59
6.919546485,1984.84
6.925351473,1984.1
6.931156462,1985.48
6.936961451,1983.64
6.942766439,1985.13
6.948571428,1985.46
6.954376417,1986.65
6.960181405,1987.41
6.965986394,1987.52
6.971791383,1987.95
6.977596371,1988.22
6.983401360,1988.96
6.989206349,1988.85
6.995011337,1989.36
7.000816326,1989.85
7.006621315,1989.6
7.012426303,1991.23
7.018231292,1991.69
7.024036281,1992.57
7.029841269,1996.24
7.035646258,1997.91
7.041451247,2001.9
7.047256235,2007.15
7.082086167,1573.55
7.087891156,1574.31
7.093696145,1574.85
7.099501133,1574.5
7.105306122,1574.36
7.111111111,1574.05
7.116916099,1573.96
7.122721088,1572.48
7.128526077,1572.12
7.134331065,1572.66
7.140136054,1574.77
7.145941043,1577.16
7.151746031,1577.12
7.157551020,1577.5
7.163356009,1578.13
7.169160997,1577.94
7.174965986,1577.76
7.180770975,1577.53
7.186575963,1577.12
7.192380952,1576.5
7.198185941,1575.7
7.203990929,1575.31
7.209795918,1574.5
7.215600907,1574.4
7.221405895,1573.57
7.227210884,1573.94
7.233015873,1573.63
7.262040816,1331.09
7.267845804,1328.7
7.273650793,1326.05
7.279455782,1322.96
7.285260770,1322.92
7.291065759,1322.75
7.296870748,1323.1
7.302675736,1323.42
7.308480725,1323.1
7.314285714,1323.52
7.320090702,1323.99
7.325895691,1324.52
7.331700680,1324.71
7.337505668,1325.47
7.343310657,1325.45
7.349115646,1325.1
7.354920634,1325.35
7.360725623,1324.42
7.366530612,1324.75
7.372335600,1325.73
7.378140589,1325.89
7.383945578,1327.26
7.389750566,1327.09
7.395555555,1326.99
7.401360544,1326.66
7.407165532,1326.68
7.412970521,1326.7
7.418775510,1326.79
7.424580498,1327.21
7.430385487,1326.85
7.436190476,1326.55
7.441995464,1325.9
7.447800453,1325.32
7.453605442,1323.62
7.459410430,1322.53
7.465215419,1320.21
7.471020408,1318.01
7.476825396,1318.29
7.482630385,1321.38
7.488435374,1322.72
7.494240362,1325.53
7.500045351,1326.1
7.505850340,1326.99
7.511655328,1326.54
7.517460317,1327.05
7.523265306,1326.78
7.529070294,1326.9
7.534875283,1327.71
7.540680272,1328.88
7.546485260,1329.91
7.552290249,1331.26
7.558095238,1332.45
7.563900226,1331.5
7.569705215,1333.13
7.575510204,1330.63
7.581315192,1331.39
7.587120181,1330.48
7.592925170,1329.99
7.598730158,1331.92
7.633560090,1160.3,[3] 
7.639365079,1170.81,[3] 
7.645170068,1173.35,[3] 
7.650975056,1177.75,[3] 
7.656780045,1178.45,[3] 
7.662585034,1178.5,[3] 
7.668390022,1178.34,[3] 
7.674195011,1178.31,[3] 
7.680000000,1179.56,[3] 
7.685804988,1178.47,[3] 
7.691609977,1179.33,[3] 
7.697414965,1181.15,[3] 
7.703219954,1180.27,[3] 
7.709024943,1180.33,[3] 
7.714829931,1180.15,[3] 
7.720634920,1178.91,[3] 
7.726439909,1177.36,[3] 
7.732244897,1178.97,[3] 
7.738049886,1181.14,[3] 
7.743854875,1182.33,[3] 
7.749659863,1182.31,[3] 
7.755464852,1183.93,[3] 
7.761269841,1183.8,[3] 
7.767074829,1183.9,[3] 
7.772879818,1184.76,[3] 
7.807709750,1574.09
7.813514739,1574.47
7.819319727,1574.94
7.825124716,1575.37
7.830929705,1575.73
7.836734693,1575.95
7.842539682,1575.94
7.848344671,1575.84
7.854149659,1576.2
7.859954648,1576.27
7.865759637,1575.6
7.871564625,1575.88
7.877369614,1576.02
7.883174603,1575.78
7.888979591,1575.95
7.894784580,1575.57
7.900589569,1574.78
7.906394557,1579.19
7.912199546,1583.1
7.918004535,1591.07
7.923809523,1579.3
7.929614512,1567.69
7.935419501,1566.74
7.941224489,1572.21
7.947029478,1578.12
7.952834467,1573.34
7.958639455,1567.5
7.964444444,1572.33
7.970249433,1571.78
7.976054421,1562.91
7.981859410,1553.75
7.987664399,1546.22
7.993469387,1541.75
8.010884353,1713.73
8.016689342,1710.56
8.022494331,1715.98
8.028299319,1731.94
8.034104308,1743.57
8.039909297,1741.44
8.045714285,1745.78
8.051519274,1755.76
8.057324263,1741.31
8.063129251,1734.07
8.068934240,1721.42
8.074739229,1715.06
8.080544217,1722.28
8.086349206,1726.62
8.092154195,1725.54
8.097959183,1722.32
8.103764172,1721.4
8.109569160,1720.82
8.115374149,1720.52
8.121179138,1726.54
8.126984126,1734.76
8.132789115,1739.06
8.150204081,1895.22
8.156009070,1904.01
8.161814058,1895.52
8.167619047,1886.44
8.173424036,1882.12
8.179229024,1881.36
8.185034013,1882.99
8.190839002,1886.09
8.196643990,1889.57
8.202448979,1893.65
8.208253968,1897.31
8.214058956,1900.34
8.219863945,1937.99
8.225668934,1900.38
8.231473922,1898.07
8.237278911,1893.32
8.243083900,1893.76
8.248888888,1986.05
8.254693877,1983.7
8.260498866,1982.47
8.266303854,1980.81
8.272108843,1980.04
8.277913832,1980.47
8.283718820,1980.33
8.289523809,1981.41
8.295328798,1983.47
8.301133786,1982.26
8.306938775,1983.32
8.312743764,1981.04
8.318548752,1979.88
8.324353741,1982.04
8.330158730,1984.16
8.376598639,393.832
8.382403628,1575.59,[1] 
8.388208616,1575.28,[1] 
8.394013605,1575.36,[1] 
8.399818594,1574.23,[1] 
8.405623582,1574.53,[1] 
8.411428571,1573.39,[1] 
8.417233560,1570.66,[1] 
8.423038548,1569.62,[1] 
8.428843537,1569.79,[1] 
8.434648526,1574.41,[1] 
8.440453514,1574.03,[1] 
8.446258503,1573.72,[1] 
8.452063492,1574.17,[1] 
8.457868480,1572.67,[1] 
8.463673469,1573.43,[1] 
8.469478458,1573.81,[1] 
8.475283446,1573.58,[1] 
8.481088435,1573.98,[1] 
8.486893424,1573.84,[1] 
8.492698412,1573.03,[1] 
8.498503401,1574.32,[1] 
8.504308390,1573.14,[1] 
8.510113378,1572.73,[1] 
8.515918367,1573.76,[1] 
8.521723356,1573.79,[1] 
8.527528344,1574.11,[1] 
8.533333333,1575.67,[1] 
8.539138321,1573.86,[1] 
8.544943310,1574.76,[1] 
8.550748299,1574.1,[1] 
8.556553287,1573.27,[1] 
8.562358276,1574.26,[1] 
8.568163265,1573.89,[1] 
8.573968253,1763.44
8.579773242,1764.95
8.585578231,1763.53
8.591383219,1763.15
8.597188208,1762.47
8.602993197,1761.53
8.608798185,1760.9
8.614603174,1760.16
8.620408163,1759.59
8.626213151,1759.77
8.632018140,1760.6
8.637823129,1761.45
8.643628117,1762.23
8.649433106,1764.5
8.655238095,1766.58
8.661043083,1764.29
8.666848072,1760.05
8.672653061,1756.43
8.678458049,1756.91
8.684263038,1894.92
8.690068027,1857.67
8.695873015,1850.23
8.701678004,1846.97
8.707482993,1844.87
8.713287981,1846.14
8.719092970,1849.55
8.724897959,1851.5
8.730702947,1861.14
8.736507936,1894.92
8.742312925,1894.92
8.748117913,1894.92
8.753922902,1894.92
8.759727891,1894.92
8.765532879,1894.92
8.771337868,1981.89
8.777142857,1982.42
8.782947845,1982.8
8.788752834,1981.28
8.794557823,1982.63
8.800362811,1982.96
8.806167800,1983.94
8.811972789,1986.23
8.817777777,1985.8
8.823582766,1984.62
8.829387755,1984.51
8.835192743,1984.91
8.840997732,1984.46
8.846802721,1982.81
8.852607709,1981.33
8.858412698,1982.64
8.864217687,1982.65
8.870022675,1982.43
8.875827664,1982.73
8.881632653,1983.03
8.887437641,1982.82
8.893242630,1982.57
8.899047619,1982.75
8.904852607,1982.65
8.910657596,1981.74
8.916462585,1980.84
8.922267573,1981.19
8.928072562,1986.54
8.951292517,1572.01
8.957097505,1569.62
8.962902494,1568.75
8.968707482,1574.21
8.974512471,1574.54
8.980317460,1572.67
8.986122448,1573.74
8.991927437,1573
8.997732426,1574.16
9.003537414,1574.51
9.009342403,1574.85
9.015147392,1575.6
9.020952380,1574.93
9.026757369,1574.02
9.032562358,1573.54
9.038367346,1572.66
9.044172335,1572.28
9.049977324,1572.84
9.055782312,1572.78
9.061587301,1573.09
9.067392290,1573.02
9.073197278,1573.23
9.079002267,1573.05
9.084807256,1573.39,[1] 
9.090612244,1573.46,[1] 
9.096417233,1574.13,[1] 
9.102222222,1574.62,[1] 
9.108027210,1575.3,[1] 
9.113832199,1575.91,[1] 
9.119637188,1575.75,[1] 
9.125442176,1575.81,[1] 
9.131247165,1575.3,[1] 
9.224126984,1163.57
9.229931972,1170.7
9.235736961,1172.21
9.241541950,1175.33
9.247346938,1176.75
9.253151927,1177.79
9.258956916,1179.27
9.264761904,1179.13
9.270566893,1179.95
9.276371882,1179.83
9.282176870,1178.81
9.287981859,1179.08
9.293786848,1179.24
9.299591836,1179.02
9.305396825,1179.09
9.311201814,1178.5
9.317006802,1177.84
9.322811791,1177.81
9.328616780,1176.7
9.334421768,1177.51
9.340226757,1176.47
9.346031746,1175.17
9.351836734,1177.14
9.357641723,1177.32
9.363446712,1180.13
9.369251700,1181.31
9.375056689,1181.92
9.380861678,1182.58
9.386666666,1180.6
9.392471655,1179.81
9.398276643,1178.63
9.404081632,1177.41
9.409886621,1177.79
9.415691609,1179.15
9.421496598,1180.36
9.427301587,1180.66
9.433106575,1180.77
9.438911564,1180.57
9.444716553,1179.7
9.450521541,1179.11
9.456326530,1178.9
9.462131519,1177.96
9.467936507,1177.05
9.473741496,1177.5
46.027755102,1165.08,[2] 
46.033560090,1170.47,[2] 
46.039365079,1174.47,[2] 
46.045170068,1179.86,[2] 
46.050975056,1181.33,[2] 
46.056780045,1180.69,[2] 
46.062585034,1179.74,[2] 
46.068390022,1178.76,[2] 
46.074195011,1180.26,[2] 
46.080000000,1181.57,[2] 
46.085804988,1182.42,[2] 
46.091609977,1185.8,[2] 
46.097414965,1185.08,[2] 
46.103219954,1185.64,[2] 
46.109024943,1185.06,[2] 
46.114829931,1184.18,[2] 
46.120634920,1186.28,[2] 
46.126439909,1188.31,[2] 
46.132244897,1193.76,[2] 
46.138049886,1194.12,[2] 
46.143854875,1195.13,[2] 
46.149659863,1193.6,[2] 
46.155464852,1191.66,[2] 
46.161269841,1194.28,[2] 
46.167074829,1199.13,[2] 
46.172879818,1205.31,[2] 
46.178684807,1208.24,[2] 
46.184489795,1208.29,[2] 
46.190294784,1202.04,[2] 
46.196099773,1198.54,[2] 
46.201904761,1198.71,[2] 
46.207709750,1200.89,[2] 
46.213514739,1202.22,[2] 
46.219319727,1204.21,[2] 
46.225124716,1198.86,[2] 
46.230929705,1194.26,[2] 
46.236734693,1190.07,[2] 
46.242539682,1188.88,[2] 
46.248344671,1190.28,[2] 
46.254149659,1189.84,[2] 
46.259954648,1188.92,[2] 
46.265759637,1184.89,[2] 
46.271564625,1182.67,[2] 
46.277369614,1180.41,[2] 
46.283174603,1180.15,[2] 
46.288979591,1179.62,[2] 
46.294784580,1179.91,[2] 
46.300589569,1179.91,[2] 
46.306394557,1179.71,[2] 
46.312199546,1179.76,[2] 
46.318004535,1179.63,[2] 
46.323809523,1179.41,[2] 
47.130702947,1185.29,[2] 
47.136507936,1179.13,[2] 
47.142312925,1179.61,[2] 
47.148117913,1177.63,[2] 
47.153922902,1178.34,[2] 
47.159727891,1180.13,[2] 
47.165532879,1180.01,[2] 
47.171337868,1179.98,[2] 
47.177142857,1180.01,[2] 
47.182947845,1181.84,[2] 
47.188752834,1183.98,[2] 
47.194557823,1183.15,[2] 
47.200362811,1184.59,[2] 
47.206167800,1183.45,[2] 
47.211972789,1182.81,[2] 
47.217777777,1185.56,[2] 
47.223582766,1185.67,[2] 
47.229387755,1187.9,[2] 
47.235192743,1187.36,[2] 
47.240997732,1187.37,[2] 
47.246802721,1186.05,[2] 
47.252607709,1186.82,[2] 
47.258412698,1189.41,[2] 
47.264217687,1189.73,[2] 
47.270022675,1190.98,[2] 
47.275827664,1190.66,[2] 
47.281632653,1188.69,[2] 
47.287437641,1187.64,[2] 
47.293242630,1189.3,[2] 
47.299047619,1191.42,[2] 
47.304852607,1193.49,[2] 
47.310657596,1195.37,[2] 
47.316462585,1195.07,[2] 
47.322267573,1192.21,[2] 
47.328072562,1191.52,[2] 
47.333877551,1190.37,[2] 
47.339682539,1190.54,[2] 
47.345487528,1190.6,[2] 
47.351292517,1188.2,[2] 
47.357097505,1187.43,[2] 
47.362902494,1183.91,[2] 
47.368707482,1183.15,[2] 
47.374512471,1181.16,[2] 
47.380317460,1180.74,[2] 
47.386122448,1179.79,[2] 
47.391927437,1179.32,[2] 
47.397732426,1179.08,[2] 
47.403537414,1179.02,[2] 
47.409342403,1179.23,[2] 
47.415147392,1178.95,[2] 
47.420952380,1179.24,[2] 
48.007256235,1166.66
48.013061224,1165.48
48.018866213,1165.7
48.024671201,1167.47
48.030476190,1170.09
48.036281179,1173.6
48.042086167,1176.37
48.047891156,1177.95
48.053696145,1178.93
48.059501133,1179.49
48.065306122,1180.82
48.071111111,1182.4
48.076916099,1184
48.082721088,1183.06
48.088526077,1181.86
48.094331065,1182.25
48.100136054,1183.11
48.105941043,1184.22
48.111746031,1184.25
48.117551020,1184.25
48.123356009,1184.72
48.129160997,1185.09
48.134965986,1183.93
48.140770975,1182.43
48.146575963,1182.83
48.152380952,1184.74
48.158185941,1184.57
48.163990929,1183.51
48.169795918,1183.47
48.599365079,1175.2
48.605170068,1176.91
48.610975056,1177.42
48.616780045,1178.8
48.622585034,1179
48.628390022,1179.72
48.634195011,1179.56
48.640000000,1178.6
48.645804988,1179.31
48.651609977,1179.45
48.657414965,1179.32
48.663219954,1180.43
48.669024943,1180.07
48.674829931,1180.2
48.680634920,1180.89
48.686439909,1181.5
48.692244897,1182.39
48.698049886,1182.35
48.703854875,1182.12
48.709659863,1181.59
48.715464852,1180.98
48.721269841,1180.34
48.727074829,1180.62
48.732879818,1180.69
48.738684807,1183.41
48.744489795,1180.31
48.750294784,1159.06
48.756099773,1157.7
48.761904761,1155.79
48.767709750,1154.99
48.773514739,1156.77
48.779319727,1160.24
48.785124716,1165.18
48.790929705,1316.4
48.796734693,1321.51
48.802539682,1326.09
48.808344671,1332.18
48.814149659,1327.18
48.819954648,1325.7
48.825759637,1326.76
48.831564625,1329.6
48.837369614,1328.58
48.843174603,1329.58
48.848979591,1330.78
48.854784580,1331.3
48.860589569,1338.88
48.866394557,1339.26
48.872199546,1340.35
48.878004535,1341.05
48.883809523,1342.35
48.889614512,1342.85
48.895419501,1342.59
48.901224489,1343.09
48.907029478,1342.86
48.912834467,1343.18
48.918639455,1343.69
48.924444444,1343.86
48.930249433,1344.3
48.936054421,1344.43
48.941859410,1344.66
48.947664399,1344.88
48.953469387,1344.45
48.959274376,1343.87
48.965079365,1343.73
48.970884353,1343.51
48.976689342,1344.01
48.982494331,1344.4
48.988299319,1343.75
48.994104308,1342.98
48.999909297,1341.79
49.005714285,1341.57
49.011519274,1341.58
49.017324263,1341.36
49.023129251,1342.07
49.028934240,1341.34
49.034739229,1341.22
49.040544217,1341.03
49.046349206,1340.36
49.052154195,1340.82
49.057959183,1340.53
49.063764172,1340.76
49.069569160,1341.14
49.075374149,1340.44
49.081179138,1340.52
49.086984126,1339.88
49.092789115,1339.09
49.098594104,1339.49
49.104399092,1339.14
49.110204081,1336.07
49.116009070,1335.94
49.121814058,1336.3
49.127619047,1340.92
49.145034013,1119.73
49.150839002,1146.09
49.156643990,1151.89
49.162448979,1155.07
49.168253968,1156.71
49.174058956,1157.39
49.179863945,1158.76
49.185668934,1159.72
49.191473922,1163.12
49.197278911,1166.63
49.203083900,1163.44
49.208888888,1162.86
49.214693877,1160.74
49.220498866,1159.77
49.226303854,1157.59
49.232108843,1156.42
49.237913832,1155.04
49.243718820,1146.23
49.290158730,1559.02
49.295963718,1566.47
49.301768707,1576.91
49.307573696,1574.51
49.313378684,1574.66
49.319183673,1575.2
49.324988662,1572.87
49.330793650,1574.04
49.336598639,1574.06
49.342403628,1574.13
49.348208616,1573.33
49.354013605,1574.22
49.359818594,1573.74
49.365623582,1571.76
49.371428571,1570.22
49.377233560,1568.78
49.383038548,1570
49.388843537,1570.35
49.394648526,1571.04
49.400453514,1573.58
49.406258503,1573.23
49.412063492,1574.4
49.417868480,1574.25
49.423673469,1574.39
49.429478458,1574.51
49.435283446,1573.74
49.441088435,1573.51
49.446893424,1573.09
49.452698412,1573.03
49.458503401,1572.97
49.464308390,1573.11
49.470113378,1572.71
49.475918367,1572.98
49.481723356,1572.43
49.487528344,1572.65
49.493333333,1572.72
49.499138321,1572.44
49.504943310,1572.46
49.510748299,1572.31
49.516553287,1572.84
49.522358276,1572.85
49.528163265,1573.61
49.533968253,1573.39
49.539773242,1573.22
49.545578231,1572.96
49.551383219,1572.37
49.557188208,1572.53
49.562993197,1572.33
49.568798185,1572.97
49.574603174,1573.46
49.580408163,1573.7
49.586213151,1574.77
49.592018140,1574.08
49.597823129,1575.2
49.603628117,1574.83
49.609433106,1575.22
49.864852607,1777.66
49.870657596,1775.84
49.876462585,1773.66
49.882267573,1770.08
49.888072562,1769.23
49.893877551,1770.69
49.899682539,1768.62
49.905487528,1770
49.911292517,1769.46
49.917097505,1769.41
49.922902494,1769.17
49.928707482,1769.31
49.934512471,1769.29
49.940317460,1769.16
49.946122448,1769
49.951927437,1769.44
49.957732426,1769.58
49.963537414,1768.59
49.969342403,1768.74
49.975147392,1768.06
49.980952380,1768.8
49.986757369,1768.63
49.992562358,1769.39
49.998367346,1769.37
50.004172335,1768.5
50.009977324,1768.79
50.015782312,1768.73
50.021587301,1768.36
50.027392290,1768.95
50.033197278,1768.83
50.039002267,1768.66
50.044807256,1769.19
50.050612244,1768.63
50.056417233,1769.03
50.062222222,1769.12
50.068027210,1769.22
50.073832199,1769.67
50.079637188,1769.79
50.085442176,1769.89
50.091247165,1769.66
50.097052154,1769.93
50.102857142,1769.65
50.108662131,1770.16
50.114467120,1770.1
50.120272108,1770.35
50.126077097,1770.15
50.131882086,1769.95
50.137687074,1769.9
50.143492063,1769.48
50.149297052,1769.99
50.155102040,1769.71
50.160907029,1770.41
50.166712018,1769.8
50.172517006,1769.72
50.178321995,1769.27
50.184126984,1768.33
50.189931972,1773.51
50.195736961,1782.76
50.201541950,1868.57
50.207346938,1869.15
50.213151927,1873.32
50.218956916,1874.02
50.224761904,1866.11
50.230566893,1868.2
50.236371882,1864.42
50.242176870,1853.12
50.247981859,1857.45
50.253786848,1854.45
50.259591836,1854.92
50.265396825,1861.96
50.271201814,1857.86
50.277006802,1854.11
50.282811791,1856.7
50.288616780,1860.46
50.294421768,1863.04
50.300226757,1863.56
50.306031746,1861.67
50.311836734,1868.51
50.317641723,1866.1
50.323446712,1865.28
50.329251700,1866.57
50.335056689,1855.94
50.340861678,1862.24
50.346666666,1858.92
50.352471655,1852.81
50.358276643,1859.58
50.369886621,1977.47
50.375691609,1980.72
50.381496598,1981.06
50.387301587,1982.54
50.393106575,1983.43
50.398911564,1984.98
50.404716553,1987.31
50.410521541,1987.14
50.416326530,1987.79
50.422131519,1985.67
50.427936507,1983.53
50.433741496,1982.63
50.439546485,1979.86
50.445351473,1979.89
50.451156462,1979.81
50.456961451,1980.92
50.462766439,1982.18
50.468571428,1983.2
50.474376417,1984.26
50.480181405,1984.58
50.485986394,1984.58
50.491791383,1984.86
50.497596371,1985.34
50.503401360,1984.76
50.509206349,1985.66
50.515011337,1986.17
50.520816326,1985.68
50.526621315,1987.47
50.532426303,1986.46
50.538231292,1986.22
50.544036281,1986.96
50.549841269,1985.1
50.555646258,1986.2
50.561451247,1985.42
50.567256235,1984.64
50.573061224,1986.58
50.578866213,1983.99
50.584671201,1984.93
50.590476190,1985.8
50.596281179,1987.37
50.602086167,1988.55
50.607891156,1988.88
50.613696145,1988.29
50.619501133,1988.67
50.625306122,1989.49
50.631111111,1988.56
50.636916099,1990
50.642721088,1990
50.648526077,1989.27
50.654331065,1991.62
50.660136054,1990.7
50.764625850,1575.13
50.770430839,1576.49
50.776235827,1574.73
50.782040816,1573.51
50.787845804,1573.4
50.793650793,1575.79
50.799455782,1580.38
50.805260770,1581.1
50.811065759,1580.43
50.816870748,1579.02
50.822675736,1577.1
50.828480725,1576.19
50.834285714,1574.39
50.840090702,1574.35
50.845895691,1574.45
50.851700680,1574.12
50.857505668,1573.67
50.863310657,1573.18
50.869115646,1573.04
50.874920634,1572.2
50.880725623,1572.95
50.932970521,1322.48
50.938775510,1322.71
50.944580498,1323.07
50.950385487,1323.25
50.956190476,1322.72
50.961995464,1324.6
50.967800453,1324.67
50.973605442,1326.26
50.979410430,1325.18
50.985215419,1326.3
50.991020408,1325.32
50.996825396,1325.47
51.002630385,1325.09
51.008435374,1324.49
51.014240362,1325.67
51.020045351,1325.4
51.025850340,1326.98
51.031655328,1326.95
51.037460317,1327.11
51.043265306,1326.54
51.049070294,1326.59
51.054875283,1326.48
51.060680272,1326.54
51.066485260,1326.91
51.072290249,1326.44
51.078095238,1325.58
51.083900226,1325.16
51.089705215,1324.15
51.095510204,1323.78
51.101315192,1322.89
51.107120181,1321.77
51.112925170,1319.52
51.118730158,1318.06
51.124535147,1319.84
51.130340136,1320.56
51.136145124,1325.17
51.141950113,1324.75
51.147755102,1327.3
51.153560090,1326.51
51.159365079,1327.86
51.165170068,1327.94
51.170975056,1329.37
51.176780045,1328.96
51.182585034,1329.54
51.188390022,1330.99
51.194195011,1330.68
51.200000000,1333.04
51.205804988,1332.44
51.211609977,1333.54
51.217414965,1330.59
51.223219954,1332.08
51.229024943,1328.1
51.234829931,1327.39
51.240634920,1327.95
51.246439909,1327.3
51.252244897,1305.44
51.258049886,1181.85
51.263854875,1184.56
51.269659863,1162.42
51.275464852,1168.71
51.281269841,1173.71
51.287074829,1173.44
51.292879818,1176.4
51.298684807,1177.94
51.304489795,1178.17
51.310294784,1179.75
51.316099773,1180.05
51.321904761,1180.59
51.327709750,1180.48
51.333514739,1179.82
51.339319727,1180.08
51.345124716,1179.88
51.350929705,1180.49
51.356734693,1180.79
51.362539682,1180.74
51.368344671,1181.14
51.374149659,1181.38
51.379954648,1182.06
51.385759637,1182.47
51.391564625,1182.82
51.397369614,1181.97
51.403174603,1181.78
51.408979591,1182.07
51.414784580,1181.71
51.420589569,1182.43
51.426394557,1181.57
51.432199546,1180.89
51.438004535,1180.84
51.443809523,1180.07
51.519274376,1579.92
51.525079365,1579.1
51.530884353,1578.5
51.536689342,1577.4
51.542494331,1576.71
51.548299319,1577.89
51.554104308,1583.02
51.559909297,1580.87
51.565714285,1579.06
51.571519274,1577.15
51.577324263,1576.54
51.583129251,1575.96
51.588934240,1573.65
51.594739229,1574.28
51.600544217,1573.55
51.606349206,1569.16
51.612154195,1564.09
51.617959183,1567.43
51.623764172,1571.02
51.629569160,1574.43
51.635374149,1577.02
51.641179138,1579.78
51.646984126,1581.98
51.652789115,1582.54
51.658594104,1582.12
51.664399092,1580.83
51.670204081,1580.76
51.676009070,1582.78
51.681814058,1585.94
51.699229024,1767.56
51.705034013,1767.56
51.710839002,1764.71
51.716643990,1765.12
51.722448979,1768.33
51.728253968,1768.6
51.734058956,1764.39
51.739863945,1762.49
51.745668934,1760.81
51.751473922,1760.67
51.757278911,1761.56
51.763083900,1762.19
51.768888888,1761.77
51.774693877,1761.31
51.780498866,1761.32
51.786303854,1761.7
51.792108843,1762.61
51.797913832,1874.59
51.803718820,1877.64
51.809523809,1889.9
51.815328798,1892.84
51.821133786,1894.68
51.826938775,1894.98
51.832743764,1895.73
51.838548752,1898.2
51.844353741,1908.71
51.850158730,1937.99
51.855963718,1937.99
51.861768707,1937.99
51.867573696,1937.99
51.873378684,1937.99
51.879183673,1937.99
51.884988662,1937.99
51.890793650,1904.6
51.896598639,1890.66
51.902403628,1981.97
51.908208616,1982.37
51.914013605,1982.53
51.919818594,1982.53
51.925623582,1980.79
51.931428571,1981.29
51.937233560,1981.61
51.943038548,1981.41
51.948843537,1977.74
51.954648526,1980.7
51.960453514,1980.7
51.966258503,1980.58
51.972063492,1980.86
51.977868480,1981.32
52.018503401,1574.37
52.024308390,1575.07
52.030113378,1575.11
52.035918367,1575.16
52.041723356,1574.82
52.047528344,1571.87
52.053333333,1568.38
52.059138321,1567
52.064943310,1567.51
52.070748299,1571.12
52.076553287,1569.05
52.082358276,1569.28
52.088163265,1571.42
52.093968253,1572.14
52.099773242,1573.64
52.105578231,1573.44
52.111383219,1573.26
52.117188208,1573.64
52.122993197,1573.17
52.128798185,1573.2
52.134603174,1573.02
52.140408163,1571.72
52.146213151,1570.77
52.152018140,1570.87
52.157823129,1575.88
52.163628117,1574.58
52.169433106,1576.37
52.175238095,1577.99
52.181043083,1765.43
52.186848072,1770.74
52.192653061,1774.56
52.198458049,1775.25
52.204263038,1779.48
52.210068027,1778.84
52.215873015,1780.92
52.221678004,1780.68
52.227482993,1782.66
52.233287981,1783.97
52.239092970,1783.39
52.244897959,1791.98
52.250702947,1790.39
52.256507936,1792.5
52.262312925,1791.43
52.268117913,1784.19
52.273922902,1788.52
52.279727891,1787.45
52.285532879,1862.18
52.291337868,1865.14
52.297142857,1871.79
52.302947845,1882.76
52.308752834,1886.16
52.314557823,1881.1
52.320362811,1878.95
52.326167800,1883.18
52.331972789,1895.3
52.337777777,1888.53
52.343582766,1893.3
52.349387755,1913.5
52.355192743,1981.05
52.360997732,1981.05
52.366802721,1981.05
52.372607709,1981.05
52.378412698,1981.05
52.384217687,1978.99
52.390022675,1982.73
52.395827664,1986.95
52.401632653,1988.63
52.407437641,1988.65
52.413242630,1987.72
52.419047619,1985.5
52.424852607,1983.69
52.430657596,1986.87
52.436462585,1993.05
52.442267573,1993.37
52.448072562,1995.35
52.453877551,1991.37
52.459682539,1991.4
52.465487528,1991.73
52.471292517,1991.52
52.477097505,1992.79
52.482902494,1991.66
52.488707482,1991.3
52.494512471,1991.37
52.500317460,1990.87
52.506122448,1993.53
52.511927437,1994.07
52.517732426,1985.9
52.587392290,1573.04
52.593197278,1570.84
52.599002267,1568.85
52.604807256,1570.1
52.610612244,1571.17
52.616417233,1570.6
52.622222222,1569.44
52.628027210,1570.59
52.633832199,1571.41
52.639637188,1572.81
52.645442176,1572.98
52.651247165,1573.51
52.657052154,1574.65
52.662857142,1574
52.668662131,1573.91
52.674467120,1572.8
52.680272108,1572.33
52.686077097,1572.39
52.691882086,1572.4
52.697687074,1572.93
52.703492063,1572.75
52.709297052,1573.09
52.715102040,1573.53
52.720907029,1573.31
52.726712018,1573.94
52.732517006,1573.9
52.738321995,1574.31
52.744126984,1574.87
52.749931972,1575.16
52.755736961,1575.59
52.761541950,1575.19
52.767346938,1574.95
52.773151927,1574.53
52.778956916,1574.08
52.784761904,1574.45
52.790566893,1574.47
52.796371882,1574.68
52.802176870,1575.03
52.807981859,1574.78
52.813786848,1575.22
52.819591836,1575.04
52.825396825,1575.62
52.831201814,1575.56
52.837006802,1573.95
52.842811791,1532.57
52.871836734,1176.95
52.877641723,1177.44
52.883446712,1179.24
52.889251700,1179.2
52.895056689,1179.98
52.900861678,1179.54
52.906666666,1178.59
52.912471655,1179.39
52.918276643,1180.04
52.924081632,1180.2
52.929886621,1180.37
52.935691609,1180.09
52.941496598,1179.68
52.947301587,1180.22
52.953106575,1180.46
52.958911564,1182.45
52.964716553,1181.11
52.970521541,1178.97
52.976326530,1178.74
52.982131519,1175.19
52.987936507,1175.31
52.993741496,1177.19
52.999546485,1178.81
53.005351473,1180.33
53.011156462,1180.54
53.016961451,1180.67
53.022766439,1180.39
53.028571428,1179.47
53.034376417,1178.53
